-- phpMyAdmin SQL Dump
-- version 3.2.3
-- http://www.phpmyadmin.net
--
-- Host: localhost
-- Generation Time: Jul 05, 2010 at 09:29 AM
-- Server version: 5.1.37
-- PHP Version: 5.2.10-2ubuntu6.4

SET SQL_MODE="NO_AUTO_VALUE_ON_ZERO";


/*!40101 SET @OLD_CHARACTER_SET_CLIENT=@@CHARACTER_SET_CLIENT */;
/*!40101 SET @OLD_CHARACTER_SET_RESULTS=@@CHARACTER_SET_RESULTS */;
/*!40101 SET @OLD_COLLATION_CONNECTION=@@COLLATION_CONNECTION */;
/*!40101 SET NAMES utf8 */;

--
-- Database: `ac_baseschema`
--

-- --------------------------------------------------------

--
-- Table structure for table `author_string`
--

CREATE TABLE IF NOT EXISTS `author_string` (
  `id` int(10) unsigned NOT NULL AUTO_INCREMENT,
  `string` varchar(255) NOT NULL COMMENT 'Name of author(s), who described the taxon or published the current combination and the year when appropriate.',
  PRIMARY KEY (`id`),
  UNIQUE KEY `string` (`string`)
) ENGINE=InnoDB  DEFAULT CHARSET=utf8 COMMENT='Author citations of taxa and synonyms' AUTO_INCREMENT=31 ;

--
-- Dumping data for table `author_string`
--

INSERT INTO `author_string` (`id`, `string`) VALUES
(7, '(Conrad, 1834)'),
(29, '(Kuntze) M.Kessler'),
(13, '(Kützing) G.S. West'),
(30, '(Lightfoot) Kützing'),
(8, '(Reinsch) Hansgirg'),
(11, 'Bitter'),
(5, 'Boulenger, 1902'),
(15, 'Derjugin, 1920'),
(24, 'Faber, 1829'),
(20, 'Fleming, 1828'),
(4, 'Forbes 1944'),
(2, 'Green, 1931'),
(27, 'Gren.'),
(1, 'Hayashi & Makihara, 1981'),
(12, 'Hieron.'),
(17, 'Kozár & Walter, 1985'),
(25, 'Kuntze'),
(23, 'Lacepède, 1803'),
(18, 'Lindinger, 1933'),
(6, 'Linnaeus, 1758'),
(14, 'Mitchill, 1815'),
(19, 'Ossiannilsson, 1955'),
(28, 'Pall.'),
(9, 'Pilg.'),
(16, 'Reinsch'),
(10, 'Ruiz & Pav.'),
(21, 'Storer, 1839'),
(3, 'Tkalcu, 1995'),
(22, 'Walbaum, 1792'),
(26, 'Wedd.');

-- --------------------------------------------------------

--
-- Table structure for table `common_name`
--

CREATE TABLE IF NOT EXISTS `common_name` (
  `id` int(10) unsigned NOT NULL AUTO_INCREMENT,
  `taxon_id` int(10) unsigned NOT NULL,
  `common_name_element_id` int(10) unsigned NOT NULL,
  `language_iso` char(3) DEFAULT NULL COMMENT 'Optional language code',
  `country_iso` char(2) DEFAULT NULL COMMENT 'Optional country code if usage is restricted to a particular country',
  PRIMARY KEY (`id`),
  UNIQUE KEY `unique` (`taxon_id`,`common_name_element_id`,`language_iso`,`country_iso`),
  KEY `taxon_id` (`taxon_id`),
  KEY `common_name_element_id` (`common_name_element_id`),
  KEY `language_iso` (`language_iso`),
  KEY `country_iso` (`country_iso`)
) ENGINE=InnoDB  DEFAULT CHARSET=utf8 COMMENT='Common names plus language/country details' AUTO_INCREMENT=2080726 ;

--
-- Dumping data for table `common_name`
--

INSERT INTO `common_name` (`id`, `taxon_id`, `common_name_element_id`, `language_iso`, `country_iso`) VALUES
(2080724, 50, 2080723, 'cmn', NULL),
(2080723, 50, 2080723, 'zho', NULL),
(2080725, 50, 2080725, 'ces', NULL),
(119999, 51, 119999, NULL, NULL),
(120019, 51, 120019, 'eng', 'US'),
(2026470, 51, 2026470, 'rus', NULL),
(2026471, 51, 2026471, 'cmn', NULL),
(2026472, 51, 2026472, 'cmn', NULL),
(2026473, 51, 2026473, 'tur', 'TR'),
(2026474, 51, 2026474, 'spa', 'ES'),
(2026475, 51, 2026475, 'dan', 'DK'),
(2026476, 51, 2026476, 'por', 'PT'),
(2026477, 51, 2026477, 'por', 'PT'),
(2026480, 51, 2026478, 'eng', NULL),
(2026481, 51, 2026478, 'eng', NULL),
(2026482, 51, 2026478, 'eng', NULL),
(2026478, 51, 2026478, 'eng', 'AU'),
(2026479, 51, 2026478, 'eng', 'CA'),
(2026483, 51, 2026478, 'eng', 'US'),
(2026484, 51, 2026484, 'rus', NULL),
(2026485, 51, 2026485, 'dan', 'DK'),
(2026486, 51, 2026486, 'eng', NULL),
(2026487, 51, 2026486, 'spa', 'ES'),
(2026489, 51, 2026489, 'spa', 'ES'),
(2026490, 51, 2026490, 'spa', 'ES'),
(2026491, 51, 2026491, 'eng', NULL),
(2026492, 51, 2026491, 'por', 'PT'),
(2026493, 51, 2026493, 'por', 'PT'),
(2026494, 51, 2026494, 'cat', 'ES'),
(2026495, 51, 2026495, 'ita', 'IT'),
(2026496, 51, 2026496, 'ita', 'IT'),
(2026497, 51, 2026497, 'ita', 'IT'),
(2026498, 51, 2026498, 'eng', NULL),
(2026499, 51, 2026499, 'eng', NULL),
(2026500, 51, 2026500, 'eng', NULL),
(2026501, 51, 2026501, 'srp', NULL),
(2026502, 51, 2026502, NULL, 'GR'),
(2026503, 51, 2026503, 'eng', NULL),
(2026504, 51, 2026504, 'eng', NULL),
(2026505, 51, 2026505, 'fao', NULL),
(2026506, 51, 2026506, 'eng', NULL),
(2026507, 51, 2026507, 'fao', NULL),
(2026508, 51, 2026508, 'nor', 'NO'),
(2026509, 51, 2026509, 'eng', NULL),
(2026510, 51, 2026510, 'eng', NULL),
(2026511, 51, 2026511, 'eng', NULL),
(2026512, 51, 2026512, 'fao', NULL),
(2026513, 51, 2026513, 'glv', NULL),
(2026514, 51, 2026514, 'fao', NULL),
(2026515, 51, 2026515, 'fao', NULL),
(2026516, 51, 2026516, 'por', 'PT'),
(2026517, 51, 2026517, 'fra', 'FR'),
(2026518, 51, 2026518, 'eng', NULL),
(2026519, 51, 2026519, 'eng', NULL),
(2026520, 51, 2026520, 'deu', 'DE'),
(2026521, 51, 2026521, 'eng', NULL),
(2026522, 51, 2026522, 'fao', NULL),
(2026523, 51, 2026523, 'eng', NULL),
(2026524, 51, 2026524, NULL, 'NO'),
(2026525, 51, 2026525, 'fra', 'FR'),
(2026526, 51, 2026526, 'eng', NULL),
(2026532, 51, 2026527, NULL, 'RO'),
(2026527, 51, 2026527, 'eng', NULL),
(2026530, 51, 2026527, 'eng', NULL),
(2026528, 51, 2026527, 'eng', 'CA'),
(2026529, 51, 2026527, 'eng', 'EE'),
(2026531, 51, 2026527, 'eng', 'US'),
(2026533, 51, 2026533, 'eng', NULL),
(2026534, 51, 2026534, 'eng', NULL),
(2026535, 51, 2026535, 'eng', NULL),
(2026536, 51, 2026536, 'eng', 'US'),
(2026537, 51, 2026537, 'eng', NULL),
(2026538, 51, 2026538, 'eng', NULL),
(2026539, 51, 2026539, 'eng', NULL),
(2026540, 51, 2026540, 'por', 'PT'),
(2026541, 51, 2026541, 'por', 'PT'),
(2026542, 51, 2026542, 'eng', NULL),
(2026543, 51, 2026543, 'deu', 'DE'),
(2026544, 51, 2026544, 'pol', 'PL'),
(2026545, 51, 2026545, 'pol', 'PL'),
(2026546, 51, 2026546, 'pol', 'PL'),
(2026547, 51, 2026547, 'pol', 'PL'),
(2026548, 51, 2026548, 'pol', 'PL'),
(2026549, 51, 2026549, 'eng', NULL),
(2026550, 51, 2026550, 'eng', NULL),
(2026551, 51, 2026551, 'eng', NULL),
(2026552, 51, 2026552, 'eng', NULL),
(2026553, 51, 2026553, 'eng', NULL),
(2026554, 51, 2026554, 'eng', NULL),
(2026555, 51, 2026555, 'eng', 'CA'),
(2026556, 51, 2026556, 'eng', NULL),
(2026557, 51, 2026557, 'fao', NULL),
(2026558, 51, 2026558, 'deu', 'DE'),
(2026559, 51, 2026559, 'deu', 'DE'),
(2026560, 51, 2026560, 'deu', 'DE'),
(2026561, 51, 2026561, 'eng', NULL),
(2026562, 51, 2026562, 'eng', NULL),
(2026563, 51, 2026563, 'eng', NULL),
(2026564, 51, 2026564, 'swe', 'SE'),
(2026565, 51, 2026565, 'dan', 'DK'),
(2026566, 51, 2026566, 'isl', 'IS'),
(2026567, 51, 2026567, 'fao', NULL),
(2026568, 51, 2026568, 'fao', NULL),
(2026569, 51, 2026569, 'eng', NULL),
(2026570, 51, 2026570, 'eng', NULL),
(2026571, 51, 2026571, 'eng', NULL),
(2026572, 51, 2026572, 'nor', 'NO'),
(2026573, 51, 2026573, 'eng', NULL),
(2026574, 51, 2026574, 'eng', NULL),
(2026575, 51, 2026575, 'eng', NULL),
(2026576, 51, 2026576, NULL, 'GR'),
(2026577, 51, 2026577, 'eng', 'CA'),
(2026578, 51, 2026578, 'dan', 'DK'),
(2026579, 51, 2026579, 'nld', 'NL'),
(2026580, 51, 2026580, 'fao', NULL),
(2026581, 51, 2026581, 'fao', NULL),
(2026582, 51, 2026582, 'eng', NULL),
(2026583, 51, 2026583, 'eng', NULL),
(2026584, 51, 2026584, 'fao', NULL),
(2026585, 51, 2026585, 'fao', NULL),
(2026586, 51, 2026586, 'jpn', 'JP'),
(2026587, 51, 2026587, 'eng', NULL),
(2026588, 51, 2026588, 'eng', NULL),
(2026589, 51, 2026589, 'eng', NULL),
(2026590, 51, 2026590, 'eng', NULL),
(2026591, 51, 2026591, 'eng', NULL),
(2026592, 51, 2026592, 'deu', 'DE'),
(2026593, 51, 2026593, 'fao', NULL),
(2026594, 51, 2026594, 'eng', NULL),
(2026595, 51, 2026595, 'eng', NULL),
(2026596, 51, 2026596, 'eng', NULL),
(2026597, 51, 2026597, 'eng', NULL),
(2026598, 51, 2026598, 'fao', NULL),
(2026599, 51, 2026599, 'dan', 'DK'),
(2026600, 51, 2026600, 'fao', NULL),
(2026601, 51, 2026601, 'eng', NULL),
(2026602, 51, 2026602, 'eng', NULL),
(2026603, 51, 2026603, 'eng', NULL),
(2026604, 51, 2026604, 'eng', NULL),
(2026605, 51, 2026605, 'deu', 'DE'),
(2026606, 51, 2026606, 'nld', 'NL'),
(2026607, 51, 2026607, 'iku', 'GL'),
(2026608, 51, 2026608, 'fin', 'FI'),
(2026609, 51, 2026609, 'fin', 'FI'),
(2026610, 51, 2026610, 'jpn', 'JP'),
(2026611, 51, 2026611, 'eng', 'US'),
(2026612, 51, 2026612, 'eng', NULL),
(2026613, 51, 2026613, 'dan', 'DK'),
(2026614, 51, 2026614, 'deu', 'DE'),
(2026615, 51, 2026615, 'eng', NULL),
(2026616, 51, 2026616, 'nor', 'NO'),
(2026617, 51, 2026617, 'nld', 'NL'),
(2026618, 51, 2026618, 'nld', 'NL'),
(2026619, 51, 2026619, 'deu', 'DE'),
(2026620, 51, 2026620, 'eng', 'CA'),
(2026621, 51, 2026621, 'eng', 'CA'),
(2026622, 51, 2026622, 'eng', NULL),
(2026623, 51, 2026623, 'eng', NULL),
(2026624, 51, 2026624, 'fao', NULL),
(2026625, 51, 2026625, 'fao', NULL),
(2026626, 51, 2026626, 'eng', NULL),
(2026627, 51, 2026627, 'eng', NULL),
(2026628, 51, 2026628, 'fin', 'FI'),
(2026629, 51, 2026629, 'eng', NULL),
(2026630, 51, 2026630, 'eng', NULL),
(2026631, 51, 2026631, 'nor', 'NO'),
(2026632, 51, 2026632, 'swe', 'SE'),
(2026633, 51, 2026633, 'isl', 'IS'),
(2026634, 51, 2026634, 'fao', NULL),
(2026635, 51, 2026635, 'jpn', 'JP'),
(2026636, 51, 2026636, 'eng', NULL),
(2026637, 51, 2026637, 'lav', 'LV'),
(2026638, 51, 2026638, 'eng', NULL),
(2026639, 51, 2026639, 'ita', 'IT'),
(2026640, 51, 2026640, 'fao', NULL),
(2026641, 51, 2026641, 'fra', 'FR'),
(2026642, 51, 2026642, 'fra', 'FR'),
(2026643, 51, 2026643, 'fra', 'FR'),
(2026644, 51, 2026644, 'fra', NULL),
(2026645, 51, 2026644, 'fra', 'CA'),
(2026646, 51, 2026644, 'fra', 'FR'),
(2026647, 51, 2026647, 'eng', NULL),
(2026648, 51, 2026648, 'eng', NULL),
(2026649, 51, 2026649, 'fao', NULL),
(2026650, 51, 2026650, 'eng', NULL),
(2026651, 51, 2026651, 'eng', NULL),
(2026652, 51, 2026652, 'iku', NULL),
(2026654, 51, 2026654, 'eng', NULL),
(2026655, 51, 2026655, 'iku', 'CA'),
(2026657, 51, 2026657, 'eng', NULL),
(2026658, 51, 2026658, 'ita', 'IT'),
(2026659, 51, 2026659, 'eng', NULL),
(2026660, 51, 2026660, 'pol', 'PL'),
(2026661, 51, 2026661, 'eng', NULL),
(2026662, 51, 2026662, 'eng', NULL),
(2026663, 51, 2026663, 'fao', NULL),
(2026664, 51, 2026664, 'eng', NULL),
(2026665, 51, 2026665, 'eng', NULL),
(2026666, 51, 2026666, 'fao', NULL),
(2026667, 51, 2026667, 'fao', NULL),
(2026668, 51, 2026668, 'eng', NULL),
(2026669, 51, 2026669, NULL, 'GL'),
(2026670, 51, 2026670, 'eng', NULL),
(2026671, 51, 2026671, 'eng', NULL),
(2026672, 51, 2026672, 'eng', NULL),
(2026673, 51, 2026673, 'dan', 'DK'),
(2026674, 51, 2026674, 'deu', 'DE'),
(2026675, 51, 2026675, 'iku', 'GL'),
(2026676, 51, 2026676, 'iku', 'GL'),
(2026677, 51, 2026677, 'iku', 'GL'),
(2026678, 51, 2026678, 'iku', 'GL'),
(2026679, 51, 2026679, 'iku', 'GL'),
(2026680, 51, 2026680, 'eng', NULL),
(2026681, 51, 2026681, 'eng', NULL),
(2026682, 51, 2026682, 'eng', NULL),
(2026683, 51, 2026683, 'eng', NULL),
(2026684, 51, 2026684, 'eng', NULL),
(2026685, 51, 2026685, 'eng', NULL),
(2026686, 51, 2026686, 'eng', NULL),
(2026687, 51, 2026687, 'eng', NULL),
(2026688, 51, 2026688, 'eng', NULL),
(2026689, 51, 2026689, 'eng', NULL),
(2026690, 51, 2026690, 'eng', NULL),
(2026691, 51, 2026691, 'eng', NULL),
(2026692, 51, 2026692, 'eng', NULL),
(2026693, 51, 2026693, 'fao', NULL),
(2026694, 51, 2026694, 'fao', NULL),
(2026695, 51, 2026695, 'nor', 'NO'),
(2026696, 51, 2026696, 'fao', NULL),
(2026697, 51, 2026697, 'eng', NULL),
(2026698, 51, 2026698, 'fao', NULL),
(2026699, 51, 2026699, 'eng', NULL),
(2026700, 51, 2026700, 'eng', NULL),
(2026701, 51, 2026701, 'eng', NULL),
(2026702, 51, 2026702, 'eng', NULL),
(2026703, 51, 2026703, 'eng', NULL),
(2026704, 51, 2026704, 'eng', NULL),
(2026705, 51, 2026705, 'eng', NULL),
(2026706, 51, 2026706, 'eng', NULL),
(2026707, 51, 2026707, 'ita', 'IT'),
(2026708, 51, 2026708, 'deu', 'DE'),
(2026709, 51, 2026709, 'eng', NULL),
(2026710, 51, 2026710, 'dan', 'DK'),
(2026711, 51, 2026711, 'nor', 'NO'),
(2026712, 51, 2026712, 'nld', 'NL'),
(2026713, 51, 2026713, 'eng', NULL),
(2026714, 51, 2026714, 'eng', 'US'),
(2026715, 51, 2026715, 'deu', 'DE'),
(2026716, 51, 2026716, 'fao', NULL),
(2026717, 51, 2026717, 'fao', NULL),
(2026718, 51, 2026718, 'eng', NULL),
(2026719, 51, 2026719, 'eng', NULL),
(2026720, 51, 2026720, 'eng', NULL),
(2026721, 51, 2026721, 'eng', NULL),
(2026722, 51, 2026722, 'prg', 'DE'),
(2026723, 51, 2026723, 'eng', NULL),
(2026724, 51, 2026724, 'jpn', 'JP'),
(2026725, 51, 2026725, NULL, 'NO'),
(2026726, 51, 2026726, 'fao', NULL),
(2026727, 51, 2026727, 'eng', NULL),
(2026728, 51, 2026728, 'isl', 'IS'),
(2026729, 51, 2026729, 'eng', NULL),
(2026730, 51, 2026730, 'fao', NULL),
(2026731, 51, 2026731, 'swe', 'SE'),
(2026732, 51, 2026732, 'dan', 'DK'),
(2026733, 51, 2026732, 'nor', 'NO'),
(2026734, 51, 2026732, 'swe', 'SE'),
(2026735, 51, 2026735, 'fao', NULL),
(2026736, 51, 2026736, 'eng', NULL),
(2026737, 51, 2026737, 'eng', NULL),
(2026738, 51, 2026738, 'rus', NULL),
(2026739, 51, 2026739, 'fin', 'FI'),
(2026740, 51, 2026740, 'fao', NULL),
(2026741, 51, 2026741, 'iku', NULL),
(2026742, 51, 2026742, 'srp', NULL),
(2026743, 51, 2026743, 'jpn', 'JP'),
(2026744, 51, 2026744, 'jpn', 'JP'),
(2026745, 51, 2026745, 'iku', NULL),
(2026746, 51, 2026746, 'fao', NULL),
(2026747, 51, 2026747, 'nld', 'NL'),
(2026748, 51, 2026748, 'nld', 'NL'),
(2026749, 51, 2026749, NULL, 'NO'),
(2026750, 51, 2026750, 'pol', 'PL'),
(2026752, 51, 2026752, 'eng', NULL),
(2026753, 51, 2026753, 'eng', NULL),
(2026754, 51, 2026754, 'eng', NULL),
(2026755, 51, 2026755, 'nld', 'NL'),
(394727, 52, 394727, 'eng', 'US');

-- --------------------------------------------------------

--
-- Table structure for table `common_name_element`
--

CREATE TABLE IF NOT EXISTS `common_name_element` (
  `id` int(10) unsigned NOT NULL AUTO_INCREMENT,
  `name` varchar(255) NOT NULL,
  `transliteration` varchar(255) DEFAULT NULL COMMENT 'Transcription of name in foreign alphabet into English',
  PRIMARY KEY (`id`)
) ENGINE=InnoDB  DEFAULT CHARSET=utf8 COMMENT='Common names separated to avoid duplication' AUTO_INCREMENT=2080726 ;

--
-- Dumping data for table `common_name_element`
--

INSERT INTO `common_name_element` (`id`, `name`, `transliteration`) VALUES
(119999, 'mona', NULL),
(120019, 'rock cod', NULL),
(394727, 'shiny pigtoe', NULL),
(2026470, 'треска', NULL),
(2026471, '大西洋鱈', NULL),
(2026472, '大西洋鳕', NULL),
(2026473, 'Balik köftesi', NULL),
(2026474, 'Albondiga de pescado', NULL),
(2026475, 'Almindelig torsk', NULL),
(2026476, 'Almôndega de peixe', NULL),
(2026477, 'Amarelo cure', NULL),
(2026478, 'Atlantic cod', NULL),
(2026484, 'Atlanticheskaya treska', NULL),
(2026485, 'Atlantisk Torsk', NULL),
(2026486, 'Bacalao', NULL),
(2026489, 'Bacalao del Atlántico', NULL),
(2026490, 'Bacalao salado amarillo', NULL),
(2026491, 'Bacaleau', NULL),
(2026493, 'Bacalhau-do-Atlântico', NULL),
(2026494, 'Bacallà', NULL),
(2026495, 'Baccalà bianco portoghese', NULL),
(2026496, 'Baccalà portoghese giallo', NULL),
(2026497, 'Baccalà san Giovanni', NULL),
(2026498, 'Baccalao', NULL),
(2026499, 'Baccale', NULL),
(2026500, 'Baccalo', NULL),
(2026501, 'Bakalar', NULL),
(2026502, 'Bakaliáros', NULL),
(2026503, 'Bank cod', NULL),
(2026504, 'Bank fish', NULL),
(2026505, 'Bankfiskur', NULL),
(2026506, 'Bastard', NULL),
(2026507, 'Berggylta', NULL),
(2026508, 'Bernfisk', NULL),
(2026509, 'Berry fish', NULL),
(2026510, 'Bim fish', NULL),
(2026511, 'BlackBerry fish', NULL),
(2026512, 'Blankur fiskur', NULL),
(2026513, 'Boiddagh', NULL),
(2026514, 'Bollingur', NULL),
(2026515, 'Bøllingur', NULL),
(2026516, 'Branco cure', NULL),
(2026517, 'Brandade', NULL),
(2026518, 'Brazil fish', NULL),
(2026519, 'Breeder', NULL),
(2026520, 'Brisoletten', NULL),
(2026521, 'Broken fish', NULL),
(2026522, 'Brondingur', NULL),
(2026523, 'Bull dog', NULL),
(2026524, 'Buoiddesguolli', NULL),
(2026525, 'Cabillaud', NULL),
(2026526, 'Christmas fish', NULL),
(2026527, 'Cod', NULL),
(2026533, 'Codd', NULL),
(2026534, 'Codde', NULL),
(2026535, 'Cod-fish', NULL),
(2026536, 'Codfish brick', NULL),
(2026537, 'Codling', NULL),
(2026538, 'Core fish', NULL),
(2026539, 'Corre fish', NULL),
(2026540, 'Cura branca', NULL),
(2026541, 'Cura do gaspé', NULL),
(2026542, 'Cut-tail', NULL),
(2026543, 'Dorsch', NULL),
(2026544, 'Dorsz', NULL),
(2026545, 'Dorsz a. watlusz', NULL),
(2026546, 'Dorsz atlantycki', NULL),
(2026547, 'Dorsz baltycki', NULL),
(2026548, 'Dorsz kildynski', NULL),
(2026549, 'Dry fish', NULL),
(2026550, 'Duffy', NULL),
(2026551, 'Dum fish', NULL),
(2026552, 'Dumb fish', NULL),
(2026553, 'Dun fish', NULL),
(2026554, 'Eating fish', NULL),
(2026555, 'Fall cure', NULL),
(2026556, 'Fall fish', NULL),
(2026557, 'Fellistoskur', NULL),
(2026558, 'Fischfrikadellen', NULL),
(2026559, 'Fischklops', NULL),
(2026560, 'Fischkloss', NULL),
(2026561, 'Fish', NULL),
(2026562, 'Fish ball', NULL),
(2026563, 'Fish dumpling', NULL),
(2026564, 'Fiskbullar', NULL),
(2026565, 'Fiskeboller', NULL),
(2026566, 'Fiskibollur', NULL),
(2026567, 'Fiskur', NULL),
(2026568, 'Flakningur', NULL),
(2026569, 'Floater fish', NULL),
(2026570, 'Floaters fish', NULL),
(2026571, 'Foots', NULL),
(2026572, 'Fot', NULL),
(2026573, 'Foxy tom-cod', NULL),
(2026574, 'Full cured fish', NULL),
(2026575, 'Full pickle fish', NULL),
(2026576, 'Gádos', NULL),
(2026577, 'Gaspé cure', NULL),
(2026578, 'Gaspévirket klipfisk', NULL),
(2026579, 'Geweekte stokvis', NULL),
(2026580, 'Gloypingur', NULL),
(2026581, 'Gráur fiskur', NULL),
(2026582, 'Green fish', NULL),
(2026583, 'Grog fish', NULL),
(2026584, 'Grunnafiskur', NULL),
(2026585, 'Grunningur', NULL),
(2026586, 'Gyodan', NULL),
(2026587, 'Haberdine', NULL),
(2026588, 'Half-saved', NULL),
(2026589, 'Harbour tom-cod', NULL),
(2026590, 'Hard cure', NULL),
(2026591, 'Hard-dry', NULL),
(2026592, 'Hartsalzung', NULL),
(2026593, 'Havtoskur', NULL),
(2026594, 'Heavy fish', NULL),
(2026595, 'Heavy salt', NULL),
(2026596, 'Heavy salted', NULL),
(2026597, 'Hen', NULL),
(2026598, 'Heystfiskur', NULL),
(2026599, 'Hvidvirket klipfisk', NULL),
(2026600, 'Hvítur fiskur', NULL),
(2026601, 'Inshore cod', NULL),
(2026602, 'Italian', NULL),
(2026603, 'Jersey fish', NULL),
(2026604, 'Jigger fish', NULL),
(2026605, 'Kabeljau', NULL),
(2026606, 'Kabeljauw', NULL),
(2026607, 'Kabliau', NULL),
(2026608, 'Kalapulla', NULL),
(2026609, 'Kalliokala', NULL),
(2026610, 'Kanyu no niziru', NULL),
(2026611, 'Kil''din cod', NULL),
(2026612, 'Klipfish', NULL),
(2026613, 'Klipfisk', NULL),
(2026614, 'Klippfisch', NULL),
(2026615, 'Klippfish', NULL),
(2026616, 'Klippfisk', NULL),
(2026617, 'Klipvis', NULL),
(2026618, 'Labberdaan', NULL),
(2026619, 'Laberdan', NULL),
(2026620, 'Labrador cure', NULL),
(2026621, 'Labrador fish', NULL),
(2026622, 'Lady day fish', NULL),
(2026623, 'Laggy', NULL),
(2026624, 'Landfiskur', NULL),
(2026625, 'Landskránur', NULL),
(2026626, 'Lap tail', NULL),
(2026627, 'Leggy', NULL),
(2026628, 'Lipeäkala', NULL),
(2026629, 'Loader', NULL),
(2026630, 'Logy fish', NULL),
(2026631, 'Lutefisk', NULL),
(2026632, 'Lutfisk', NULL),
(2026633, 'Lutfiskur', NULL),
(2026634, 'Lutningur', NULL),
(2026635, 'Madara', NULL),
(2026636, 'Madeira', NULL),
(2026637, 'Menca', NULL),
(2026638, 'Merchantable', NULL),
(2026639, 'Merluzzo bianco', NULL),
(2026640, 'Miðafiskur', NULL),
(2026641, 'Morue', NULL),
(2026642, 'Morue commune', NULL),
(2026643, 'Morue de l''Atlantique', NULL),
(2026644, 'Morue franche', NULL),
(2026647, 'Mother fish', NULL),
(2026648, 'Mud fish', NULL),
(2026649, 'Nabbafiskur', NULL),
(2026650, 'Newfoundland fish', NULL),
(2026651, 'Northern cod', NULL),
(2026652, 'Ogac', NULL),
(2026654, 'Old soaker', NULL),
(2026655, 'Ovak', NULL),
(2026657, 'Pea', NULL),
(2026658, 'Pesce lesso in pallette', NULL),
(2026659, 'Pink fish', NULL),
(2026660, 'Pomuchel', NULL),
(2026661, 'Poor john', NULL),
(2026662, 'Puerto rico fish', NULL),
(2026663, 'Raktoskur', NULL),
(2026664, 'Red-cod', NULL),
(2026665, 'Refuse fish', NULL),
(2026666, 'Reyðbelta', NULL),
(2026667, 'Reyðfiskur', NULL),
(2026668, 'Rounder', NULL),
(2026669, 'Saarullik', NULL),
(2026670, 'Salt fish', NULL),
(2026671, 'Salt-bulk', NULL),
(2026672, 'Saltfish', NULL),
(2026673, 'Saltfisk', NULL),
(2026674, 'Salzfisch', NULL),
(2026675, 'Saraudlik', NULL),
(2026676, 'Saraudlirksoak', NULL),
(2026677, 'Sârugdligaraq', NULL),
(2026678, 'Sârugdlik', NULL),
(2026679, 'Sâugdlik', NULL),
(2026680, 'Schrod', NULL),
(2026681, 'Scrad', NULL),
(2026682, 'Scraud', NULL),
(2026683, 'Scrawd', NULL),
(2026684, 'Screwed fish', NULL),
(2026685, 'Scrod', NULL),
(2026686, 'Seal-head cod', NULL),
(2026687, 'Semi-dry', NULL),
(2026688, 'Shoal cod', NULL),
(2026689, 'Shoal fish', NULL),
(2026690, 'Shore cod', NULL),
(2026691, 'Shore fish', NULL),
(2026692, 'Shore labrador', NULL),
(2026693, 'Sildafiskur', NULL),
(2026694, 'Skránur', NULL),
(2026695, 'Skrei', NULL),
(2026696, 'Slánur', NULL),
(2026697, 'Slop', NULL),
(2026698, 'Smáfiskur', NULL),
(2026699, 'Snig', NULL),
(2026700, 'Snub', NULL),
(2026701, 'Snubby', NULL),
(2026702, 'Soaker', NULL),
(2026703, 'Soft cure', NULL),
(2026704, 'Soft cured', NULL),
(2026705, 'Spanish fish', NULL),
(2026706, 'Split', NULL),
(2026707, 'Stoccafisso', NULL),
(2026708, 'Stockfisch', NULL),
(2026709, 'Stockfish', NULL),
(2026710, 'Stokfisk', NULL),
(2026711, 'Stokkfisk', NULL),
(2026712, 'Stokvis', NULL),
(2026713, 'Straits fish', NULL),
(2026714, 'Strip', NULL),
(2026715, 'Stückenfisch', NULL),
(2026716, 'Stútingur', NULL),
(2026717, 'Summarfiskur', NULL),
(2026718, 'Summer cod-fish', NULL),
(2026719, 'Summer fish', NULL),
(2026720, 'Swallow', NULL),
(2026721, 'Swallow tail', NULL),
(2026722, 'Sweikis', NULL),
(2026723, 'Tally fish', NULL),
(2026724, 'Tara', NULL),
(2026725, 'Tararunuk', NULL),
(2026726, 'Tertlingur', NULL),
(2026727, 'Thirds', NULL),
(2026728, 'Þorskur', NULL),
(2026729, 'Tom-cod', NULL),
(2026730, 'Torrafiskur', NULL),
(2026731, 'Torrfisk', NULL),
(2026732, 'Torsk', NULL),
(2026735, 'Toskur', NULL),
(2026736, 'Trap cod', NULL),
(2026737, 'Trap fish', NULL),
(2026738, 'Treska', NULL),
(2026739, 'Turska', NULL),
(2026740, 'Tysklingur', NULL),
(2026741, 'Ugak', NULL),
(2026742, 'Ugotica', NULL),
(2026743, 'Uo-dango', NULL),
(2026744, 'Uo-miso', NULL),
(2026745, 'Uugak', NULL),
(2026746, 'Várfiskur', NULL),
(2026747, 'Visballen', NULL),
(2026748, 'Visballetjes', NULL),
(2026749, 'Vuotnaguolli', NULL),
(2026750, 'Watlusz', NULL),
(2026752, 'West india', NULL),
(2026753, 'West indian', NULL),
(2026754, 'Winter fish', NULL),
(2026755, 'Zoutevis', NULL),
(2080723, '肋斑魮', NULL),
(2080725, 'Parmicka unfranská', NULL);

-- --------------------------------------------------------

--
-- Table structure for table `country`
--

CREATE TABLE IF NOT EXISTS `country` (
  `iso` char(2) NOT NULL COMMENT 'ISO 3166-1-Alpha-2 code',
  `name` varchar(100) NOT NULL COMMENT 'Country',
  PRIMARY KEY (`iso`),
  UNIQUE KEY `name` (`name`)
) ENGINE=InnoDB DEFAULT CHARSET=utf8 COMMENT='Predetermined list of ISO 3166-1-Alpha-2 codes';

--
-- Dumping data for table `country`
--

INSERT INTO `country` (`iso`, `name`) VALUES
('AF', 'Afghanistan'),
('AL', 'Albania'),
('DZ', 'Algeria'),
('AS', 'American Samoa'),
('AD', 'Andorra'),
('AO', 'Angola'),
('AI', 'Anguilla'),
('AG', 'Antigua and Barbuda'),
('AR', 'Argentina'),
('AM', 'Armenia'),
('AW', 'Aruba'),
('AU', 'Australia'),
('AT', 'Austria'),
('AZ', 'Azerbaijan'),
('BS', 'Bahamas'),
('BH', 'Bahrain'),
('BD', 'Bangladesh'),
('BB', 'Barbados'),
('BY', 'Belarus'),
('BE', 'Belgium'),
('BZ', 'Belize'),
('BJ', 'Benin'),
('BM', 'Bermuda'),
('BT', 'Bhutan'),
('BO', 'Bolivia'),
('BA', 'Bosnia and Herzegovina'),
('BW', 'Botswana'),
('BR', 'Brazil'),
('IO', 'British Indian Ocean Territory'),
('VG', 'British Virgin Islands'),
('BN', 'Brunei'),
('BG', 'Bulgaria'),
('BF', 'Burkina Faso'),
('BI', 'Burundi'),
('KH', 'Cambodia'),
('CM', 'Cameroon'),
('CA', 'Canada'),
('CV', 'Cape Verde Islands'),
('KY', 'Cayman Islands'),
('CF', 'Central African Republic'),
('TD', 'Chad'),
('CL', 'Chile'),
('CN', 'China'),
('CO', 'Colombia'),
('KM', 'Comoros'),
('CG', 'Congo'),
('CK', 'Cook Islands'),
('CR', 'Costa Rica'),
('CI', 'Côte d''Ivoire'),
('HR', 'Croatia'),
('CU', 'Cuba'),
('CY', 'Cyprus'),
('CZ', 'Czech Republic'),
('CD', 'Democratic Republic of the Congo'),
('DK', 'Denmark'),
('DJ', 'Djibouti'),
('DM', 'Dominica'),
('DO', 'Dominican Republic'),
('TL', 'East Timor'),
('EC', 'Ecuador'),
('EG', 'Egypt'),
('SV', 'El Salvador'),
('GQ', 'Equatorial Guinea'),
('ER', 'Eritrea'),
('EE', 'Estonia'),
('ET', 'Ethiopia'),
('FK', 'Falkland Islands'),
('FJ', 'Fiji'),
('FI', 'Finland'),
('FR', 'France'),
('GF', 'French Guiana'),
('PF', 'French Polynesia'),
('GA', 'Gabon'),
('GM', 'Gambia'),
('GE', 'Georgia'),
('DE', 'Germany'),
('GH', 'Ghana'),
('GI', 'Gibraltar'),
('GR', 'Greece'),
('GL', 'Greenland'),
('GD', 'Grenada'),
('GP', 'Guadeloupe'),
('GU', 'Guam'),
('GT', 'Guatemala'),
('GN', 'Guinea'),
('GW', 'Guinea-Bissau'),
('GY', 'Guyana'),
('HT', 'Haiti'),
('HN', 'Honduras'),
('HU', 'Hungary'),
('IS', 'Iceland'),
('IN', 'India'),
('ID', 'Indonesia'),
('IR', 'Iran'),
('IQ', 'Iraq'),
('IE', 'Ireland'),
('IL', 'Israel'),
('IT', 'Italy'),
('JM', 'Jamaica'),
('JP', 'Japan'),
('JO', 'Jordan'),
('KZ', 'Kazakhstan'),
('KE', 'Kenya'),
('KI', 'Kiribati'),
('KP', 'Korea, North'),
('KR', 'Korea, South'),
('KW', 'Kuwait'),
('KG', 'Kyrgyzstan'),
('LA', 'Laos'),
('LV', 'Latvia'),
('LB', 'Lebanon'),
('LS', 'Lesotho'),
('LR', 'Liberia'),
('LY', 'Libya'),
('LI', 'Liechtenstein'),
('LT', 'Lithuania'),
('LU', 'Luxembourg'),
('MK', 'Macedonia'),
('MG', 'Madagascar'),
('MW', 'Malawi'),
('MY', 'Malaysia'),
('MV', 'Maldives'),
('ML', 'Mali'),
('MT', 'Malta'),
('MH', 'Marshall Islands'),
('MQ', 'Martinique'),
('MR', 'Mauritania'),
('MU', 'Mauritius'),
('YT', 'Mayotte'),
('MX', 'Mexico'),
('FM', 'Micronesia'),
('MD', 'Moldova'),
('MC', 'Monaco'),
('MN', 'Mongolia'),
('MS', 'Montserrat'),
('MA', 'Morocco'),
('MZ', 'Mozambique'),
('MM', 'Myanmar'),
('NA', 'Namibia'),
('NR', 'Nauru'),
('NP', 'Nepal'),
('NL', 'Netherlands'),
('AN', 'Netherlands Antilles'),
('NC', 'New Caledonia'),
('NZ', 'New Zealand'),
('NI', 'Nicaragua'),
('NE', 'Niger'),
('NG', 'Nigeria'),
('NU', 'Niue'),
('NF', 'Norfolk Island'),
('MP', 'Northern Mariana Islands'),
('NO', 'Norway'),
('OM', 'Oman'),
('PK', 'Pakistan'),
('PW', 'Palau'),
('PS', 'Palestinian West Bank and Gaza'),
('PA', 'Panama'),
('PG', 'Papua New Guinea'),
('PY', 'Paraguay'),
('PE', 'Peru'),
('PH', 'Philippines'),
('PN', 'Pitcairn'),
('PL', 'Poland'),
('PT', 'Portugal'),
('PR', 'Puerto Rico'),
('QA', 'Qatar'),
('RE', 'Réunion'),
('RO', 'Romania'),
('RU', 'Russia'),
('RW', 'Rwanda'),
('SH', 'Saint Helena'),
('KN', 'Saint Kitts and Nevis'),
('LC', 'Saint Lucia'),
('PM', 'Saint Pierre and Miquelon'),
('VC', 'Saint Vincent and the Grenadines'),
('WS', 'Samoa'),
('SM', 'San Marino'),
('ST', 'São Tomé e Príncipe'),
('SA', 'Saudi Arabia'),
('SN', 'Senegal'),
('CS', 'Serbia and Montenegro'),
('SC', 'Seychelles'),
('SL', 'Sierra Leone'),
('SG', 'Singapore'),
('SK', 'Slovakia'),
('SI', 'Slovenia'),
('SB', 'Solomon Islands'),
('SO', 'Somalia'),
('ZA', 'South Africa'),
('ES', 'Spain'),
('LK', 'Sri Lanka'),
('SD', 'Sudan'),
('SR', 'Suriname'),
('SZ', 'Swaziland'),
('SE', 'Sweden'),
('CH', 'Switzerland'),
('SY', 'Syria'),
('TW', 'Taiwan'),
('TJ', 'Tajikistan'),
('TZ', 'Tanzania'),
('TH', 'Thailand'),
('TG', 'Togo'),
('TK', 'Tokelau'),
('TO', 'Tonga'),
('TT', 'Trinidad and Tobago'),
('TN', 'Tunisia'),
('TR', 'Turkey'),
('TM', 'Turkmenistan'),
('TC', 'Turks and Caicos Islands'),
('TV', 'Tuvalu'),
('VI', 'U.S. Virgin Islands'),
('UG', 'Uganda'),
('UA', 'Ukraine'),
('AE', 'United Arab Emirates'),
('GB', 'United Kingdom'),
('UY', 'Uruguay'),
('US', 'USA'),
('UZ', 'Uzbekistan'),
('VU', 'Vanuatu'),
('VA', 'Vatican State'),
('VE', 'Venezuela'),
('VN', 'Viet Nam'),
('WF', 'Wallis and Futuna'),
('YE', 'Yemen'),
('ZM', 'Zambia'),
('ZW', 'Zimbabwe');

-- --------------------------------------------------------

--
-- Table structure for table `distribution`
--

CREATE TABLE IF NOT EXISTS `distribution` (
  `taxon_detail_id` int(10) unsigned NOT NULL,
  `region_id` smallint(5) unsigned NOT NULL,
  `distribution_status_id` tinyint(3) unsigned DEFAULT NULL,
  PRIMARY KEY (`taxon_detail_id`,`region_id`),
  KEY `region_id` (`region_id`),
  KEY `distribution_status_id` (`distribution_status_id`)
) ENGINE=InnoDB DEFAULT CHARSET=utf8 COMMENT='Links combination(s) of region and distribution status to ta';

--
-- Dumping data for table `distribution`
--

INSERT INTO `distribution` (`taxon_detail_id`, `region_id`, `distribution_status_id`) VALUES
(46, 420, NULL),
(50, 209, NULL),
(51, 59, NULL),
(51, 64, NULL),
(51, 66, NULL),
(51, 67, NULL),
(51, 194, NULL),
(51, 212, NULL),
(51, 216, NULL),
(51, 231, NULL),
(51, 249, NULL),
(51, 280, NULL),
(51, 421, NULL),
(51, 433, NULL),
(51, 469, NULL),
(51, 525, NULL),
(51, 554, NULL),
(51, 623, NULL),
(51, 625, NULL),
(51, 636, NULL),
(51, 695, NULL);

-- --------------------------------------------------------

--
-- Table structure for table `distribution_free_text`
--

CREATE TABLE IF NOT EXISTS `distribution_free_text` (
  `id` int(10) unsigned NOT NULL AUTO_INCREMENT,
  `taxon_detail_id` int(10) unsigned NOT NULL,
  `free_text` text NOT NULL COMMENT 'Free text description of distribution; provided mainly to store full text descriptions from the Annual Checklist',
  PRIMARY KEY (`id`),
  KEY `taxon_detail_id` (`taxon_detail_id`)
) ENGINE=InnoDB  DEFAULT CHARSET=utf8 COMMENT='Links text description of distribution to taxon' AUTO_INCREMENT=31 ;

--
-- Dumping data for table `distribution_free_text`
--

INSERT INTO `distribution_free_text` (`id`, `taxon_detail_id`, `free_text`) VALUES
(1, 51, 'USA (contiguous states)'),
(2, 51, 'West Greenland Shelf'),
(3, 51, 'United Kingdom'),
(4, 51, 'Svalbard and Jan Mayen'),
(5, 51, 'Scotian Shelf'),
(6, 51, 'Russian Federation'),
(7, 51, 'Penobscot Bay'),
(8, 51, 'Northwest to Northeast Atlantic:  Cape Hatteras to...'),
(9, 51, 'Northeast U.S. Continental Shelf'),
(10, 51, 'Newfoundland-Labrador Shelf'),
(11, 51, 'Isle of Man'),
(12, 51, 'Iceland Shelf/Sea'),
(13, 51, 'Germany, Fed. Rep.'),
(14, 51, 'Faroe Plateau'),
(15, 51, 'Faeroe Islands'),
(16, 51, 'East Greenland Shelf/Sea'),
(17, 51, 'China'),
(18, 51, 'Channel Islands'),
(19, 51, 'Barents Sea'),
(20, 51, 'Canada'),
(21, 51, 'Celtic-Biscay Shelf'),
(22, 51, 'Atlantic, Western Central'),
(23, 51, 'Atlantic, Northwest'),
(24, 51, 'Atlantic, Northeast'),
(25, 51, 'Atlantic Ocean'),
(26, 59, 'Iceland, France'),
(27, 50, 'Africa:  Lake Tana in Ethiopia.'),
(28, 50, 'Africa-Inland Waters'),
(29, 50, 'Ethiopian'),
(30, 52, 'North America');

-- --------------------------------------------------------

--
-- Table structure for table `distribution_status`
--

CREATE TABLE IF NOT EXISTS `distribution_status` (
  `id` tinyint(3) unsigned NOT NULL AUTO_INCREMENT,
  `status` varchar(100) NOT NULL COMMENT 'Distribution status (common, rare, etc.)',
  PRIMARY KEY (`id`),
  UNIQUE KEY `status` (`status`)
) ENGINE=InnoDB DEFAULT CHARSET=utf8 COMMENT='Predetermined list of distribution statuses' AUTO_INCREMENT=1 ;

--
-- Dumping data for table `distribution_status`
--


-- --------------------------------------------------------

--
-- Table structure for table `habitat`
--

CREATE TABLE IF NOT EXISTS `habitat` (
  `id` smallint(5) unsigned NOT NULL AUTO_INCREMENT,
  `habitat_standard_id` tinyint(3) unsigned NOT NULL,
  `original_code` varchar(25) NOT NULL COMMENT 'Original ID or code of the habitat type in the standard referenced in habitat_standard_id',
  `name` varchar(255) NOT NULL COMMENT 'Habitat type',
  PRIMARY KEY (`id`),
  UNIQUE KEY `unique` (`habitat_standard_id`,`original_code`,`name`),
  KEY `habitat_standard_id` (`habitat_standard_id`),
  KEY `original_code` (`original_code`),
  KEY `name` (`name`)
) ENGINE=InnoDB  DEFAULT CHARSET=utf8 COMMENT='Predetermined list of habitat types' AUTO_INCREMENT=93 ;

--
-- Dumping data for table `habitat`
--

INSERT INTO `habitat` (`id`, `habitat_standard_id`, `original_code`, `name`) VALUES
(1, 1, '1', 'Forest'),
(2, 1, '1.1', 'Boreal'),
(3, 1, '1.2', 'Subarctic'),
(4, 1, '1.3', 'Subantarctic'),
(5, 1, '1.4', 'Temperate'),
(6, 1, '1.5', 'Subtropical/Tropical Dry'),
(7, 1, '1.6', 'Subtropical/Tropical Moist Lowland'),
(8, 1, '1.7', 'Subtropical/Tropical Mangrove'),
(9, 1, '1.8', 'Subtropical/Tropical Swamp'),
(10, 1, '1.9', 'Subtropical/Tropical Moist Montane'),
(63, 1, '10', 'Coastline'),
(64, 1, '10.1', 'Rocky Shores [includes rocky offshore islands and sea cliffs]'),
(65, 1, '10.2', 'Sand, Shingle or Pebble Shores [includes sand bars, spits, sandy islets, dune systems]'),
(66, 1, '10.3', 'Estuarine Waters'),
(67, 1, '10.4', 'Intertidal Mud, Sand or Salt Flats'),
(68, 1, '10.5', 'Intertidal Marshes [includes salt marshes]'),
(69, 1, '10.6', 'Coastal Brackish/Saline Lagoons'),
(70, 1, '10.7', 'Coastal Freshwater Lagoons'),
(71, 1, '10.8', 'Karst and Other Subterranean Hydrological Systems [marine/coastal]'),
(72, 1, '11', 'Artificial - Terrestrial'),
(73, 1, '11.1', 'Arable Land'),
(74, 1, '11.2', 'Pastureland'),
(75, 1, '11.3', 'Plantations'),
(76, 1, '11.4', 'Rural Gardens'),
(77, 1, '11.5', 'Urban Areas '),
(78, 1, '11.6', 'Subtropical/Tropical Heavily Degraded Former Forest'),
(79, 1, '12', 'Artificial - Aquatic'),
(89, 1, '12.1', 'Karst and Other Subterranean Hydrological Systems [human-made]'),
(80, 1, '12.1', 'Water Storage Areas (over  8 ha)'),
(81, 1, '12.2', 'Ponds (below 8 ha)'),
(82, 1, '12.3', 'Aquaculture Ponds'),
(83, 1, '12.4', 'Salt Exploitation Sites'),
(84, 1, '12.5', 'Excavations (open)'),
(85, 1, '12.6', 'Wastewater Treatment Areas'),
(86, 1, '12.7', 'Irrigated Land [includes irrigation channels]'),
(87, 1, '12.8', 'Seasonally Flooded Agricultural Land'),
(88, 1, '12.9', 'Canals and Drainage Channels, Ditches'),
(90, 1, '13', 'Introduced Vegetation'),
(91, 1, '14', 'Other'),
(92, 1, '15', 'Unknown'),
(11, 1, '2', 'Savanna'),
(12, 1, '2.1', 'Dry'),
(13, 1, '2.2', 'Moist'),
(14, 1, '3', 'Shrubland'),
(15, 1, '3.1', 'Subarctic'),
(16, 1, '3.2', 'Subantarctic'),
(17, 1, '3.3', 'Boreal'),
(18, 1, '3.4', 'Temperate'),
(19, 1, '3.5', 'Subtropical/Tropical Dry'),
(20, 1, '3.6', 'Subtropical/Tropical Moist'),
(21, 1, '3.7', 'Subtropical/Tropical High Altitude'),
(22, 1, '3.8', 'Mediterranean-type Shrubby Vegetation'),
(23, 1, '4', 'Grassland'),
(24, 1, '4.1', 'Tundra'),
(25, 1, '4.2', 'Subarctic'),
(26, 1, '4.3', 'Subantarctic'),
(27, 1, '4.4', 'Temperate'),
(28, 1, '4.5', 'Subtropical/Tropical Dry Lowland'),
(29, 1, '4.6', 'Subtropical/Tropical Seasonally Wet/Flooded Lowland'),
(30, 1, '4.7', 'Subtropical/Tropical High Altitude'),
(31, 1, '5', 'Wetlands (inland)'),
(32, 1, '5.1', 'Permanent Rivers/Streams/Creeks [includes waterfalls]'),
(41, 1, '5.1', 'Tundra Wetlands [includes pools and temporary waters from snowmelt] '),
(42, 1, '5.11', 'Alpine Wetlands [includes temporary waters from snowmelt]'),
(43, 1, '5.12', 'Geothermal Wetlands'),
(44, 1, '5.13', 'Permanent Inland Deltas'),
(45, 1, '5.14', 'Permanent Saline, Brackish or Alkaline Lakes'),
(46, 1, '5.15', 'Seasonal/Intermittent Saline, Brackish or Alkaline Lakes and Flats'),
(47, 1, '5.16', 'Permanent Saline, Brackish or Alkaline Marshes/Pools'),
(48, 1, '5.17', 'Seasonal/Intermittent Saline, Brackish or Alkaline Marshes/Pools'),
(49, 1, '5.18', 'Karst and Other Subterranean Hydrological Systems [inland]'),
(33, 1, '5.2', 'Seasonal/Intermittent/Irregular Rivers/Streams/Creeks'),
(34, 1, '5.3', 'Shrub Dominated Wetlands'),
(35, 1, '5.4', 'Bogs, Marshes, Swamps, Fens, Peatlands'),
(36, 1, '5.5', 'Permanent Freshwater Lakes [over 8 ha]'),
(37, 1, '5.6', 'Seasonal/Intermittent Freshwater Lakes [over 8 ha]'),
(38, 1, '5.7', 'Permanent Freshwater Marshes/Pools [under 8 ha]'),
(39, 1, '5.8', 'Seasonal/Intermittent Freshwater Marshes/Pools [under 8 ha]'),
(40, 1, '5.9', 'Freshwater Springs and Oases'),
(50, 1, '6', 'Rocky Areas [e.g inland cliffs, mountain peaks]'),
(51, 1, '7', 'Caves and Subterranean Habitats (non-aquatic)'),
(52, 1, '7.1', 'Caves'),
(53, 1, '7.2', 'Other Subterranean Habitats'),
(54, 1, '8', 'Desert'),
(55, 1, '8.1', 'Hot'),
(56, 1, '8.2', 'Temperate'),
(57, 1, '8.3', 'Cold'),
(58, 1, '9', 'Sea'),
(59, 1, '9.1', 'Open'),
(60, 1, '9.2', 'Shallow [usually less than 6 m deep at low tide; includes sea bays and straits]'),
(61, 1, '9.3', 'Subtidal Aquatic Beds [kelp beds, sea- grass beds and tropical marine meadows] '),
(62, 1, '9.4', 'Coral Reefs');

-- --------------------------------------------------------

--
-- Table structure for table `habitat_standard`
--

CREATE TABLE IF NOT EXISTS `habitat_standard` (
  `id` tinyint(3) unsigned NOT NULL AUTO_INCREMENT,
  `standard` varchar(50) NOT NULL COMMENT 'Standard used to describe the habitat types',
  `version` varchar(10) DEFAULT NULL COMMENT 'Version of the standard used',
  PRIMARY KEY (`id`),
  UNIQUE KEY `standard` (`standard`)
) ENGINE=InnoDB  DEFAULT CHARSET=utf8 COMMENT='TDWG standard(s) used in habitat table' AUTO_INCREMENT=2 ;

--
-- Dumping data for table `habitat_standard`
--

INSERT INTO `habitat_standard` (`id`, `standard`, `version`) VALUES
(1, 'IUCN Habitats', '2.1');

-- --------------------------------------------------------

--
-- Table structure for table `habitat_to_taxon_detail`
--

CREATE TABLE IF NOT EXISTS `habitat_to_taxon_detail` (
  `habitat_id` smallint(5) unsigned NOT NULL,
  `taxon_detail_id` int(10) unsigned NOT NULL,
  PRIMARY KEY (`habitat_id`,`taxon_detail_id`),
  KEY `taxon_detail_id` (`taxon_detail_id`)
) ENGINE=InnoDB DEFAULT CHARSET=utf8 COMMENT='Links habitat type(s) to taxon';

--
-- Dumping data for table `habitat_to_taxon_detail`
--


-- --------------------------------------------------------

--
-- Table structure for table `hybrid`
--

CREATE TABLE IF NOT EXISTS `hybrid` (
  `taxon_id` int(10) unsigned NOT NULL,
  `parent_taxon_id` int(10) unsigned NOT NULL COMMENT 'References two (or three) parent taxon ids',
  PRIMARY KEY (`taxon_id`,`parent_taxon_id`),
  KEY `parent_taxon_id` (`parent_taxon_id`)
) ENGINE=InnoDB DEFAULT CHARSET=utf8 COMMENT='Links to parent taxa of hybrids';

--
-- Dumping data for table `hybrid`
--

INSERT INTO `hybrid` (`taxon_id`, `parent_taxon_id`) VALUES
(67, 65),
(67, 66);

-- --------------------------------------------------------

--
-- Table structure for table `language`
--

CREATE TABLE IF NOT EXISTS `language` (
  `iso` char(3) NOT NULL COMMENT 'ISO 639-2 Alpha-3 code',
  `name` varchar(100) NOT NULL COMMENT 'Language',
  PRIMARY KEY (`iso`),
  KEY `name` (`name`)
) ENGINE=InnoDB DEFAULT CHARSET=utf8 COMMENT='Predetermined list of ISO 639-2 Alpha-3 codes';

--
-- Dumping data for table `language`
--

INSERT INTO `language` (`iso`, `name`) VALUES
('oun', '!O!ung'),
('nmn', '!Xóõ'),
('hnh', '//Ani'),
('gnk', '//Gana'),
('xeg', '//Xegwi'),
('gwj', '/Gwi'),
('xam', '/Xam'),
('aot', 'A''tong'),
('apq', 'A-Pucikwar'),
('aiw', 'Aari'),
('aay', 'Aariya'),
('aas', 'Aasáx'),
('kbt', 'Abadi'),
('abg', 'Abaga'),
('abf', 'Abai Sungai'),
('abm', 'Abanyom'),
('mij', 'Abar'),
('aau', 'Abau'),
('abq', 'Abaza'),
('aba', 'Abé'),
('abp', 'Abenlen Ayta'),
('abi', 'Abidji'),
('bsa', 'Abinomn'),
('axb', 'Abipon'),
('ash', 'Abishira'),
('abk', 'Abkhazian'),
('aob', 'Abom'),
('abo', 'Abon'),
('abr', 'Abron'),
('ado', 'Abu'),
('abn', 'Abua'),
('abz', 'Abui'),
('kgr', 'Abun'),
('abu', 'Abure'),
('mgj', 'Abureni'),
('ckk', 'Acatenango Southwestern Cakchiquel'),
('tpx', 'Acatepec Tlapanec'),
('aca', 'Achagua'),
('acn', 'Achang'),
('guq', 'Aché'),
('acz', 'Acheron'),
('ace', 'Achinese'),
('act', 'Achterhoeks'),
('acu', 'Achuar-Shiwiar'),
('acv', 'Achumawi'),
('ach', 'Acoli'),
('acs', 'Acroá'),
('adb', 'Adabe'),
('xad', 'Adai'),
('fub', 'Adamawa Fulfulde'),
('ads', 'Adamorobe Sign Language'),
('adn', 'Adang'),
('adq', 'Adangbe'),
('ada', 'Adangme'),
('adp', 'Adap'),
('tiu', 'Adasen'),
('ade', 'Adele'),
('adh', 'Adhola'),
('adi', 'Adi'),
('adj', 'Adioukrou'),
('ort', 'Adivasi Oriya'),
('gas', 'Adiwasi Garasia'),
('adt', 'Adnyamathanha'),
('adr', 'Adonara'),
('adu', 'Aduge'),
('ady', 'Adyghe'),
('adz', 'Adzera'),
('aez', 'Aeka'),
('awi', 'Aekyom'),
('xae', 'Aequian'),
('aeq', 'Aer'),
('aal', 'Afade'),
('aar', 'Afar'),
('afg', 'Afghan Sign Language'),
('aft', 'Afitti'),
('afh', 'Afrihili'),
('afr', 'Afrikaans'),
('afs', 'Afro-Seminole Creole'),
('agd', 'Agarabi'),
('agi', 'Agariya'),
('agc', 'Agatu'),
('avo', 'Agavotaguerra'),
('agq', 'Aghem'),
('ahh', 'Aghu'),
('ggr', 'Aghu Tharnggalu'),
('agx', 'Aghul'),
('xag', 'Aghwan'),
('aif', 'Agi'),
('kit', 'Agob'),
('ibm', 'Agoi'),
('agu', 'Aguacateco'),
('aga', 'Aguano'),
('agr', 'Aguaruna'),
('aug', 'Aguna'),
('msm', 'Agusan Manobo'),
('agn', 'Agutaynen'),
('yay', 'Agwagwune'),
('ahn', 'Àhàn'),
('aha', 'Ahanta'),
('thm', 'Aheu'),
('ahr', 'Ahirani'),
('aho', 'Ahom'),
('aht', 'Ahtena'),
('aih', 'Ai-Cham'),
('aix', 'Aighon'),
('tba', 'Aikanã'),
('mwg', 'Aiklep'),
('aiq', 'Aimaq'),
('ail', 'Aimele'),
('aim', 'Aimol'),
('aic', 'Ainbai'),
('aib', 'Ainu (China)'),
('ain', 'Ainu (Japan)'),
('aki', 'Aiome'),
('air', 'Airoran'),
('aio', 'Aiton'),
('ajg', 'Aja (Benin)'),
('aja', 'Aja (Sudan)'),
('ajw', 'Ajawa'),
('aji', 'Ajië'),
('cpc', 'Ajyíninka Apurucayali'),
('akq', 'Ak'),
('soh', 'Aka'),
('abj', 'Aka-Bea'),
('akm', 'Aka-Bo'),
('aci', 'Aka-Cari'),
('akj', 'Aka-Jeru'),
('akx', 'Aka-Kede'),
('aky', 'Aka-Kol'),
('ack', 'Aka-Kora'),
('aka', 'Akan'),
('acl', 'Akar-Bale'),
('aks', 'Akaselem'),
('ake', 'Akawaio'),
('aik', 'Ake'),
('keu', 'Akebu'),
('tsr', 'Akei'),
('aeu', 'Akeu'),
('ahk', 'Akha'),
('akv', 'Akhvakh'),
('akk', 'Akkadian'),
('sia', 'Akkala Sami'),
('akl', 'Aklanon'),
('akt', 'Akolet'),
('bss', 'Akoose'),
('miw', 'Akoye'),
('akf', 'Akpa'),
('ibe', 'Akpes'),
('afi', 'Akrukay'),
('ayk', 'Akuku'),
('aku', 'Akum'),
('ako', 'Akurio'),
('akw', 'Akwa'),
('alw', 'Alaba-K’abeena'),
('akz', 'Alabama'),
('dul', 'Alabat Island Agta'),
('mim', 'Alacatlatzala Mixtec'),
('ala', 'Alago'),
('wbj', 'Alagwa'),
('alk', 'Alak'),
('amp', 'Alamblak'),
('alj', 'Alangan'),
('xln', 'Alanic'),
('apv', 'Alapmunte'),
('alh', 'Alawa'),
('sqi', 'Albanian'),
('bhk', 'Albay Bicolano'),
('xta', 'Alcozauca Mixtec'),
('alf', 'Alege'),
('gah', 'Alekano'),
('ale', 'Aleut'),
('arq', 'Algerian Arabic'),
('aao', 'Algerian Saharan Arabic'),
('asp', 'Algerian Sign Language'),
('alq', 'Algonquin'),
('aiy', 'Ali'),
('ald', 'Alladian'),
('all', 'Allar'),
('aid', 'Alngith'),
('ypo', 'Alo Phola'),
('zaq', 'Aloápam Zapotec'),
('aol', 'Alor'),
('aes', 'Alsea'),
('xua', 'Alu Kurumba'),
('aub', 'Alugu'),
('aab', 'Alumu-Tesu'),
('alp', 'Alune'),
('yna', 'Aluo'),
('alz', 'Alur'),
('alr', 'Alutor'),
('avd', 'Alviri-Vidari'),
('aly', 'Alyawarr'),
('amm', 'Ama (Papua New Guinea)'),
('nyi', 'Ama (Sudan)'),
('amq', 'Amahai'),
('amc', 'Amahuaca'),
('ali', 'Amaimon'),
('aad', 'Amal'),
('amn', 'Amanab'),
('ama', 'Amanayé'),
('aie', 'Amara'),
('amg', 'Amarag'),
('amr', 'Amarakaeri'),
('aaz', 'Amarasi'),
('zpo', 'Amatlán Zapotec'),
('utp', 'Amba (Solomon Islands)'),
('rwm', 'Amba (Uganda)'),
('amk', 'Ambai'),
('aew', 'Ambakich'),
('abc', 'Ambala Ayta'),
('amv', 'Ambelau'),
('ael', 'Ambele'),
('alm', 'Amblong'),
('amb', 'Ambo'),
('qva', 'Ambo-Pasco Quechua'),
('abs', 'Ambonese Malay'),
('aag', 'Ambrak'),
('abt', 'Ambulas'),
('amj', 'Amdang'),
('adx', 'Amdo Tibetan'),
('aey', 'Amele'),
('ase', 'American Sign Language'),
('ifa', 'Amganad Ifugao'),
('amh', 'Amharic'),
('amy', 'Ami'),
('ami', 'Amis'),
('amo', 'Amo'),
('alx', 'Amol'),
('mbz', 'Amoltepec Mixtec'),
('apg', 'Ampanang'),
('ajz', 'Amri Karbi'),
('amt', 'Amto'),
('adw', 'Amundava'),
('dti', 'Ana Tinga Dogon'),
('anw', 'Anaang'),
('akg', 'Anakalangu'),
('anm', 'Anal'),
('pda', 'Anam'),
('aan', 'Anambé'),
('imi', 'Anamgura'),
('bpo', 'Anasi'),
('acb', 'Áncá'),
('grc', 'Ancient Greek (to 1453)'),
('hbo', 'Ancient Hebrew'),
('xmk', 'Ancient Macedonian'),
('xna', 'Ancient North Arabian'),
('xzp', 'Ancient Zapotec'),
('afd', 'Andai'),
('xaa', 'Andalusian Arabic'),
('hca', 'Andaman Creole Hindi'),
('ana', 'Andaqui'),
('aod', 'Andarum'),
('adg', 'Andegerebinha'),
('anr', 'Andh'),
('ani', 'Andi'),
('bzb', 'Andio'),
('anb', 'Andoa'),
('ano', 'Andoque'),
('anx', 'Andra-Hus'),
('aty', 'Aneityum'),
('anz', 'Anem'),
('aby', 'Aneme Wake'),
('myo', 'Anfillo'),
('agm', 'Angaataha'),
('age', 'Angal'),
('aoe', 'Angal Enen'),
('akh', 'Angal Heneng'),
('njm', 'Angami Naga'),
('yli', 'Angguruk Yali'),
('anp', 'Angika'),
('xno', 'Anglo-Norman'),
('rme', 'Angloromani'),
('aoa', 'Angolar'),
('agg', 'Angor'),
('aog', 'Angoram'),
('tnd', 'Angosturas Tunebo'),
('ypn', 'Ani Phowa'),
('blo', 'Anii'),
('anf', 'Animere'),
('aoi', 'Anindilyakwa'),
('boj', 'Anjam'),
('aak', 'Ankave'),
('amx', 'Anmatyerre'),
('anj', 'Anor'),
('ans', 'Anserma'),
('and', 'Ansus'),
('ant', 'Antakarinya'),
('xmv', 'Antankarana Malagasy'),
('aig', 'Antigua and Barbuda Creole English'),
('anl', 'Anu'),
('anu', 'Anuak'),
('cko', 'Anufo'),
('aui', 'Anuki'),
('auq', 'Anus'),
('aud', 'Anuta'),
('any', 'Anyin'),
('mtb', 'Anyin Morofo'),
('njo', 'Ao Naga'),
('pni', 'Aoheng'),
('aor', 'Aore'),
('kbx', 'Ap Ma'),
('xap', 'Apalachee'),
('apy', 'Apalaí'),
('ena', 'Apali'),
('apo', 'Apalik'),
('mip', 'Apasco-Apoala Mixtec'),
('apt', 'Apatani'),
('api', 'Apiaká'),
('apn', 'Apinayé'),
('app', 'Apma'),
('ahp', 'Aproumu Aizi'),
('apu', 'Apurinã'),
('apx', 'Aputai'),
('xaq', 'Aquitanian'),
('ard', 'Arabana'),
('arl', 'Arabela'),
('ara', 'Arabic'),
('arg', 'Aragonese'),
('akr', 'Araki'),
('atq', 'Aralle-Tabulahan'),
('aam', 'Aramanik'),
('stk', 'Arammba'),
('aaf', 'Aranadan'),
('xrt', 'Aranama-Tamique'),
('jbj', 'Arandai'),
('aro', 'Araona'),
('arp', 'Arapaho'),
('arj', 'Arapaso'),
('arw', 'Arawak'),
('awt', 'Araweté'),
('awm', 'Arawum'),
('aae', 'Arbëreshë Albanian'),
('arv', 'Arbore'),
('aqc', 'Archi'),
('pka', 'Ardham?gadh? Pr?krit'),
('mwc', 'Are'),
('alu', 'Are''are'),
('aea', 'Areba'),
('aem', 'Arem'),
('qxu', 'Arequipa-La Unión Quechua'),
('aed', 'Argentine Sign Language'),
('agj', 'Argobba'),
('agf', 'Arguni'),
('aqr', 'Arhâ'),
('aok', 'Arhö'),
('arh', 'Arhuaco'),
('aac', 'Ari'),
('laz', 'Aribwatsa'),
('ylu', 'Aribwaung'),
('aai', 'Arifama-Miniafia'),
('aqg', 'Arigidi'),
('ark', 'Arikapú'),
('ari', 'Arikara'),
('ait', 'Arikem'),
('xrn', 'Arin'),
('luc', 'Aringa'),
('aoh', 'Arma'),
('xrm', 'Armazic'),
('hye', 'Armenian'),
('aen', 'Armenian Sign Language'),
('apr', 'Arop-Lokep'),
('aps', 'Arop-Sissano'),
('aia', 'Arosi'),
('atz', 'Arta'),
('aru', 'Aruá'),
('msy', 'Aruamu'),
('aur', 'Aruek'),
('lsr', 'Aruop'),
('atx', 'Arutani'),
('aat', 'Arvanitika Albanian'),
('asz', 'As'),
('mtv', 'Asaro''o'),
('asd', 'Asas'),
('cni', 'Asháninka'),
('ahs', 'Ashe'),
('cjo', 'Ashéninka Pajonal'),
('prq', 'Ashéninka Perené'),
('ask', 'Ashkun'),
('csh', 'Asho Chin'),
('atn', 'Ashtiani'),
('asl', 'Asilulu'),
('eiv', 'Askopan'),
('asv', 'Asoa'),
('asm', 'Assamese'),
('xss', 'Assan'),
('sjg', 'Assangori'),
('asb', 'Assiniboine'),
('aii', 'Assyrian Neo-Aramaic'),
('ast', 'Asturian'),
('aum', 'Asu (Nigeria)'),
('asa', 'Asu (Tanzania)'),
('psa', 'Asue Awyu'),
('aua', 'Asumboa'),
('zoo', 'Asunción Mixtepec Zapotec'),
('asr', 'Asuri'),
('atm', 'Ata'),
('atd', 'Ata Manobo'),
('aqp', 'Atakapa'),
('amz', 'Atampaya'),
('mib', 'Atatláhuca Mixtec'),
('tay', 'Atayal'),
('ate', 'Atemble'),
('aph', 'Athpariya'),
('atk', 'Ati'),
('atj', 'Atikamekw'),
('aqm', 'Atohwaim'),
('ato', 'Atong'),
('aox', 'Atorada'),
('atc', 'Atsahuaca'),
('cch', 'Atsam'),
('atw', 'Atsugewi'),
('pkr', 'Attapady Kurumba'),
('ati', 'Attié'),
('ocu', 'Atzingo Matlatzinca'),
('avt', 'Au'),
('kud', 'Auhelawa'),
('djk', 'Aukan'),
('aul', 'Aulua'),
('aux', 'Aurá'),
('auh', 'Aushi'),
('avs', 'Aushiri'),
('aut', 'Austral'),
('asw', 'Australian Aborigines Sign Language'),
('asf', 'Australian Sign Language'),
('asq', 'Austrian Sign Language'),
('smf', 'Auwe'),
('auu', 'Auye'),
('auo', 'Auyokawa'),
('avv', 'Avá-Canoeiro'),
('ava', 'Avaric'),
('avn', 'Avatime'),
('avb', 'Avau'),
('ave', 'Avestan'),
('avi', 'Avikam'),
('avu', 'Avokaya'),
('awb', 'Awa'),
('kwi', 'Awa-Cuaiquer'),
('awk', 'Awabakal'),
('bcu', 'Awad Bing'),
('awa', 'Awadhi'),
('awo', 'Awak'),
('aya', 'Awar'),
('awx', 'Awara'),
('awh', 'Awbono'),
('bob', 'Aweer'),
('awr', 'Awera'),
('awe', 'Awetí'),
('azo', 'Awing'),
('auy', 'Awiyaana'),
('auj', 'Awjilah'),
('awn', 'Awngi'),
('kmn', 'Awtuw'),
('yiu', 'Awu'),
('aww', 'Awun'),
('afu', 'Awutu'),
('auw', 'Awyi'),
('ahb', 'Axamb'),
('yix', 'Axi Yi'),
('ayd', 'Ayabadhu'),
('quy', 'Ayacucho Quechua'),
('vmy', 'Ayautla Mazatec'),
('aye', 'Ayere'),
('ayx', 'Ayi (China)'),
('ayq', 'Ayi (Papua New Guinea)'),
('nfl', 'Ayiwo'),
('yyz', 'Ayizi'),
('ayb', 'Ayizo Gbe'),
('aym', 'Aymara'),
('zaf', 'Ayoquesco Zapotec'),
('ayo', 'Ayoreo'),
('ayu', 'Ayu'),
('miy', 'Ayutla Mixtec'),
('aze', 'Azerbaijani'),
('aza', 'Azha'),
('yiz', 'Azhe'),
('tpc', 'Azoyú Tlapanec'),
('bvj', 'Baan'),
('bqx', 'Baangi'),
('bba', 'Baatonum'),
('bbw', 'Baba'),
('mbf', 'Baba Malay'),
('bbz', 'Babalia Creole Arabic'),
('bbm', 'Babango'),
('bbk', 'Babanki'),
('baa', 'Babatana'),
('bcr', 'Babine'),
('bzg', 'Babuza'),
('bcy', 'Bacama'),
('btj', 'Bacanese Malay'),
('tzb', 'Bachajón Tzeltal'),
('xbc', 'Bactrian'),
('bhz', 'Bada (Indonesia)'),
('bau', 'Bada (Nigeria)'),
('bfq', 'Badaga'),
('bde', 'Bade'),
('bdz', 'Badeshi'),
('khd', 'Bädi Kanum'),
('bia', 'Badimaya'),
('bac', 'Badui'),
('pbp', 'Badyara'),
('bvd', 'Baeggu'),
('bvc', 'Baelelea'),
('btr', 'Baetora'),
('bfj', 'Bafanji'),
('bwt', 'Bafaw-Balong'),
('ksf', 'Bafia'),
('bfd', 'Bafut'),
('bcg', 'Baga Binari'),
('bqf', 'Baga Kaloum'),
('bgo', 'Baga Koga'),
('bmd', 'Baga Manduri'),
('bgm', 'Baga Mboteni'),
('bsp', 'Baga Sitemu'),
('bsv', 'Baga Sobané'),
('bfy', 'Bagheli'),
('bmi', 'Bagirmi'),
('fui', 'Bagirmi Fulfulde'),
('bqg', 'Bago-Kusuntu'),
('bgq', 'Bagri'),
('bpi', 'Bagupi'),
('bqb', 'Bagusa'),
('kva', 'Bagvalal'),
('yha', 'Baha Buyang'),
('bdw', 'Baham'),
('bah', 'Bahamas Creole English'),
('abv', 'Baharna Arabic'),
('bhv', 'Bahau'),
('bjh', 'Bahinemo'),
('bhj', 'Bahing'),
('bdq', 'Bahnar'),
('bsu', 'Bahonsuai'),
('bdj', 'Bai'),
('bbf', 'Baibai'),
('bkx', 'Baikeno'),
('bqh', 'Baima'),
('bmx', 'Baimak'),
('bcz', 'Bainouk-Gunyaamolo'),
('bab', 'Bainouk-Gunyuño'),
('bcb', 'Bainouk-Samik'),
('bsw', 'Baiso'),
('fah', 'Baissa Fali'),
('bjs', 'Bajan'),
('bjm', 'Bajelani'),
('bkc', 'Baka (Cameroon)'),
('bdh', 'Baka (Sudan)'),
('bkq', 'Bakairí'),
('bqz', 'Bakaka'),
('bqi', 'Bakhtiari'),
('bki', 'Baki'),
('bkh', 'Bakoko'),
('kme', 'Bakole'),
('bbs', 'Bakpinka'),
('bkr', 'Bakumpai'),
('bjw', 'Bakwé'),
('bls', 'Balaesang'),
('blw', 'Balangao'),
('sse', 'Balangingi'),
('bjt', 'Balanta-Ganja'),
('ble', 'Balanta-Kentohe'),
('blz', 'Balantak'),
('blg', 'Balau'),
('bdn', 'Baldemu'),
('bcp', 'Bali (Democratic Republic of Congo)'),
('bcn', 'Bali (Nigeria)'),
('ban', 'Balinese'),
('mhp', 'Balinese Malay'),
('bgx', 'Balkan Gagauz Turkish'),
('rmn', 'Balkan Romani'),
('bqo', 'Balo'),
('biz', 'Baloi'),
('bft', 'Balti'),
('rml', 'Baltic Romani'),
('blq', 'Baluan-Pam'),
('bal', 'Baluchi'),
('bog', 'Bamako Sign Language'),
('bbq', 'Bamali'),
('bmo', 'Bambalang'),
('ptu', 'Bambam'),
('bam', 'Bambara'),
('myf', 'Bambassi'),
('baw', 'Bambili-Bambui'),
('bce', 'Bamenyam'),
('bcf', 'Bamu'),
('bqt', 'Bamukumbit'),
('bax', 'Bamun'),
('bvm', 'Bamunka'),
('bmg', 'Bamwe'),
('bfk', 'Ban Khor Sign Language'),
('bcw', 'Bana'),
('bjx', 'Banao Itneg'),
('byz', 'Banaro'),
('bnd', 'Banda (Indonesia)'),
('bpq', 'Banda Malay'),
('liy', 'Banda-Bambari'),
('bpd', 'Banda-Banda'),
('bqk', 'Banda-Mbrès'),
('bfl', 'Banda-Ndélé'),
('yaj', 'Banda-Yangere'),
('bza', 'Bandi'),
('bqj', 'Bandial'),
('bdy', 'Bandjalang'),
('bjd', 'Bandjigali'),
('bxg', 'Bangala'),
('bgf', 'Bangandu'),
('bbe', 'Bangba'),
('bgz', 'Banggai'),
('bjb', 'Banggarla'),
('bni', 'Bangi'),
('dba', 'Bangi Me'),
('mfb', 'Bangka'),
('bgj', 'Bangolan'),
('bnx', 'Bangubangu'),
('bsj', 'Bangwinji'),
('bvv', 'Baniva'),
('bwi', 'Baniwa'),
('bjn', 'Banjar'),
('bxw', 'Bankagooma'),
('abb', 'Bankon'),
('bcm', 'Bannoni'),
('bap', 'Bantawa'),
('bnq', 'Bantik'),
('bno', 'Bantoanon'),
('bci', 'Baoulé'),
('bhr', 'Bara Malagasy'),
('brd', 'Baraamu'),
('bbb', 'Barai'),
('baj', 'Barakai'),
('kys', 'Baram Kayan'),
('bbg', 'Barama'),
('brm', 'Barambu'),
('bmz', 'Baramu'),
('brp', 'Barapasi'),
('brs', 'Baras'),
('bsn', 'Barasana-Eduria'),
('bpb', 'Barbacoas'),
('boi', 'Barbareño'),
('gry', 'Barclayville Grebo'),
('bcj', 'Bardi'),
('bae', 'Baré'),
('bva', 'Barein'),
('mlp', 'Bargam'),
('bfa', 'Bari'),
('bch', 'Bariai'),
('bjc', 'Bariji'),
('bxo', 'Barikanchi'),
('bjk', 'Barok'),
('bbi', 'Barombi'),
('tbn', 'Barro Negro Tunebo'),
('bpt', 'Barrow Point'),
('bjz', 'Baruga'),
('byr', 'Baruya'),
('bwg', 'Barwe'),
('bjf', 'Barzani Jewish Neo-Aramaic'),
('bas', 'Basa (Cameroon)'),
('bzw', 'Basa (Nigeria)'),
('bsl', 'Basa-Gumna'),
('buj', 'Basa-Gurmana'),
('bdb', 'Basap'),
('byq', 'Basay'),
('bsg', 'Bashkardi'),
('bak', 'Bashkir'),
('bst', 'Basketo'),
('eus', 'Basque'),
('bsq', 'Bassa'),
('bsr', 'Bassa-Kontagora'),
('bsc', 'Bassari'),
('bsi', 'Bassossi'),
('bta', 'Bata'),
('ayt', 'Bataan Ayta'),
('ifb', 'Batad Ifugao'),
('bya', 'Batak'),
('btz', 'Batak Alas-Kluet'),
('akb', 'Batak Angkola'),
('btd', 'Batak Dairi'),
('btx', 'Batak Karo'),
('btm', 'Batak Mandailing'),
('bts', 'Batak Simalungun'),
('bbc', 'Batak Toba'),
('bnm', 'Batanga'),
('btq', 'Batek'),
('btv', 'Bateri'),
('bhm', 'Bathari'),
('btc', 'Bati (Cameroon)'),
('bvt', 'Bati (Indonesia)'),
('bbl', 'Bats'),
('btu', 'Batu'),
('zbt', 'Batui'),
('bay', 'Batuley'),
('bbd', 'Bau'),
('sne', 'Bau Bidayuh'),
('bsf', 'Bauchi'),
('brg', 'Baure'),
('bge', 'Bauria'),
('bxa', 'Bauro'),
('bwk', 'Bauwaki'),
('bvz', 'Bauzi'),
('bar', 'Bavarian'),
('bgr', 'Bawm Chin'),
('mkq', 'Bay Miwok'),
('bjy', 'Bayali'),
('byg', 'Baygo'),
('byl', 'Bayono'),
('bda', 'Bayot'),
('bxj', 'Bayungu'),
('bfr', 'Bazigar'),
('beo', 'Beami'),
('bea', 'Beaver'),
('bfp', 'Beba'),
('bzv', 'Bebe'),
('beb', 'Bebele'),
('bek', 'Bebeli'),
('bxp', 'Bebil'),
('tnr', 'Bedik'),
('bjv', 'Bedjond'),
('bed', 'Bedoanas'),
('bkf', 'Beeke'),
('bxq', 'Beele'),
('beq', 'Beembe'),
('bnz', 'Beezen'),
('bby', 'Befang'),
('bqv', 'Begbere-Ejar'),
('bej', 'Beja'),
('bei', 'Bekati'''),
('bkv', 'Bekwarra'),
('bkw', 'Bekwil'),
('beg', 'Belait'),
('bxb', 'Belanda Bor'),
('bvi', 'Belanda Viri'),
('bel', 'Belarusian'),
('byw', 'Belhariya'),
('bey', 'Beli (Papua New Guinea)'),
('blm', 'Beli (Sudan)'),
('bzj', 'Belize Kriol English'),
('blc', 'Bella Coola'),
('brw', 'Bellari'),
('bmy', 'Bemba (Democratic Republic of Congo)'),
('bem', 'Bemba (Zambia)'),
('bmb', 'Bembe'),
('yun', 'Bena (Nigeria)'),
('bez', 'Bena (Tanzania)'),
('bef', 'Benabena'),
('bcq', 'Bench'),
('bdp', 'Bende'),
('bct', 'Bendi'),
('nhb', 'Beng'),
('bng', 'Benga'),
('ben', 'Bengali'),
('bgy', 'Benggoi'),
('bqy', 'Bengkala Sign Language'),
('bnu', 'Bentong'),
('byd', 'Benyadu'''),
('bue', 'Beothuk'),
('bie', 'Bepour'),
('brf', 'Bera'),
('bxv', 'Berakou'),
('bve', 'Berau Malay'),
('brc', 'Berbice Creole Dutch'),
('bkl', 'Berik'),
('bit', 'Berinomo'),
('bom', 'Berom'),
('wti', 'Berta'),
('byt', 'Berti'),
('mhe', 'Besisi'),
('bes', 'Besme'),
('bep', 'Besoa'),
('bfe', 'Betaf'),
('bew', 'Betawi'),
('byf', 'Bete'),
('btt', 'Bete-Bendi'),
('btb', 'Beti (Cameroon)'),
('eot', 'Beti (Côte d''Ivoire)'),
('xub', 'Betta Kurumba'),
('kap', 'Bezhta'),
('bhd', 'Bhadrawahi'),
('bhx', 'Bhalay'),
('bha', 'Bharia'),
('btl', 'Bhatola'),
('bgw', 'Bhatri'),
('bht', 'Bhattiyali'),
('bhe', 'Bhaya'),
('bhy', 'Bhele'),
('bhi', 'Bhilali'),
('bhb', 'Bhili'),
('bho', 'Bhojpuri'),
('nes', 'Bhoti Kinnauri'),
('bhu', 'Bhunjia'),
('bif', 'Biafada'),
('bhw', 'Biak'),
('beh', 'Biali'),
('bpv', 'Bian Marind'),
('big', 'Biangai'),
('byk', 'Biao'),
('bmt', 'Biao Mon'),
('bje', 'Biao-Jiao Mien'),
('bth', 'Biatah Bidayuh'),
('bid', 'Bidiyo'),
('bym', 'Bidyara'),
('bjg', 'Bidyogo'),
('bmc', 'Biem'),
('bnk', 'Bierebo'),
('brj', 'Bieria'),
('biu', 'Biete'),
('nmb', 'Big Nambas'),
('bhc', 'Biga'),
('bix', 'Bijori'),
('bic', 'Bikaru'),
('bik', 'Bikol'),
('byb', 'Bikya'),
('bip', 'Bila'),
('bql', 'Bilakura'),
('kfs', 'Bilaspuri'),
('bpz', 'Bilba'),
('brz', 'Bilbil'),
('bil', 'Bile'),
('byn', 'Bilin'),
('bms', 'Bilma Kanuri'),
('bll', 'Biloxi'),
('blb', 'Bilua'),
('bxf', 'Bilur'),
('bhp', 'Bima'),
('bhl', 'Bimin'),
('bim', 'Bimoba'),
('byj', 'Bina (Nigeria)'),
('bmn', 'Bina (Papua New Guinea)'),
('bxz', 'Binahari'),
('bhg', 'Binandere'),
('bon', 'Bine'),
('bin', 'Bini'),
('bpj', 'Binji'),
('itb', 'Binongan Itneg'),
('bne', 'Bintauna'),
('bny', 'Bintulu'),
('bkd', 'Binukid'),
('bjr', 'Binumarien'),
('biq', 'Bipi'),
('bxe', 'Birale'),
('brr', 'Birao'),
('btf', 'Birgit'),
('biy', 'Birhor'),
('bzr', 'Biri'),
('bqq', 'Biritai'),
('brk', 'Birked'),
('bvq', 'Birri'),
('brl', 'Birwa'),
('ije', 'Biseni'),
('bpy', 'Bishnupriya'),
('bwh', 'Bishuo'),
('bnw', 'Bisis'),
('bis', 'Bislama'),
('bir', 'Bisorio'),
('bib', 'Bissa'),
('bzi', 'Bisu'),
('bgk', 'Bit'),
('brt', 'Bitare'),
('mcc', 'Bitur'),
('bwm', 'Biwat'),
('byo', 'Biyo'),
('bpm', 'Biyom'),
('blp', 'Blablanga'),
('bfh', 'Blafe'),
('beu', 'Blagar'),
('blr', 'Blang'),
('zbl', 'Blissymbols'),
('bgl', 'Bo (Laos)'),
('bpw', 'Bo (Papua New Guinea)'),
('mae', 'Bo-Rukul'),
('mux', 'Bo-Ung'),
('bzn', 'Boano (Maluku)'),
('bzl', 'Boano (Sulawesi)'),
('bgb', 'Bobongko'),
('bty', 'Bobot'),
('boy', 'Bodo (Central African Republic)'),
('brx', 'Bodo (India)'),
('gbj', 'Bodo Gadaba'),
('bdv', 'Bodo Parja'),
('bff', 'Bofi'),
('bvw', 'Boga'),
('boq', 'Bogaya'),
('bux', 'Boghom'),
('bqu', 'Boguru'),
('bhn', 'Bohtan Neo-Aramaic'),
('bzf', 'Boikin'),
('ybk', 'Bokha'),
('bqc', 'Boko (Benin)'),
('bkp', 'Boko (Democratic Republic of Congo)'),
('bus', 'Bokobaru'),
('bdt', 'Bokoto'),
('bky', 'Bokyi'),
('bnp', 'Bola'),
('bld', 'Bolango'),
('bol', 'Bole'),
('xbo', 'Bolgarian'),
('bvo', 'Bolgo'),
('bli', 'Bolia'),
('smk', 'Bolinao'),
('bvl', 'Bolivian Sign Language'),
('blv', 'Bolo'),
('bkt', 'Boloki'),
('bof', 'Bolon'),
('bzm', 'Bolondo'),
('blj', 'Bolongan'),
('ply', 'Bolyu'),
('bmf', 'Bom'),
('boh', 'Boma'),
('bml', 'Bomboli'),
('bws', 'Bomboma'),
('zmx', 'Bomitaba'),
('bmq', 'Bomu'),
('bmw', 'Bomwali'),
('glc', 'Bon Gula'),
('peh', 'Bonan'),
('bou', 'Bondei'),
('bfw', 'Bondo'),
('kzc', 'Bondoukou Kulango'),
('dbu', 'Bondum Dom Dogon'),
('bna', 'Bonerate'),
('bnv', 'Bonerif'),
('bdg', 'Bonggi'),
('bpg', 'Bonggo'),
('bui', 'Bongili'),
('bot', 'Bongo'),
('bpu', 'Bongu'),
('bok', 'Bonjo'),
('bvg', 'Bonkeng'),
('bop', 'Bonkiman'),
('bnb', 'Bookan'),
('bnl', 'Boon'),
('bvf', 'Boor'),
('boa', 'Bora'),
('gax', 'Borana-Arsi-Guji Oromo'),
('kvn', 'Border Kuna'),
('gai', 'Borei'),
('fue', 'Borgu Fulfulde'),
('bxx', 'Borna'),
('bwo', 'Boro'),
('ksr', 'Borong'),
('bor', 'Borôro'),
('brn', 'Boruca'),
('bwf', 'Boselewa'),
('bqs', 'Bosngun'),
('bos', 'Bosnian'),
('bmj', 'Bote-Majhi'),
('bph', 'Botlikh'),
('sbl', 'Botolan Sambal'),
('nku', 'Bouna Kulango'),
('pcc', 'Bouyei'),
('bzo', 'Bozaba'),
('aof', 'Bragat'),
('brh', 'Brahui'),
('bra', 'Braj'),
('bzs', 'Brazilian Sign Language'),
('kvl', 'Brek Karen'),
('buq', 'Brem'),
('brq', 'Breri'),
('bre', 'Breton'),
('bzd', 'Bribri'),
('bzt', 'Brithenig'),
('bfi', 'British Sign Language'),
('bro', 'Brokkat'),
('sgt', 'Brokpake'),
('bkk', 'Brokskat'),
('plw', 'Brooke''s Point Palawano'),
('bpl', 'Broome Pearling Lugger Pidgin'),
('kxd', 'Brunei'),
('bsb', 'Brunei Bisaya'),
('jid', 'Bu'),
('bwx', 'Bu-Nao Bunu'),
('bub', 'Bua'),
('cbl', 'Bualkhaw Chin'),
('box', 'Buamu'),
('bvb', 'Bube'),
('buw', 'Bubi'),
('bbx', 'Bubia'),
('stt', 'Budeh Stieng'),
('btp', 'Budibud'),
('bdx', 'Budong-Budong'),
('buu', 'Budu'),
('bdk', 'Budukh'),
('bdm', 'Buduma'),
('bja', 'Budza'),
('bbh', 'Bugan'),
('buk', 'Bugawac'),
('bgt', 'Bughotu'),
('bug', 'Buginese'),
('sab', 'Buglere'),
('bgg', 'Bugun'),
('bku', 'Buhid'),
('bxh', 'Buhutu'),
('byh', 'Bujhyal'),
('sdo', 'Bukar-Sadung Bidayuh'),
('bvk', 'Bukat'),
('bhh', 'Bukharic'),
('bvu', 'Bukit Malay'),
('bkn', 'Bukitan'),
('ape', 'Bukiyip'),
('tkb', 'Buksa'),
('bxk', 'Bukusu'),
('buz', 'Bukwen'),
('bul', 'Bulgarian'),
('bqn', 'Bulgarian Sign Language'),
('bmp', 'Bulgebi'),
('bwu', 'Buli (Ghana)'),
('bzq', 'Buli (Indonesia)'),
('buy', 'Bullom So'),
('sti', 'Bulo Stieng'),
('bum', 'Bulu (Cameroon)'),
('bjl', 'Bulu (Papua New Guinea)'),
('bmv', 'Bum'),
('byp', 'Bumaji'),
('aon', 'Bumbita Arapesh'),
('kjz', 'Bumthangkha'),
('buv', 'Bun'),
('bvn', 'Buna'),
('bck', 'Bunaba'),
('bfn', 'Bunak'),
('bdd', 'Bunama'),
('bns', 'Bundeli'),
('bqd', 'Bung'),
('but', 'Bungain'),
('bkz', 'Bungku'),
('wun', 'Bungu'),
('dgb', 'Bunoge Dogon'),
('bnn', 'Bunun'),
('blf', 'Buol'),
('bwr', 'Bura-Pabir'),
('bys', 'Burak'),
('bkg', 'Buraka'),
('bvr', 'Burarra'),
('bti', 'Burate'),
('bxn', 'Burduna'),
('bvh', 'Bure'),
('bua', 'Buriat'),
('bji', 'Burji'),
('vrt', 'Burmbar'),
('mya', 'Burmese'),
('bzu', 'Burmeso'),
('mhs', 'Buru (Indonesia)'),
('bqw', 'Buru (Nigeria)'),
('bry', 'Burui'),
('bmu', 'Burum-Mindik'),
('aip', 'Burumakok'),
('bdi', 'Burun'),
('bds', 'Burunge'),
('bsk', 'Burushaski'),
('bqr', 'Burusu'),
('asi', 'Buruwai'),
('bqp', 'Busa'),
('bxs', 'Busam'),
('bsm', 'Busami'),
('bfg', 'Busang Kayan'),
('buc', 'Bushi'),
('buf', 'Bushoong'),
('bso', 'Buso'),
('bup', 'Busoa'),
('dox', 'Bussa'),
('bju', 'Busuu'),
('kyb', 'Butbut Kalinga'),
('bnr', 'Butmas-Tur'),
('btw', 'Butuanon'),
('bhs', 'Buwal'),
('byy', 'Buya'),
('byi', 'Buyu'),
('jiy', 'Buyuan Jinuo'),
('bww', 'Bwa'),
('bwd', 'Bwaidoka'),
('tte', 'Bwanabwana'),
('bwa', 'Bwatoo'),
('bwe', 'Bwe Karen'),
('bwl', 'Bwela'),
('bwc', 'Bwile'),
('bwz', 'Bwisi'),
('bee', 'Byangsi'),
('mkk', 'Byep'),
('dri', 'C''lela'),
('msq', 'Caac'),
('cjp', 'Cabécar'),
('cbb', 'Cabiyarí'),
('miu', 'Cacaloxtepec Mixtec'),
('ccr', 'Cacaopera'),
('roc', 'Cacgia Roglai'),
('cbv', 'Cacua'),
('cad', 'Caddo'),
('ccd', 'Cafundo Creole'),
('cbh', 'Cagua'),
('cah', 'Cahuarano'),
('chl', 'Cahuilla'),
('qvc', 'Cajamarca Quechua'),
('qvl', 'Cajatambo North Lima Quechua'),
('zad', 'Cajonos Zapotec'),
('frc', 'Cajun French'),
('ckx', 'Caka'),
('ckz', 'Cakchiquel-Quiché Mixed Language'),
('cky', 'Cakfem-Mushere'),
('tbk', 'Calamian Tagbanwa'),
('qud', 'Calderón Highland Quichua'),
('caw', 'Callawalla'),
('rmr', 'Caló'),
('clu', 'Caluyanun'),
('abd', 'Camarines Norte Agta'),
('mcu', 'Cameroon Mambila'),
('wes', 'Cameroon Pidgin'),
('rab', 'Camling'),
('cml', 'Campalagian'),
('sro', 'Campidanese Sardinian'),
('kbh', 'Camsá'),
('cmt', 'Camtho'),
('xcc', 'Camunic'),
('qxr', 'Cañar Highland Quichua'),
('cbu', 'Candoshi-Shapra'),
('ram', 'Canela'),
('caz', 'Canichana'),
('mlc', 'Cao Lan'),
('cov', 'Cao Miao'),
('kaq', 'Capanahua'),
('cps', 'Capiznon'),
('cpg', 'Cappadocian Greek'),
('cot', 'Caquinte'),
('caq', 'Car Nicobarese'),
('cfd', 'Cara'),
('cby', 'Carabayo'),
('crf', 'Caramanta'),
('cbc', 'Carapana'),
('xcr', 'Carian'),
('hns', 'Caribbean Hindustani'),
('jvn', 'Caribbean Javanese'),
('cbd', 'Carijona'),
('crr', 'Carolina Algonquian'),
('cal', 'Carolinian'),
('rmc', 'Carpathian Romani'),
('crx', 'Carrier'),
('cbr', 'Cashibo-Cacataibo'),
('cbs', 'Cashinahua'),
('dgc', 'Casiguran Dumagat Agta'),
('asc', 'Casuarina Coast Asmat'),
('mst', 'Cataelano Mandaya'),
('cat', 'Catalan'),
('csc', 'Catalan Sign Language'),
('chc', 'Catawba'),
('cca', 'Cauca'),
('cav', 'Cavineña'),
('cyb', 'Cayubaba'),
('cay', 'Cayuga'),
('xcy', 'Cayuse'),
('sef', 'Cebaara Senoufo'),
('ceb', 'Cebuano'),
('xce', 'Celtiberian'),
('cam', 'Cemuhî'),
('cen', 'Cen'),
('cns', 'Central Asmat'),
('tzm', 'Central Atlas Tamazight'),
('awu', 'Central Awyu'),
('ayr', 'Central Aymara'),
('bca', 'Central Bai'),
('zbc', 'Central Berawan'),
('bcl', 'Central Bicolano'),
('bnc', 'Central Bontoc'),
('agt', 'Central Cagayan Agta'),
('cak', 'Central Cakchiquel'),
('dtp', 'Central Dusun'),
('grv', 'Central Grebo'),
('zch', 'Central Hongshuihe Zhuang'),
('nch', 'Central Huasteca Nahuatl'),
('hmc', 'Central Huishui Hmong'),
('knc', 'Central Kanuri'),
('khm', 'Central Khmer'),
('ckb', 'Central Kurdish'),
('mwo', 'Central Maewo'),
('pse', 'Central Malay'),
('mvc', 'Central Mam'),
('mxz', 'Central Masela'),
('hmm', 'Central Mashan Hmong'),
('maz', 'Central Mazahua'),
('mel', 'Central Melanau'),
('cmo', 'Central Mnong'),
('nhn', 'Central Nahuatl'),
('ncb', 'Central Nicobarese'),
('ojc', 'Central Ojibwa'),
('ryu', 'Central Okinawan'),
('plc', 'Central Palawano'),
('pbs', 'Central Pame'),
('pst', 'Central Pashto'),
('poc', 'Central Pokomam'),
('poo', 'Central Pomo'),
('ncx', 'Central Puebla Nahuatl'),
('quc', 'Central Quiché'),
('sml', 'Central Sama'),
('ess', 'Central Siberian Yupik'),
('csm', 'Central Sierra Miwok'),
('syb', 'Central Subanen'),
('tgt', 'Central Tagbanwa'),
('tar', 'Central Tarahumara'),
('tuf', 'Central Tunebo'),
('esu', 'Central Yupik'),
('fuq', 'Central-Eastern Niger Fulfulde'),
('cet', 'Centúúm'),
('cme', 'Cerma'),
('quk', 'Chachapoyas Quechua'),
('cbi', 'Chachi'),
('cao', 'Chácobo'),
('shu', 'Chadian Arabic'),
('cds', 'Chadian Sign Language'),
('cdy', 'Chadong'),
('chg', 'Chagatai'),
('ciy', 'Chaima'),
('ixj', 'Chajul Ixil'),
('ckh', 'Chak'),
('cli', 'Chakali'),
('ccp', 'Chakma'),
('cll', 'Chala'),
('cld', 'Chaldean Neo-Aramaic'),
('tgf', 'Chalikha'),
('ceg', 'Chamacoco'),
('cji', 'Chamalal'),
('cdg', 'Chamari'),
('cdh', 'Chambeali'),
('can', 'Chambri'),
('ccc', 'Chamicuro'),
('cha', 'Chamorro'),
('tzc', 'Chamula Tzotzil'),
('yus', 'Chan Santa Cruz Maya'),
('caj', 'Chané'),
('nbc', 'Chang Naga'),
('cga', 'Changriwa'),
('cna', 'Changthang'),
('chx', 'Chantyal'),
('cra', 'Chara'),
('cdn', 'Chaudangsi'),
('ccq', 'Chaungtha'),
('crv', 'Chaura'),
('cbk', 'Chavacano'),
('cbt', 'Chayahuita'),
('mih', 'Chayuco Mixtec'),
('xtb', 'Chazumba Mixtec'),
('ruk', 'Che'),
('che', 'Chechen'),
('mrn', 'Cheke Holo'),
('xch', 'Chemakum'),
('tze', 'Chenalhó Tzotzil'),
('cjn', 'Chenapian'),
('cde', 'Chenchu'),
('cnu', 'Chenoua'),
('cdm', 'Chepang'),
('ycp', 'Chepya'),
('cpn', 'Cherepon'),
('chr', 'Cherokee'),
('ych', 'Chesu'),
('ctc', 'Chetco'),
('cwg', 'Chewong'),
('chy', 'Cheyenne'),
('hne', 'Chhattisgarhi'),
('ctn', 'Chhintange'),
('cur', 'Chhulung'),
('csd', 'Chiangmai Sign Language'),
('cip', 'Chiapanec'),
('chb', 'Chibcha'),
('trs', 'Chicahuaxtla Triqui'),
('zpv', 'Chichicapan Zapotec'),
('pei', 'Chichimeca-Jonaz'),
('cic', 'Chickasaw'),
('cob', 'Chicomuceltec'),
('cgg', 'Chiga'),
('mii', 'Chigmecatitlán Mixtec'),
('clc', 'Chilcotin'),
('cqu', 'Chilean Quechua'),
('csg', 'Chilean Sign Language'),
('clh', 'Chilisso'),
('csa', 'Chiltepec Chinantec'),
('cmk', 'Chimakum'),
('zoh', 'Chimalapa Zoque'),
('cid', 'Chimariko'),
('qug', 'Chimborazo Highland Quichua'),
('cbg', 'Chimila'),
('bxu', 'China Buriat'),
('cih', 'Chinali'),
('cnb', 'Chinbon Chin'),
('qxc', 'Chincha Quechua'),
('zho', 'Chinese'),
('cpi', 'Chinese Pidgin English'),
('csl', 'Chinese Sign Language'),
('chh', 'Chinook'),
('chn', 'Chinook jargon'),
('cap', 'Chipaya'),
('chp', 'Chipewyan'),
('cbe', 'Chipiajes'),
('ciw', 'Chippewa'),
('qxa', 'Chiquián Ancash Quechua'),
('maq', 'Chiquihuitlán Mazatec'),
('cax', 'Chiquitano'),
('nhd', 'Chiripá'),
('cdf', 'Chiru'),
('ctm', 'Chitimacha'),
('cik', 'Chitkuli Kinnauri'),
('ctg', 'Chittagonian'),
('the', 'Chitwania Tharu'),
('zpc', 'Choapan Zapotec'),
('cgk', 'Chocangacakha'),
('coz', 'Chochotec'),
('cho', 'Choctaw'),
('cdi', 'Chodri'),
('nri', 'Chokri Naga'),
('cjk', 'Chokwe'),
('cht', 'Cholón'),
('cog', 'Chong'),
('cda', 'Choni'),
('coh', 'Chonyi-Dzihana-Kauma'),
('cce', 'Chopi'),
('xco', 'Chorasmian'),
('cjr', 'Chorotega'),
('caa', 'Chortí'),
('nct', 'Chothe Naga'),
('crw', 'Chrau'),
('cje', 'Chru'),
('cqd', 'Chuanqiandian Cluster Miao'),
('cjv', 'Chuave'),
('cvg', 'Chug'),
('cuh', 'Chuka'),
('ckt', 'Chukot'),
('cuw', 'Chukwa'),
('clw', 'Chulym'),
('chs', 'Chumash'),
('ncu', 'Chumburung'),
('cdj', 'Churahi'),
('chu', 'Church Slavic'),
('scb', 'Chut'),
('chk', 'Chuukese'),
('xcv', 'Chuvantsy'),
('chv', 'Chuvash'),
('chw', 'Chuwabu'),
('cib', 'Ci Gbe'),
('cia', 'Cia-Cia'),
('ckl', 'Cibak'),
('cim', 'Cimbrian'),
('mkx', 'Cinamiguin Manobo'),
('cdr', 'Cinda-Regi-Tiyal'),
('cie', 'Cineni'),
('cin', 'Cinta Larga'),
('xcg', 'Cisalpine Gaulish'),
('asg', 'Cishingini'),
('txt', 'Citak'),
('tgd', 'Ciwogai'),
('clm', 'Clallam'),
('xcl', 'Classical Armenian'),
('myz', 'Classical Mandaic'),
('cmg', 'Classical Mongolian'),
('nci', 'Classical Nahuatl'),
('nwc', 'Classical Newari'),
('qwc', 'Classical Quechua'),
('syc', 'Classical Syriac'),
('xct', 'Classical Tibetan'),
('xcw', 'Coahuilteco'),
('csi', 'Coast Miwok'),
('kzj', 'Coastal Kadazan'),
('kjc', 'Coastal Konjo'),
('zca', 'Coatecas Altas Zapotec'),
('naz', 'Coatepec Nahuatl'),
('mco', 'Coatlán Mixe'),
('zps', 'Coatlán Zapotec'),
('miz', 'Coatzospan Mixtec'),
('cod', 'Cocama-Cocamilla'),
('coj', 'Cochimi'),
('coc', 'Cocopa'),
('coa', 'Cocos Islands Malay'),
('crd', 'Coeur d''Alene'),
('con', 'Cofán'),
('kog', 'Cogui'),
('liw', 'Col'),
('csn', 'Colombian Sign Language'),
('gct', 'Colonia Tovar German'),
('cof', 'Colorado'),
('col', 'Columbia-Wenatchi'),
('cco', 'Comaltepec Chinantec'),
('com', 'Comanche'),
('xcm', 'Comecrudo'),
('cfg', 'Como Karim'),
('swb', 'Comorian'),
('coo', 'Comox'),
('cno', 'Con'),
('swc', 'Congo Swahili'),
('cnc', 'Côông'),
('csz', 'Coos'),
('zoc', 'Copainalá Zoque'),
('trc', 'Copala Triqui'),
('cop', 'Coptic'),
('coq', 'Coquille'),
('cry', 'Cori'),
('cor', 'Cornish'),
('qwa', 'Corongo Ancash Quechua'),
('cos', 'Corsican'),
('csr', 'Costa Rican Sign Language'),
('mta', 'Cotabato Manobo'),
('xcn', 'Cotoname'),
('cow', 'Cowlitz'),
('kox', 'Coxima'),
('coy', 'Coyaima'),
('pbf', 'Coyotepec Popoloca'),
('toc', 'Coyutla Totonac'),
('cre', 'Cree'),
('mus', 'Creek'),
('crh', 'Crimean Tatar'),
('csq', 'Croatia Sign Language'),
('hrv', 'Croatian'),
('mfn', 'Cross River Mbembe'),
('cro', 'Crow'),
('crz', 'Cruzeño'),
('cua', 'Cua'),
('csf', 'Cuba Sign Language'),
('cub', 'Cubeo'),
('acc', 'Cubulco Achí'),
('cui', 'Cuiba'),
('cul', 'Culina'),
('cuo', 'Cumanagoto'),
('xcb', 'Cumbric'),
('cum', 'Cumeral'),
('cuq', 'Cun'),
('xlu', 'Cuneiform Luwian'),
('cun', 'Cunén Quiché'),
('cug', 'Cung'),
('cup', 'Cupeño'),
('xcu', 'Curonian'),
('kpc', 'Curripaco'),
('quz', 'Cusco Quechua'),
('ccl', 'Cutchi-Swahili'),
('cuv', 'Cuvok'),
('xtu', 'Cuyamecalco Mixtec'),
('cyo', 'Cuyonon'),
('bwy', 'Cwi Bwamu'),
('acy', 'Cypriot Arabic'),
('ces', 'Czech'),
('cse', 'Czech Sign Language'),
('kzf', 'Da''a Kaili'),
('dao', 'Daai Chin'),
('dsh', 'Daasanach'),
('dbq', 'Daba'),
('dbr', 'Dabarre'),
('dbe', 'Dabe'),
('xdc', 'Dacian'),
('mps', 'Dadibi'),
('dbd', 'Dadiya'),
('dgz', 'Daga'),
('dgd', 'Dagaari Dioula'),
('dgk', 'Dagba'),
('dag', 'Dagbani'),
('dec', 'Dagik'),
('dgn', 'Dagoman'),
('dal', 'Dahalo'),
('das', 'Daho-Doo'),
('dij', 'Dai'),
('zhd', 'Dai Zhuang'),
('drb', 'Dair'),
('bpa', 'Dakaka'),
('dkk', 'Dakka'),
('dak', 'Dakota'),
('dka', 'Dakpakha'),
('dlm', 'Dalmatian'),
('bev', 'Daloa Bété'),
('dmm', 'Dama'),
('uhn', 'Damal'),
('dac', 'Dambi'),
('dml', 'Dameli'),
('dms', 'Dampelas'),
('daf', 'Dan'),
('dnr', 'Danaru'),
('dnu', 'Danau'),
('daq', 'Dandami Maria'),
('daa', 'Dangaléat'),
('thl', 'Dangaura Tharu'),
('dan', 'Danish'),
('dsl', 'Danish Sign Language'),
('aso', 'Dano'),
('daz', 'Dao'),
('dnd', 'Daonda'),
('djc', 'Dar Daju Daju'),
('daj', 'Dar Fur Daju'),
('dau', 'Dar Sila Daju'),
('dry', 'Darai'),
('dar', 'Dargwa'),
('prs', 'Dari'),
('drh', 'Darkhat'),
('drl', 'Darling'),
('dln', 'Darlong'),
('drd', 'Darmiya'),
('dro', 'Daro-Matu Melanau'),
('drw', 'Darwazi'),
('dot', 'Dass'),
('tcc', 'Datooga'),
('dta', 'Daur'),
('daw', 'Davawenyo'),
('kwa', 'Dâw'),
('dww', 'Dawawa'),
('ddw', 'Dawera-Daweloor'),
('dai', 'Day'),
('dax', 'Dayi'),
('dzd', 'Daza'),
('dzg', 'Dazaga'),
('dcc', 'Deccan'),
('ded', 'Dedua'),
('afn', 'Defaka'),
('gbh', 'Defi Gbe'),
('mzw', 'Deg'),
('dgu', 'Degaru'),
('deg', 'Degema'),
('dge', 'Degenan'),
('ing', 'Degexit''an'),
('dhv', 'Dehu'),
('deh', 'Dehwari'),
('dek', 'Dek'),
('row', 'Dela-Oenale'),
('del', 'Delaware'),
('ntr', 'Delo'),
('dem', 'Dem'),
('dmx', 'Dema'),
('dei', 'Demisa'),
('dmy', 'Demta'),
('ddn', 'Dendi (Benin)'),
('deq', 'Dendi (Central African Republic)'),
('dez', 'Dengese'),
('dnk', 'Dengka'),
('dny', 'Dení'),
('dbb', 'Deno'),
('anv', 'Denya'),
('der', 'Deori'),
('kbv', 'Dera (Indonesia)'),
('kna', 'Dera (Nigeria)'),
('des', 'Desano'),
('dso', 'Desiya'),
('dee', 'Dewoin'),
('def', 'Dezfuli'),
('dgh', 'Dghwede'),
('dhs', 'Dhaiso'),
('dhl', 'Dhalandji'),
('dhg', 'Dhangu'),
('dhn', 'Dhanki'),
('dha', 'Dhanwar (India)'),
('dhw', 'Dhanwar (Nepal)'),
('nfa', 'Dhao'),
('dhr', 'Dhargari'),
('mki', 'Dhatki'),
('dhi', 'Dhimal'),
('div', 'Dhivehi'),
('dho', 'Dhodia'),
('adf', 'Dhofari Arabic'),
('dhd', 'Dhundari'),
('dhu', 'Dhurga'),
('duj', 'Dhuwal'),
('dia', 'Dia'),
('mbd', 'Dibabawon Manobo'),
('dby', 'Dibiyaso'),
('dio', 'Dibo'),
('bvx', 'Dibole'),
('duy', 'Dicamay Agta'),
('did', 'Didinga'),
('ddo', 'Dido'),
('dif', 'Dieri'),
('mhu', 'Digaro-Mishmi'),
('dig', 'Digo'),
('dur', 'Dii'),
('cfa', 'Dijim-Bwilim'),
('dil', 'Dilling'),
('jma', 'Dima'),
('dis', 'Dimasa'),
('dii', 'Dimbong'),
('dim', 'Dime'),
('dmc', 'Dimir'),
('diq', 'Dimli'),
('diz', 'Ding'),
('din', 'Dinka'),
('ddi', 'Diodio'),
('dit', 'Dirari'),
('gdl', 'Dirasha'),
('dwa', 'Diri'),
('diu', 'Diriku'),
('dir', 'Dirim'),
('dsi', 'Disa'),
('tbz', 'Ditammari'),
('diy', 'Diuwe'),
('xtd', 'Diuxi-Tilantongo Mixtec'),
('dix', 'Dixon Reef'),
('mdx', 'Dizi'),
('djr', 'Djambarrpuyngu'),
('djd', 'Djamindjung'),
('djf', 'Djangun'),
('djn', 'Djauan'),
('djw', 'Djawi'),
('djj', 'Djeebbana'),
('dyi', 'Djimini Senoufo'),
('dji', 'Djinang'),
('djb', 'Djinba'),
('jig', 'Djingili'),
('djl', 'Djiwarli'),
('kvo', 'Dobel'),
('dob', 'Dobu'),
('doe', 'Doe'),
('dgg', 'Doga'),
('dgx', 'Doghoro'),
('dos', 'Dogosé'),
('dgs', 'Dogoso'),
('dgo', 'Dogri (individual language)'),
('doi', 'Dogri (macrolanguage)'),
('dgr', 'Dogrib'),
('dbg', 'Dogul Dom Dogon'),
('dbi', 'Doka'),
('uya', 'Doko-Uyanga'),
('dlg', 'Dolgan'),
('dre', 'Dolpo'),
('doa', 'Dom'),
('dmk', 'Domaaki'),
('rmt', 'Domari'),
('dov', 'Dombe'),
('doq', 'Dominican Sign Language'),
('doy', 'Dompo'),
('dof', 'Domu'),
('dev', 'Domung'),
('dok', 'Dondo'),
('doh', 'Dong'),
('doo', 'Dongo'),
('ddd', 'Dongotono'),
('yik', 'Dongshanba Lalo'),
('sce', 'Dongxiang'),
('dds', 'Donno So Dogon'),
('dde', 'Doondo'),
('dor', 'Dori''o'),
('kqc', 'Doromu-Koki'),
('drr', 'Dororo'),
('doz', 'Dorze'),
('dol', 'Doso'),
('tds', 'Doutai'),
('dow', 'Doyayo'),
('drt', 'Drents'),
('duu', 'Drung'),
('dua', 'Duala'),
('dup', 'Duano'),
('dva', 'Duau'),
('dub', 'Dubli'),
('dmu', 'Dubu'),
('duk', 'Duduela'),
('ndu', 'Dugun'),
('dbm', 'Duguri'),
('dme', 'Dugwor'),
('kbz', 'Duhwa'),
('nke', 'Duke'),
('dbo', 'Dulbu'),
('duz', 'Duli'),
('dma', 'Duma'),
('duf', 'Dumbea'),
('dus', 'Dumi'),
('dmv', 'Dumpas'),
('wtf', 'Dumpu'),
('dui', 'Dumun'),
('duc', 'Duna'),
('dng', 'Dungan'),
('raa', 'Dungmali'),
('duh', 'Dungra Bhil'),
('dbv', 'Dungu'),
('duo', 'Dupaninan Agta'),
('drq', 'Dura'),
('nln', 'Durango Nahuatl'),
('mvp', 'Duri'),
('dbn', 'Duriankere'),
('dug', 'Duruma'),
('pci', 'Duruwa'),
('dsn', 'Dusner'),
('dun', 'Dusun Deyah'),
('duq', 'Dusun Malang'),
('duw', 'Dusun Witu'),
('nld', 'Dutch'),
('dse', 'Dutch Sign Language'),
('dws', 'Dutton World Speedwords'),
('dux', 'Duungooma'),
('dae', 'Duupa'),
('duv', 'Duvle'),
('dbp', 'Duwai'),
('gve', 'Duwet'),
('nnu', 'Dwang'),
('dyy', 'Dyaabugay'),
('dyb', 'Dyaberdyaber'),
('dya', 'Dyan'),
('dyn', 'Dyangadi'),
('dbl', 'Dyirbal'),
('dyd', 'Dyugun'),
('dyu', 'Dyula'),
('jen', 'Dza'),
('dzl', 'Dzalakha'),
('dzn', 'Dzando'),
('bpn', 'Dzao Min'),
('add', 'Dzodinka'),
('dzo', 'Dzongkha'),
('dnn', 'Dzùùngoo'),
('eee', 'E'),
('yzg', 'E''ma Buyang'),
('pbh', 'E''ñapa Woromaipu'),
('xtr', 'Early Tripuri'),
('omb', 'East Ambae'),
('zbe', 'East Berawan'),
('dmr', 'East Damar'),
('fud', 'East Futuna'),
('kjs', 'East Kewa'),
('lma', 'East Limba'),
('mky', 'East Makian'),
('vme', 'East Masela'),
('nle', 'East Nyala'),
('tre', 'East Tarangan'),
('yuy', 'East Yugur'),
('aaq', 'Eastern Abnaki'),
('acp', 'Eastern Acipa'),
('qve', 'Eastern Apurímac Quechua'),
('aer', 'Eastern Arrernte'),
('bgp', 'Eastern Balochi'),
('gui', 'Eastern Bolivian Guaraní'),
('bru', 'Eastern Bru'),
('cke', 'Eastern Cakchiquel'),
('ike', 'Eastern Canadian Inuktitut'),
('cjm', 'Eastern Cham'),
('avl', 'Eastern Egyptian Bedawi Arabic'),
('frs', 'Eastern Frisian'),
('tge', 'Eastern Gorkha Tamang'),
('ggn', 'Eastern Gurung'),
('cly', 'Eastern Highland Chatino'),
('otm', 'Eastern Highland Otomi'),
('zeh', 'Eastern Hongshuihe Zhuang'),
('nhe', 'Eastern Huasteca Nahuatl'),
('hme', 'Eastern Huishui Hmong'),
('jac', 'Eastern Jacalteco'),
('kjb', 'Eastern Kanjobal'),
('xrb', 'Eastern Karaboro'),
('ktv', 'Eastern Katu'),
('eky', 'Eastern Kayah'),
('kee', 'Eastern Keres'),
('kqo', 'Eastern Krahn'),
('yit', 'Eastern Lalu'),
('lwl', 'Eastern Lawa'),
('mgp', 'Eastern Magar'),
('emk', 'Eastern Maninkakan'),
('mhr', 'Eastern Mari'),
('emg', 'Eastern Meohang'),
('mng', 'Eastern Mnong'),
('emu', 'Eastern Muria'),
('nea', 'Eastern Ngad''a'),
('nos', 'Eastern Nisu'),
('ojg', 'Eastern Ojibwa'),
('hae', 'Eastern Oromo'),
('kif', 'Eastern Parbate Kham'),
('pez', 'Eastern Penan'),
('poa', 'Eastern Pokomam'),
('poh', 'Eastern Pokomchí'),
('peb', 'Eastern Pomo'),
('hmq', 'Eastern Qiandong Miao'),
('quu', 'Eastern Quiché'),
('taj', 'Eastern Tamang'),
('bnj', 'Eastern Tawbuid'),
('tzj', 'Eastern Tzutujil'),
('muq', 'Eastern Xiangxi Miao'),
('gbx', 'Eastern Xwla Gbe'),
('ydd', 'Eastern Yiddish'),
('igb', 'Ebira'),
('xeb', 'Eblan'),
('ebr', 'Ebrié'),
('ebg', 'Ebughu'),
('ecs', 'Ecuadorian Sign Language'),
('cbj', 'Ede Cabe'),
('ica', 'Ede Ica'),
('idd', 'Ede Idaca'),
('ijj', 'Ede Ije'),
('nqg', 'Ede Nago'),
('awy', 'Edera Awyu'),
('etr', 'Edolo'),
('xdm', 'Edomite'),
('dbf', 'Edopi'),
('efa', 'Efai'),
('efe', 'Efe'),
('efi', 'Efik'),
('ofu', 'Efutop'),
('ega', 'Ega'),
('ego', 'Eggon'),
('esl', 'Egypt Sign Language'),
('egy', 'Egyptian (Ancient)'),
('arz', 'Egyptian Arabic'),
('ehu', 'Ehueun'),
('eip', 'Eipomek'),
('eit', 'Eitiep'),
('etu', 'Ejagham'),
('eja', 'Ejamat'),
('eka', 'Ekajuk'),
('ekg', 'Ekari'),
('eki', 'Eki'),
('eke', 'Ekit'),
('ekp', 'Ekpeye'),
('zpp', 'El Alto Zapotec'),
('elh', 'El Hugeirat'),
('elo', 'El Molo'),
('crn', 'El Nayar Cora'),
('elx', 'Elamite'),
('elm', 'Eleme'),
('ele', 'Elepi'),
('ekm', 'Elip'),
('elk', 'Elkei'),
('zte', 'Elotepec Zapotec'),
('afo', 'Eloyi'),
('elp', 'Elpaputih'),
('mrf', 'Elseng'),
('elu', 'Elu'),
('xly', 'Elymian'),
('mmw', 'Emae'),
('ema', 'Emai-Iuleha-Ora'),
('emn', 'Eman'),
('emb', 'Embaloh'),
('bdc', 'Emberá-Baudó'),
('cto', 'Emberá-Catío'),
('cmi', 'Emberá-Chamí'),
('tdc', 'Emberá-Tadó'),
('ebu', 'Embu'),
('eme', 'Emerillon'),
('eml', 'Emiliano-Romagnolo'),
('emo', 'Emok'),
('emw', 'Emplawas'),
('enr', 'Emumu'),
('enc', 'En'),
('unk', 'Enawené-Nawé'),
('end', 'Ende'),
('enq', 'Enga'),
('enn', 'Engenni'),
('eno', 'Enggano'),
('eng', 'English'),
('ptt', 'Enrekang'),
('enu', 'Enu'),
('enw', 'Enwan (Akwa Ibom State)'),
('env', 'Enwan (Edu State)'),
('gey', 'Enya'),
('sja', 'Epena'),
('xep', 'Epi-Olmec'),
('epi', 'Epie'),
('emy', 'Epigraphic Mayan'),
('era', 'Eravallan'),
('kjy', 'Erave'),
('twp', 'Ere'),
('ert', 'Eritai'),
('erw', 'Erokwanas'),
('aue', 'Err:510'),
('huc', 'Err:510'),
('err', 'Erre'),
('ers', 'Ersu'),
('erh', 'Eruwa'),
('myv', 'Erzya'),
('ish', 'Esan'),
('mcq', 'Ese'),
('ese', 'Ese Ejja'),
('esh', 'Eshtehardi'),
('ags', 'Esimbi'),
('epo', 'Esperanto'),
('esq', 'Esselen'),
('ots', 'Estado de México Otomi'),
('est', 'Estonian'),
('eso', 'Estonian Sign Language'),
('esm', 'Esuma'),
('etc', 'Etchemin'),
('etb', 'Etebi'),
('etx', 'Eten'),
('ecr', 'Eteocretan'),
('ecy', 'Eteocypriot'),
('eth', 'Ethiopian Sign Language'),
('ich', 'Etkywan'),
('eto', 'Eton (Cameroon)'),
('etn', 'Eton (Vanuatu)'),
('ett', 'Etruscan'),
('utr', 'Etulo'),
('eur', 'Europanto'),
('bzz', 'Evant'),
('eve', 'Even'),
('evn', 'Evenki'),
('nou', 'Ewage-Notu'),
('ewe', 'Ewe'),
('ewo', 'Ewondo'),
('ext', 'Extremaduran'),
('eya', 'Eyak'),
('fab', 'Fa D''ambu'),
('faf', 'Fagani'),
('azt', 'Faire Atta'),
('faj', 'Faita'),
('fai', 'Faiwol'),
('fax', 'Fala'),
('cfm', 'Falam Chin'),
('fli', 'Fali'),
('xfa', 'Faliscan'),
('fam', 'Fam'),
('fng', 'Fanagalo'),
('fak', 'Fang (Cameroon)'),
('fan', 'Fang (Equatorial Guinea)'),
('fni', 'Fania'),
('fat', 'Fanti'),
('fmu', 'Far Western Muria'),
('gur', 'Farefare'),
('fao', 'Faroese'),
('fqs', 'Fas'),
('faa', 'Fasu'),
('far', 'Fataleka'),
('ddg', 'Fataluku'),
('fau', 'Fayu'),
('fmp', 'Fe''fe'''),
('agl', 'Fembe'),
('fpe', 'Fernando Po Creole English'),
('fer', 'Feroge'),
('fij', 'Fijian'),
('hif', 'Fijian Hindustani'),
('fil', 'Filipino'),
('tlp', 'Filomena Mata-Coahuitlán Totonac'),
('bkb', 'Finallig'),
('fin', 'Finnish'),
('fse', 'Finnish Sign Language'),
('fss', 'Finnish-Swedish Sign Language'),
('fag', 'Finongan'),
('fip', 'Fipa'),
('fir', 'Firan'),
('fiw', 'Fiwaga'),
('fln', 'Flinders Island'),
('flh', 'Foau'),
('foi', 'Foi'),
('ffi', 'Foia Foia'),
('ppo', 'Folopa'),
('fom', 'Foma'),
('fon', 'Fon'),
('fgr', 'Fongoro'),
('fod', 'Foodo'),
('frq', 'Forak'),
('frd', 'Fordata'),
('for', 'Fore'),
('enf', 'Forest Enets'),
('myq', 'Forest Maninka'),
('frt', 'Fortsenal'),
('zos', 'Francisco León Zoque'),
('frp', 'Franco-Provençal'),
('frk', 'Frankish'),
('fra', 'French'),
('fsl', 'French Sign Language'),
('fur', 'Friulian'),
('ful', 'Fulah'),
('flr', 'Fuliiru'),
('fun', 'Fulniô'),
('fum', 'Fum'),
('ula', 'Fungwa'),
('fvr', 'Fur'),
('fuu', 'Furu'),
('fut', 'Futuna-Aniwa'),
('fuy', 'Fuyug'),
('fwa', 'Fwâi'),
('fwe', 'Fwe'),
('pym', 'Fyam'),
('fie', 'Fyer'),
('gaa', 'Ga'),
('gqa', 'Ga''anda'),
('gdg', 'Ga''dang'),
('ttb', 'Gaa'),
('tbi', 'Gaam'),
('gab', 'Gabri'),
('xgf', 'Gabrielino-Fernandeño'),
('gav', 'Gabutamon'),
('gdk', 'Gadang'),
('gad', 'Gaddang'),
('gbk', 'Gaddi'),
('ged', 'Gade'),
('gda', 'Gade Lohar'),
('gdh', 'Gadjerawang'),
('gaj', 'Gadsup'),
('gft', 'Gafat'),
('gbu', 'Gagadu'),
('gag', 'Gagauz'),
('btg', 'Gagnoa Bété'),
('ggu', 'Gagu'),
('bfu', 'Gahri'),
('gbf', 'Gaikundi'),
('gic', 'Gail'),
('gcn', 'Gaina'),
('gap', 'Gal'),
('glo', 'Galambu'),
('xga', 'Galatian'),
('gbi', 'Galela'),
('gar', 'Galeya'),
('car', 'Galibi Carib'),
('gce', 'Galice'),
('glg', 'Galician'),
('xgl', 'Galindan'),
('sdn', 'Gallurese Sardinian'),
('adl', 'Galo Adi'),
('gal', 'Galoli'),
('kgj', 'Gamale Kham'),
('gma', 'Gambera'),
('wof', 'Gambian Wolof'),
('kld', 'Gamilaraay'),
('gbl', 'Gamit'),
('gak', 'Gamkonora'),
('gmo', 'Gamo-Gofa-Dawro'),
('bte', 'Gamo-Ningi'),
('gan', 'Gan Chinese'),
('gnq', 'Gana'),
('gne', 'Ganang'),
('lug', 'Ganda'),
('gzn', 'Gane'),
('gcd', 'Ganggalida'),
('ggl', 'Ganglau'),
('gnb', 'Gangte'),
('gnl', 'Gangulu'),
('gao', 'Gants'),
('gza', 'Ganza'),
('gnz', 'Ganzi'),
('gga', 'Gao'),
('pwg', 'Gapapaiwa'),
('gbc', 'Garawa'),
('gbm', 'Garhwali'),
('cab', 'Garifuna'),
('ilg', 'Garig-Ilgar'),
('grt', 'Garo'),
('gex', 'Garre'),
('gyb', 'Garus'),
('xgr', 'Garza'),
('gaq', 'Gata'''),
('gou', 'Gavar'),
('gvo', 'Gavião Do Jiparaná'),
('gwt', 'Gawar-Bati'),
('gwd', 'Gawwada'),
('gyl', 'Gayil'),
('gay', 'Gayo'),
('gzi', 'Gazi'),
('gbr', 'Gbagyi'),
('gbv', 'Gbanu'),
('gbg', 'Gbanziri'),
('gby', 'Gbari'),
('gti', 'Gbati-ri'),
('gba', 'Gbaya (Central African Republic)'),
('krs', 'Gbaya (Sudan)'),
('gbp', 'Gbaya-Bossangoa'),
('gbq', 'Gbaya-Bozoum'),
('gmm', 'Gbaya-Mbodomo'),
('gyg', 'Gbayi'),
('gbs', 'Gbesi Gbe'),
('ggb', 'Gbii'),
('grh', 'Gbiri-Niragu'),
('gec', 'Gboloo Grebo'),
('hmj', 'Ge'),
('kvq', 'Geba Karen'),
('gei', 'Gebe'),
('gdd', 'Gedaged'),
('drs', 'Gedeo'),
('gez', 'Geez'),
('gji', 'Geji'),
('ghk', 'Geko Karen'),
('nlg', 'Gela'),
('gio', 'Gelao'),
('geq', 'Geme'),
('gej', 'Gen'),
('gaf', 'Gende'),
('geg', 'Gengle'),
('kat', 'Georgian'),
('ygp', 'Gepo'),
('gew', 'Gera'),
('deu', 'German'),
('gsg', 'German Sign Language'),
('gea', 'Geruma'),
('ges', 'Geser-Gorom'),
('guv', 'Gey'),
('gha', 'Ghadamès'),
('gse', 'Ghanaian Sign Language'),
('ghn', 'Ghanongga'),
('gri', 'Ghari'),
('bmk', 'Ghayavi'),
('aln', 'Gheg Albanian'),
('ghr', 'Ghera'),
('gdo', 'Ghodoberi'),
('bbj', 'Ghomálá'''),
('gho', 'Ghomara'),
('aaa', 'Ghotuo'),
('ghl', 'Ghulfan'),
('bgi', 'Giangan'),
('gib', 'Gibanawa'),
('gid', 'Gidar'),
('kks', 'Giiwo'),
('acd', 'Gikyode'),
('glk', 'Gilaki'),
('gil', 'Gilbertese'),
('gix', 'Gilima'),
('niv', 'Gilyak'),
('gim', 'Gimi (Eastern Highlands)'),
('gip', 'Gimi (West New Britain)'),
('kmp', 'Gimme'),
('gmn', 'Gimnime'),
('gnm', 'Ginuman'),
('ayg', 'Ginyanga'),
('bbr', 'Girawa'),
('nyf', 'Giryama'),
('toh', 'Gitonga'),
('ggt', 'Gitua'),
('git', 'Gitxsan'),
('giy', 'Giyug'),
('tof', 'Gizrra'),
('glr', 'Glaro-Twabo'),
('glw', 'Glavda'),
('oub', 'Glio-Oubi'),
('gnu', 'Gnau'),
('gom', 'Goan Konkani'),
('gig', 'Goaria'),
('goi', 'Gobasi'),
('gox', 'Gobu'),
('god', 'Godié'),
('gdx', 'Godwari'),
('ank', 'Goemai'),
('gog', 'Gogo'),
('ggw', 'Gogodala'),
('gkn', 'Gokana'),
('gol', 'Gola'),
('gvf', 'Golin'),
('gon', 'Gondi'),
('goo', 'Gone Dau'),
('goe', 'Gongduk'),
('gjn', 'Gonja'),
('gni', 'Gooniyandi'),
('gqr', 'Gor'),
('goc', 'Gorakor'),
('goq', 'Gorap'),
('gor', 'Gorontalo'),
('grq', 'Gorovu'),
('gow', 'Gorowa'),
('got', 'Gothic'),
('goy', 'Goundo'),
('gux', 'Gourmanchéma'),
('goj', 'Gowlan'),
('gok', 'Gowli'),
('gwf', 'Gowro'),
('goz', 'Gozarkhani'),
('nli', 'Grangali'),
('kbk', 'Grass Koiari'),
('grb', 'Grebo'),
('gss', 'Greek Sign Language'),
('giq', 'Green Gelao'),
('gcl', 'Grenadian Creole English'),
('grs', 'Gresi'),
('gro', 'Groma'),
('gos', 'Gronings'),
('ats', 'Gros Ventre'),
('gwx', 'Gua'),
('gcf', 'Guadeloupean Creole French'),
('guh', 'Guahibo'),
('gvj', 'Guajá'),
('gub', 'Guajajára'),
('gum', 'Guambiano'),
('gqn', 'Guana (Brazil)'),
('gva', 'Guana (Paraguay)'),
('gvc', 'Guanano'),
('gnc', 'Guanche'),
('jiq', 'Guanyinqiao'),
('grn', 'Guarani'),
('gyr', 'Guarayu'),
('gae', 'Guarequena'),
('gsm', 'Guatemalan Sign Language'),
('gta', 'Guató'),
('guo', 'Guayabero'),
('nji', 'Gudanji'),
('gde', 'Gude'),
('gdu', 'Gudu'),
('gdf', 'Guduf-Gava'),
('amu', 'Guerrero Amuzgo'),
('ngu', 'Guerrero Nahuatl'),
('zpg', 'Guevea De Humboldt Zapotec'),
('ggd', 'Gugadj'),
('gdc', 'Gugu Badhun'),
('wrw', 'Gugu Warra'),
('kkp', 'Gugubera'),
('kky', 'Guguyimidjir'),
('ghs', 'Guhu-Samane'),
('gcr', 'Guianese Creole French'),
('zgb', 'Guibei Zhuang'),
('bet', 'Guiberoua Béte'),
('zgn', 'Guibian Zhuang'),
('ztu', 'Güilá Zapotec'),
('gkp', 'Guinea Kpelle'),
('gus', 'Guinean Sign Language'),
('gqi', 'Guiqiong'),
('guj', 'Gujarati'),
('gju', 'Gujari'),
('kcm', 'Gula (Central African Republic)'),
('glu', 'Gula (Chad)'),
('glj', 'Gula Iro'),
('gmb', 'Gula''alaa'),
('gvl', 'Gulay'),
('gly', 'Gule'),
('afb', 'Gulf Arabic'),
('gli', 'Guliguli'),
('gmu', 'Gumalu'),
('gnn', 'Gumatj'),
('gvs', 'Gumawana'),
('guk', 'Gumuz'),
('guw', 'Gun'),
('gdi', 'Gundi'),
('gyf', 'Gungabula'),
('rub', 'Gungu'),
('gnt', 'Guntai'),
('gup', 'Gunwinggu'),
('gyy', 'Gunya'),
('gpa', 'Gupa-Abawa'),
('guf', 'Gupapuyngu'),
('gge', 'Guragone'),
('grz', 'Guramalum'),
('hac', 'Gurani'),
('gdj', 'Gurdjar'),
('gnr', 'Gureng Gureng'),
('ggg', 'Gurgula'),
('grx', 'Guriaso'),
('gue', 'Gurinji'),
('gvm', 'Gurmana'),
('goa', 'Guro'),
('grd', 'Guruntum-Mbaaru'),
('gsn', 'Gusan'),
('guz', 'Gusii'),
('gsl', 'Gusilay'),
('gwu', 'Guwamu'),
('gka', 'Guya'),
('gyn', 'Guyanese Creole English'),
('gvy', 'Guyani'),
('ngs', 'Gvoko'),
('gwb', 'Gwa'),
('dah', 'Gwahatike'),
('bga', 'Gwamhi-Wuri'),
('gwn', 'Gwandara'),
('grw', 'Gweda'),
('gwe', 'Gweno'),
('gwr', 'Gwere'),
('gwi', 'Gwich?in'),
('gyi', 'Gyele'),
('gye', 'Gyem'),
('haq', 'Ha'),
('hbu', 'Habu'),
('hdy', 'Hadiyya'),
('hoj', 'Hadothi'),
('xhd', 'Hadrami'),
('ayh', 'Hadrami Arabic'),
('hts', 'Hadza'),
('aek', 'Haeke'),
('hah', 'Hahon'),
('hgm', 'Hai//om'),
('hai', 'Haida'),
('hgw', 'Haigwai'),
('bzx', 'Hainyaxo Bozo'),
('haf', 'Haiphong Sign Language'),
('has', 'Haisla'),
('hat', 'Haitian'),
('hvc', 'Haitian Vodoun Culture Language'),
('hji', 'Haji'),
('haj', 'Hajong'),
('cnh', 'Haka Chin'),
('hak', 'Hakka Chinese'),
('hao', 'Hakö'),
('hal', 'Halang'),
('hld', 'Halang Doan'),
('hlb', 'Halbi'),
('khk', 'Halh Mongolian'),
('hla', 'Halia'),
('hur', 'Halkomelem'),
('hmu', 'Hamap'),
('hba', 'Hamba'),
('amf', 'Hamer-Banna'),
('hmt', 'Hamtai'),
('haa', 'Han'),
('hag', 'Hanga'),
('wos', 'Hanga Hundi'),
('han', 'Hangaza'),
('hni', 'Hani'),
('lml', 'Hano'),
('hab', 'Hanoi Sign Language'),
('hnn', 'Hanunoo'),
('xha', 'Harami'),
('har', 'Harari'),
('kjo', 'Harijan Kinnauri'),
('hro', 'Haroi'),
('hss', 'Harsusi'),
('tmd', 'Haruai'),
('hrk', 'Haruku'),
('bgc', 'Haryanvi'),
('hrz', 'Harzani'),
('ybj', 'Hasha'),
('mey', 'Hassaniyya'),
('had', 'Hatam'),
('xht', 'Hattic'),
('hau', 'Hausa'),
('hsl', 'Hausa Sign Language'),
('yuf', 'Havasupai-Walapai-Yavapai'),
('hvk', 'Haveke'),
('hav', 'Havu'),
('hwc', 'Hawai''i Creole English'),
('hps', 'Hawai''i Pidgin Sign Language'),
('haw', 'Hawaiian'),
('hay', 'Haya'),
('haz', 'Hazaragi'),
('xed', 'Hdi'),
('heb', 'Hebrew'),
('heh', 'Hehe'),
('hbn', 'Heiban'),
('hei', 'Heiltsuk'),
('scp', 'Helambu Sherpa'),
('heg', 'Helong'),
('nix', 'Hema'),
('hem', 'Hemba'),
('hed', 'Herdé'),
('her', 'Herero'),
('llf', 'Hermit'),
('xhr', 'Hernican'),
('hrt', 'Hértevin'),
('ham', 'Hewa'),
('auk', 'Heyo'),
('ghc', 'Hiberno-Scottish Gaelic'),
('hib', 'Hibito'),
('hid', 'Hidatsa'),
('hlu', 'Hieroglyphic Luwian'),
('mba', 'Higaonon'),
('kjk', 'Highland Konjo'),
('chd', 'Highland Oaxaca Chontal'),
('poi', 'Highland Popoluca'),
('azz', 'Highland Puebla Nahuatl'),
('tos', 'Highland Totonac'),
('acw', 'Hijazi Arabic'),
('hij', 'Hijuk'),
('hil', 'Hiligaynon'),
('hir', 'Himarimã'),
('hin', 'Hindi'),
('hii', 'Hinduri'),
('gin', 'Hinukh'),
('hmo', 'Hiri Motu'),
('hit', 'Hittite'),
('htu', 'Hitu'),
('hiw', 'Hiw'),
('hix', 'Hixkaryána'),
('lic', 'Hlai'),
('yhl', 'Hlepho Phowa'),
('hle', 'Hlersu'),
('hmr', 'Hmar'),
('hmn', 'Hmong'),
('mww', 'Hmong Daw'),
('hmv', 'Hmong Dô'),
('hmf', 'Hmong Don'),
('hnj', 'Hmong Njua'),
('hmz', 'Hmong Shua'),
('mrk', 'Hmwaveke'),
('hoc', 'Ho'),
('hos', 'Ho Chi Minh City Sign Language'),
('win', 'Ho-Chunk'),
('hoa', 'Hoava'),
('hoh', 'Hobyót'),
('hhi', 'Hoia Hoia'),
('hoi', 'Holikachuk'),
('hoy', 'Holiya'),
('hod', 'Holma'),
('hoo', 'Holoholo'),
('hol', 'Holu'),
('hom', 'Homa'),
('hds', 'Honduras Sign Language'),
('juh', 'Hõne'),
('hks', 'Hong Kong Sign Language'),
('how', 'Honi'),
('hop', 'Hopi'),
('hrm', 'Horned Miao'),
('hor', 'Horo'),
('hoe', 'Horom'),
('ero', 'Horpa'),
('hrr', 'Horuru'),
('hot', 'Hote'),
('hti', 'Hoti'),
('hov', 'Hovongan'),
('hhy', 'Hoyahoya'),
('hoz', 'Hozo'),
('hpo', 'Hpon'),
('hra', 'Hrangkhol'),
('hre', 'Hre'),
('hru', 'Hruso'),
('huo', 'Hu'),
('hug', 'Huachipaeri'),
('qub', 'Huallaga Huánuco Quechua'),
('qvh', 'Huamalíes-Dos de Mayo Huánuco Quechua'),
('hub', 'Huambisa'),
('var', 'Huarijio'),
('hud', 'Huaulu'),
('mau', 'Huautla Mazatec'),
('nhq', 'Huaxcaleca Nahuatl'),
('qwh', 'Huaylas Ancash Quechua'),
('qvw', 'Huaylla Wanca Quechua'),
('hbb', 'Huba'),
('tee', 'Huehuetla Tepehua'),
('hch', 'Huichol'),
('huh', 'Huilliche'),
('mxs', 'Huitepec Mixtec'),
('tzu', 'Huixtán Tzotzil'),
('czh', 'Huizhou Chinese'),
('huw', 'Hukumina'),
('hul', 'Hula'),
('huy', 'Hulaulá'),
('hui', 'Huli'),
('huk', 'Hulung'),
('hmb', 'Humburi Senni Songhay'),
('huf', 'Humene'),
('hut', 'Humla'),
('dud', 'Hun-Saare'),
('hke', 'Hunde'),
('hnu', 'Hung'),
('hum', 'Hungana'),
('hun', 'Hungarian'),
('hsh', 'Hungarian Sign Language'),
('nat', 'Hungworo'),
('hkk', 'Hunjara-Kaina Ke'),
('xhc', 'Hunnic'),
('hrx', 'Hunsrik'),
('huz', 'Hunzib'),
('hup', 'Hupa'),
('jup', 'Hupdë'),
('hap', 'Hupla'),
('xhu', 'Hurrian'),
('geh', 'Hutterite German'),
('hwo', 'Hwana'),
('hya', 'Hya'),
('jab', 'Hyam'),
('iwk', 'I-Wak'),
('iai', 'Iaai'),
('yml', 'Iamalele'),
('iap', 'Iapama'),
('ian', 'Iatmul'),
('tmu', 'Iau'),
('tek', 'Ibali Teke'),
('ibl', 'Ibaloi'),
('iba', 'Iban'),
('ibg', 'Ibanag'),
('iby', 'Ibani'),
('ivb', 'Ibatan'),
('xib', 'Iberian'),
('ibb', 'Ibibio'),
('ibi', 'Ibilo'),
('ibn', 'Ibino'),
('ibu', 'Ibu'),
('ibr', 'Ibuoro'),
('isl', 'Icelandic'),
('icl', 'Icelandic Sign Language'),
('bec', 'Iceve-Maci'),
('dbj', 'Ida''an'),
('ida', 'Idakho-Isukha-Tiriki'),
('idt', 'Idaté'),
('ide', 'Idere'),
('ids', 'Idesa'),
('idi', 'Idi'),
('ido', 'Ido'),
('idu', 'Idoma'),
('idc', 'Idon'),
('clk', 'Idu-Mishmi'),
('ldb', 'Idun'),
('viv', 'Iduna'),
('ife', 'Ifè'),
('iff', 'Ifo'),
('igl', 'Igala'),
('igg', 'Igana'),
('ibo', 'Igbo'),
('ige', 'Igede'),
('ign', 'Ignaciano'),
('ahl', 'Igo'),
('nar', 'Iguta'),
('igw', 'Igwe'),
('ihp', 'Iha'),
('ihb', 'Iha Based Pidgin'),
('ihi', 'Ihievbe'),
('vki', 'Ija-Zuba'),
('ikx', 'Ik'),
('ikk', 'Ika'),
('ikz', 'Ikizu'),
('iki', 'Iko'),
('meb', 'Ikobi-Mena'),
('ntk', 'Ikoma-Nata-Isenye'),
('txi', 'Ikpeng'),
('ikp', 'Ikpeshi'),
('kpo', 'Ikposo'),
('ikv', 'Iku-Gora-Ankwa'),
('ikl', 'Ikulu'),
('ikw', 'Ikwere'),
('ilb', 'Ila'),
('ila', 'Ile Ape'),
('ili', 'Ili Turki'),
('ilu', 'Ili''uun'),
('mbi', 'Ilianen Manobo'),
('xil', 'Illyrian'),
('ilo', 'Iloko'),
('ilk', 'Ilongot'),
('ilv', 'Ilue'),
('mlk', 'Ilwana'),
('qvi', 'Imbabura Highland Quichua'),
('imo', 'Imbongu'),
('ime', 'Imeraguen'),
('imn', 'Imonda'),
('imr', 'Imroing'),
('abx', 'Inabaknon'),
('mzu', 'Inapang'),
('inp', 'Iñapari'),
('smn', 'Inari Sami'),
('ins', 'Indian Sign Language'),
('idb', 'Indo-Portuguese'),
('ind', 'Indonesian'),
('bdl', 'Indonesian Bajau'),
('inl', 'Indonesian Sign Language'),
('idr', 'Indri'),
('mvy', 'Indus Kohistani'),
('xiv', 'Indus Valley Language'),
('oin', 'Inebu One'),
('inz', 'Ineseño'),
('inb', 'Inga'),
('izh', 'Ingrian'),
('inh', 'Ingush'),
('iti', 'Inlaod Itneg'),
('ino', 'Inoke-Yate'),
('loc', 'Inonhan'),
('ior', 'Inor'),
('nkf', 'Inpui Naga'),
('igs', 'Interglossa'),
('ina', 'Interlingua (International Auxiliary Language Association)'),
('ile', 'Interlingue'),
('int', 'Intha');
INSERT INTO `language` (`iso`, `name`) VALUES
('iku', 'Inuktitut'),
('ipk', 'Inupiaq'),
('iow', 'Iowa-Oto'),
('azm', 'Ipalapa Amuzgo'),
('ipo', 'Ipiko'),
('ipi', 'Ipili'),
('ass', 'Ipulo'),
('iqu', 'Iquito'),
('irr', 'Ir'),
('irn', 'Irántxe'),
('ill', 'Iranun'),
('irk', 'Iraqw'),
('irh', 'Irarutu'),
('iry', 'Iraya'),
('ire', 'Iresim'),
('bto', 'Iriga Bicolano'),
('iri', 'Irigwe'),
('gle', 'Irish'),
('isg', 'Irish Sign Language'),
('iru', 'Irula'),
('isa', 'Isabi'),
('isn', 'Isanzu'),
('agk', 'Isarog Agta'),
('isc', 'Isconahua'),
('igo', 'Isebe'),
('its', 'Isekiri'),
('inn', 'Isinai'),
('srl', 'Isirawa'),
('crb', 'Island Carib'),
('icr', 'Islander Creole English'),
('isd', 'Isnag'),
('iso', 'Isoko'),
('isr', 'Israeli Sign Language'),
('mir', 'Isthmus Mixe'),
('zai', 'Isthmus Zapotec'),
('nhk', 'Isthmus-Cosoleacaque Nahuatl'),
('nhx', 'Isthmus-Mecayapan Nahuatl'),
('nhp', 'Isthmus-Pajapan Nahuatl'),
('ist', 'Istriot'),
('ruo', 'Istro Romanian'),
('szv', 'Isu (Fako Division)'),
('isu', 'Isu (Menchum Division)'),
('ita', 'Italian'),
('ise', 'Italian Sign Language'),
('itv', 'Itawit'),
('itl', 'Itelmen'),
('ite', 'Itene'),
('itr', 'Iteri'),
('itx', 'Itik'),
('itw', 'Ito'),
('ito', 'Itonama'),
('itm', 'Itu Mbon Uzo'),
('mce', 'Itundujia Mixtec'),
('itz', 'Itzá'),
('ium', 'Iu Mien'),
('ivv', 'Ivatan'),
('atg', 'Ivbie North-Okpela-Arhe'),
('ibd', 'Iwaidja'),
('kbm', 'Iwal'),
('iwm', 'Iwam'),
('iwo', 'Iwur'),
('ixc', 'Ixcatec'),
('mzi', 'Ixcatlán Mazatec'),
('cnm', 'Ixtatán Chuj'),
('vmj', 'Ixtayutla Mixtec'),
('otz', 'Ixtenco Otomi'),
('iya', 'Iyayu'),
('uiv', 'Iyive'),
('nca', 'Iyo'),
('crq', 'Iyo''wujwa Chorote'),
('crt', 'Iyojwa''ja Chorote'),
('izr', 'Izere'),
('izi', 'Izi-Ezaa-Ikwo-Mgbo'),
('ijc', 'Izon'),
('cbo', 'Izora'),
('jbt', 'Jabutí'),
('jda', 'Jad'),
('jdg', 'Jadgali'),
('jah', 'Jah Hut'),
('jad', 'Jahanka'),
('awv', 'Jair Awyu'),
('jat', 'Jakati'),
('jak', 'Jakun'),
('maj', 'Jalapa De Díaz Mazatec'),
('bxl', 'Jalkunan'),
('jcs', 'Jamaican Country Sign Language'),
('jam', 'Jamaican Creole English'),
('jaa', 'Jamamadí'),
('jax', 'Jambi Malay'),
('mxt', 'Jamiltepec Mixtec'),
('djm', 'Jamsay Dogon'),
('jnd', 'Jandavra'),
('djo', 'Jangkang'),
('jna', 'Jangshung'),
('jni', 'Janji'),
('jpn', 'Japanese'),
('jsl', 'Japanese Sign Language'),
('jru', 'Japrería'),
('jqr', 'Jaqaru'),
('jaf', 'Jara'),
('jra', 'Jarai'),
('anq', 'Jarawa (India)'),
('jar', 'Jarawa (Nigeria)'),
('ddj', 'Jaru'),
('qxw', 'Jauja Wanca Quechua'),
('jns', 'Jaunsari'),
('jav', 'Javanese'),
('jvd', 'Javindo'),
('jaz', 'Jawe'),
('jyy', 'Jaya'),
('jeb', 'Jebero'),
('jeh', 'Jeh'),
('jhi', 'Jehai'),
('tow', 'Jemez'),
('bze', 'Jenaama Bozo'),
('jeg', 'Jeng'),
('xuj', 'Jennu Kurumba'),
('jer', 'Jere'),
('jek', 'Jeri Kuo'),
('jee', 'Jerung'),
('tmr', 'Jewish Babylonian Aramaic (ca. 200-1200 CE)'),
('jpa', 'Jewish Palestinian Aramaic'),
('jhs', 'Jhankot Sign Language'),
('jio', 'Jiamao'),
('jya', 'Jiarong'),
('juo', 'Jiba'),
('jib', 'Jibu'),
('apj', 'Jicarilla Apache'),
('jii', 'Jiiddu'),
('jie', 'Jilbe'),
('jil', 'Jilim'),
('jim', 'Jimi (Cameroon)'),
('jmi', 'Jimi (Nigeria)'),
('jia', 'Jina'),
('cjy', 'Jinyu Chinese'),
('pnu', 'Jiongnai Bunu'),
('jul', 'Jirel'),
('jrr', 'Jiru'),
('jit', 'Jita'),
('kaj', 'Jju'),
('job', 'Joba'),
('jbr', 'Jofotek-Bromnya'),
('dyo', 'Jola-Fonyi'),
('csk', 'Jola-Kasa'),
('jeu', 'Jonkor Bourmataguil'),
('jor', 'Jorá'),
('jos', 'Jordanian Sign Language'),
('jrt', 'Jorto'),
('jow', 'Jowulu'),
('quj', 'Joyabaj Quiché'),
('juu', 'Ju'),
('ktz', 'Ju/''hoan'),
('jun', 'Juang'),
('jrb', 'Judeo-Arabic'),
('jbe', 'Judeo-Berber'),
('jge', 'Judeo-Georgian'),
('yhd', 'Judeo-Iraqi Arabic'),
('itk', 'Judeo-Italian'),
('aju', 'Judeo-Moroccan Arabic'),
('jpr', 'Judeo-Persian'),
('jdt', 'Judeo-Tat'),
('yud', 'Judeo-Tripolitanian Arabic'),
('ajt', 'Judeo-Tunisian Arabic'),
('jye', 'Judeo-Yemeni Arabic'),
('jbu', 'Jukun Takum'),
('jua', 'Júma'),
('jum', 'Jumjum'),
('jus', 'Jumla Sign Language'),
('jml', 'Jumli'),
('inj', 'Jungle Inga'),
('mxq', 'Juquila Mixe'),
('bex', 'Jur Modo'),
('juy', 'Juray'),
('juc', 'Jurchen'),
('jur', 'Jurúna'),
('jut', 'Jutish'),
('mwb', 'Juwal'),
('vmc', 'Juxtlahuaca Mixtec'),
('jwi', 'Jwira-Pepesa'),
('xku', 'Kaamba'),
('ldl', 'Kaan'),
('gna', 'Kaansa'),
('ksp', 'Kaba'),
('kvf', 'Kabalai'),
('kbd', 'Kabardian'),
('xkp', 'Kabatei'),
('xbx', 'Kabixí'),
('kbp', 'Kabiyé'),
('klz', 'Kabola'),
('onk', 'Kabore One'),
('lkb', 'Kabras'),
('uka', 'Kaburi'),
('kbu', 'Kabutra'),
('kea', 'Kabuverdianu'),
('cwa', 'Kabwa'),
('kcw', 'Kabwari'),
('kab', 'Kabyle'),
('kcx', 'Kachama-Ganjule'),
('xac', 'Kachari'),
('kfr', 'Kachchi'),
('gjk', 'Kachi Koli'),
('kac', 'Kachin'),
('koe', 'Kacipo-Balesi'),
('xkk', 'Kaco'''),
('kzd', 'Kadai'),
('kej', 'Kadar'),
('kad', 'Kadara'),
('kdu', 'Kadaru'),
('kbc', 'Kadiwéu'),
('kdv', 'Kado'),
('ktp', 'Kaduo'),
('kbr', 'Kafa'),
('kpu', 'Kafoa'),
('gel', 'Kag-Fer-Jiir-Koor-Ror-Us-Zuksun'),
('kll', 'Kagan Kalagan'),
('syw', 'Kagate'),
('cgc', 'Kagayanen'),
('kdm', 'Kagoma'),
('xkg', 'Kagoro'),
('kki', 'Kagulu'),
('hka', 'Kahe'),
('agw', 'Kahua'),
('kct', 'Kaian'),
('kzb', 'Kaibobo'),
('kzp', 'Kaidipang'),
('kbw', 'Kaiep'),
('kep', 'Kaikadi'),
('kzq', 'Kaike'),
('kkq', 'Kaiku'),
('xai', 'Kaimbé'),
('zka', 'Kaimbulawa'),
('kgp', 'Kaingang'),
('ckr', 'Kairak'),
('kxa', 'Kairiru'),
('krd', 'Kairui-Midiki'),
('kzm', 'Kais'),
('kce', 'Kaivi'),
('kgk', 'Kaiwá'),
('tcq', 'Kaiy'),
('ckq', 'Kajakse'),
('xkj', 'Kajali'),
('kag', 'Kajaman'),
('kqf', 'Kakabai'),
('kke', 'Kakabe'),
('kka', 'Kakanda'),
('kbf', 'Kakauhua'),
('tbd', 'Kaki Ae'),
('kxe', 'Kakihum'),
('kkj', 'Kako'),
('keo', 'Kakwa'),
('mwp', 'Kala Lagaw Ya'),
('kal', 'Kalaallisut'),
('kve', 'Kalabakan'),
('ijn', 'Kalabari'),
('kzz', 'Kalabra'),
('kqe', 'Kalagan'),
('kkf', 'Kalaktang Monpa'),
('kmh', 'Kalam'),
('gwc', 'Kalami'),
('knz', 'Kalamsé'),
('wkl', 'Kalanadi'),
('kck', 'Kalanga'),
('kly', 'Kalao'),
('kyl', 'Kalapuya'),
('kba', 'Kalarko'),
('kls', 'Kalasha'),
('kln', 'Kalenjin'),
('fla', 'Kalispel-Pend d''Oreille'),
('xka', 'Kalkoti'),
('ktg', 'Kalkutung'),
('xal', 'Kalmyk'),
('rmf', 'Kalo Finnish Romani'),
('ywa', 'Kalou'),
('bco', 'Kaluli'),
('kli', 'Kalumpang'),
('kdx', 'Kam'),
('vkm', 'Kamakan'),
('woi', 'Kamang'),
('kbq', 'Kamano'),
('kci', 'Kamantan'),
('keq', 'Kamar'),
('jmr', 'Kamara'),
('kzx', 'Kamarian'),
('kgx', 'Kamaru'),
('xas', 'Kamas'),
('klp', 'Kamasa'),
('kms', 'Kamasau'),
('kyk', 'Kamayo'),
('kay', 'Kamayurá'),
('xba', 'Kamba (Brazil)'),
('kam', 'Kamba (Kenya)'),
('ktb', 'Kambaata'),
('kyy', 'Kambaira'),
('xbr', 'Kambera'),
('irx', 'Kamberau'),
('xbw', 'Kambiwá'),
('kmi', 'Kami (Nigeria)'),
('kcu', 'Kami (Tanzania)'),
('kcq', 'Kamo'),
('kgq', 'Kamoro'),
('xmu', 'Kamu'),
('xla', 'Kamula'),
('xvi', 'Kamviri'),
('hig', 'Kamwe'),
('xnb', 'Kanakanabu'),
('knm', 'Kanamarí'),
('xns', 'Kanashi'),
('soq', 'Kanasi'),
('bjj', 'Kanauji'),
('kqw', 'Kandas'),
('gam', 'Kandawo'),
('kbs', 'Kande'),
('kbl', 'Kanembu'),
('kyp', 'Kang'),
('kcp', 'Kanga'),
('kkv', 'Kangean'),
('igm', 'Kanggape'),
('kxs', 'Kangjia'),
('kty', 'Kango (Bas-Uélé District)'),
('kzy', 'Kango (Tshopo District)'),
('xnr', 'Kangri'),
('ktk', 'Kaniet'),
('kev', 'Kanikkaran'),
('kdp', 'Kaningdon-Nindem'),
('kzo', 'Kaningi'),
('knr', 'Kaningra'),
('wat', 'Kaninuwa'),
('kmu', 'Kanite'),
('kft', 'Kanjari'),
('kbe', 'Kanju'),
('kne', 'Kankanaey'),
('kan', 'Kannada'),
('kfi', 'Kannada Kurumba'),
('kxo', 'Kanoé'),
('kxn', 'Kanowit-Tanjong Melanau'),
('ksk', 'Kansa'),
('xkt', 'Kantosi'),
('khx', 'Kanu'),
('kni', 'Kanufi'),
('kau', 'Kanuri'),
('kny', 'Kanyok'),
('kax', 'Kao'),
('kqn', 'Kaonde'),
('tbx', 'Kapin'),
('xpn', 'Kapinawá'),
('kpg', 'Kapingamarangi'),
('khp', 'Kapori'),
('dju', 'Kapriman'),
('kbi', 'Kaptiau'),
('klo', 'Kapya'),
('kah', 'Kara (Central African Republic)'),
('zra', 'Kara (Korea)'),
('leu', 'Kara (Papua New Guinea)'),
('reg', 'Kara (Tanzania)'),
('kaa', 'Kara-Kalpak'),
('krc', 'Karachay-Balkar'),
('gbd', 'Karadjeri'),
('mry', 'Karaga Mandaya'),
('kim', 'Karagas'),
('xkh', 'Karahawyana'),
('kdr', 'Karaim'),
('kpj', 'Karajá'),
('xqa', 'Karakhanid'),
('xar', 'Karami'),
('kdj', 'Karamojong'),
('kzr', 'Karang'),
('kth', 'Karanga'),
('zkk', 'Karankawa'),
('kyj', 'Karao'),
('kgv', 'Karas'),
('kpt', 'Karata'),
('xrw', 'Karawa'),
('mjw', 'Karbi'),
('kbn', 'Kare (Central African Republic)'),
('kmf', 'Kare (Papua New Guinea)'),
('kai', 'Karekare'),
('krl', 'Karelian'),
('kyd', 'Karey'),
('kbj', 'Kari'),
('kgn', 'Karingani'),
('kgm', 'Karipúna'),
('kmv', 'Karipúna Creole French'),
('kzw', 'Karirí-Xocó'),
('ktn', 'Karitiâna'),
('kil', 'Kariya'),
('vka', 'Kariyarra'),
('yuj', 'Karkar-Yuri'),
('krb', 'Karkin'),
('kko', 'Karko'),
('bbv', 'Karnai'),
('arr', 'Karo (Brazil)'),
('kxh', 'Karo (Ethiopia)'),
('kyh', 'Karok'),
('kyn', 'Karolanos'),
('krx', 'Karon'),
('kgw', 'Karon Dori'),
('xkx', 'Karore'),
('ccj', 'Kasanga'),
('xsm', 'Kasem'),
('kju', 'Kashaya'),
('kas', 'Kashmiri'),
('csb', 'Kashubian'),
('ksn', 'Kasiguranin'),
('kkz', 'Kaska'),
('zsk', 'Kaskean'),
('kgc', 'Kasseng'),
('khs', 'Kasua'),
('kgd', 'Kataang'),
('ktq', 'Katabaga'),
('xat', 'Katawixi'),
('tmb', 'Katbol'),
('xtc', 'Katcha-Kadugli-Miri'),
('kmg', 'Kâte'),
('tkt', 'Kathoriya Tharu'),
('ykt', 'Kathu'),
('bsh', 'Kati'),
('kfu', 'Katkari'),
('kcr', 'Katla'),
('ktw', 'Kato'),
('kaf', 'Katso'),
('kta', 'Katua'),
('kav', 'Katukína'),
('pss', 'Kaulong'),
('vkk', 'Kaur'),
('bpp', 'Kaure'),
('zku', 'Kaurna'),
('xau', 'Kauwera'),
('ckv', 'Kavalan'),
('krv', 'Kavet'),
('kcb', 'Kawacha'),
('xaw', 'Kawaiisu'),
('kgb', 'Kawe'),
('kaw', 'Kawi'),
('ktx', 'Kaxararí'),
('kbb', 'Kaxuiâna'),
('kyz', 'Kayabí'),
('kyt', 'Kayagar'),
('pdu', 'Kayan'),
('xay', 'Kayan Mahakam'),
('xkn', 'Kayan River Kayan'),
('kak', 'Kayapa Kallahan'),
('txu', 'Kayapó'),
('gyd', 'Kayardild'),
('kzl', 'Kayeli'),
('kxy', 'Kayong'),
('kyv', 'Kayort'),
('gbb', 'Kaytetye'),
('kzu', 'Kayupulau'),
('kaz', 'Kazakh'),
('kzk', 'Kazukuru'),
('xxk', 'Ke''o'),
('khz', 'Keapara'),
('meo', 'Kedah Malay'),
('ksx', 'Kedang'),
('kdy', 'Keder'),
('khh', 'Kehu'),
('kei', 'Kei'),
('kec', 'Keiga'),
('bmh', 'Kein'),
('eyo', 'Keiyo'),
('kek', 'Kekchí'),
('kel', 'Kela (Democratic Republic of Congo)'),
('kcl', 'Kela (Papua New Guinea)'),
('kzi', 'Kelabit'),
('keb', 'Kélé'),
('khy', 'Kele (Democratic Republic of Congo)'),
('sbc', 'Kele (Papua New Guinea)'),
('ify', 'Keley-I Kallahan'),
('kbo', 'Keliko'),
('xel', 'Kelo'),
('kyo', 'Kelon'),
('kem', 'Kemak'),
('xem', 'Kembayan'),
('bzp', 'Kemberano'),
('xkw', 'Kembra'),
('dmo', 'Kemezung'),
('sjk', 'Kemi Sami'),
('kfj', 'Kemiehua'),
('kmt', 'Kemtuik'),
('gat', 'Kenati'),
('knx', 'Kendayan'),
('klf', 'Kendeje'),
('kvm', 'Kendem'),
('kyq', 'Kenga'),
('kxi', 'Keningau Murut'),
('knl', 'Keninjal'),
('kns', 'Kensiu'),
('ndb', 'Kenswei Nsei'),
('kzh', 'Kenuzi-Dongola'),
('xki', 'Kenyan Sign Language'),
('ken', 'Kenyang'),
('lke', 'Kenyi'),
('xeu', 'Keoru-Ahia'),
('kpn', 'Kepkiriwát'),
('kuk', 'Kepo'''),
('ker', 'Kera'),
('hhr', 'Kerak'),
('xke', 'Kereho'),
('krk', 'Kerek'),
('ked', 'Kerewe'),
('kxz', 'Kerewo'),
('kvr', 'Kerinci'),
('xes', 'Kesawai'),
('ket', 'Ket'),
('kae', 'Ketangalan'),
('kcv', 'Kete'),
('xte', 'Ketengban'),
('ktt', 'Ketum'),
('kyg', 'Keyagana'),
('xkv', 'Kgalagadi'),
('kjh', 'Khakas'),
('kjf', 'Khalaj'),
('klr', 'Khaling'),
('kbg', 'Khamba'),
('khg', 'Khams Tibetan'),
('kht', 'Khamti'),
('ksu', 'Khamyang'),
('ogo', 'Khana'),
('khn', 'Khandesi'),
('kjm', 'Kháng'),
('kca', 'Khanty'),
('xao', 'Khao'),
('kfw', 'Kharam Naga'),
('khr', 'Kharia'),
('ksy', 'Kharia Thar'),
('kha', 'Khasi'),
('lko', 'Khayo'),
('zkz', 'Khazar'),
('kqg', 'Khe'),
('tlx', 'Khehek'),
('xkf', 'Khengkha'),
('xhe', 'Khetrani'),
('nkh', 'Khezha Naga'),
('kix', 'Khiamniungan Naga'),
('kjj', 'Khinalugh'),
('kwx', 'Khirwar'),
('kqm', 'Khisa'),
('llo', 'Khlor'),
('ykl', 'Khlula'),
('kjg', 'Khmu'),
('xkc', 'Kho''ini'),
('nkb', 'Khoibu Naga'),
('ktc', 'Kholok'),
('kmz', 'Khorasani Turkish'),
('zkh', 'Khorezmian'),
('kho', 'Khotanese'),
('khw', 'Khowar'),
('xhv', 'Khua'),
('khf', 'Khuen'),
('cka', 'Khumi Awa Chin'),
('cnk', 'Khumi Chin'),
('kkh', 'Khün'),
('kfm', 'Khunsari'),
('khv', 'Khvarshi'),
('kie', 'Kibet'),
('prm', 'Kibiri'),
('kic', 'Kickapoo'),
('kzg', 'Kikai'),
('kik', 'Kikuyu'),
('sjd', 'Kildin Sami'),
('kij', 'Kilivila'),
('klb', 'Kiliwa'),
('kih', 'Kilmeri'),
('kia', 'Kim'),
('mji', 'Kim Mun'),
('kig', 'Kimaama'),
('kqr', 'Kimaragang'),
('kiv', 'Kimbu'),
('kmb', 'Kimbundu'),
('sbt', 'Kimki'),
('kqp', 'Kimré'),
('kco', 'Kinalakna'),
('krj', 'Kinaray-A'),
('zga', 'Kinga'),
('kfk', 'Kinnauri'),
('knq', 'Kintaq'),
('kkd', 'Kinuku'),
('kin', 'Kinyarwanda'),
('ues', 'Kioko'),
('kkm', 'Kiong'),
('xko', 'Kiorr'),
('kio', 'Kiowa'),
('apk', 'Kiowa Apache'),
('sgc', 'Kipsigis'),
('kyi', 'Kiput'),
('kkr', 'Kir-Balar'),
('geb', 'Kire'),
('kir', 'Kirghiz'),
('okr', 'Kirike'),
('kiy', 'Kirikiri'),
('kiu', 'Kirmanjki'),
('kis', 'Kis'),
('lks', 'Kisa'),
('kqh', 'Kisankasa'),
('kje', 'Kisar'),
('kiz', 'Kisi'),
('gru', 'Kistane'),
('mwk', 'Kita Maninkakan'),
('zkt', 'Kitan'),
('gia', 'Kitja'),
('kii', 'Kitsai'),
('mkw', 'Kituba (Congo)'),
('ktu', 'Kituba (Democratic Republic of Congo)'),
('kla', 'Klamath-Modoc'),
('klu', 'Klao'),
('kqt', 'Klias River Kadazan'),
('tlh', 'Klingon'),
('czk', 'Knaanic'),
('fuj', 'Ko'),
('kib', 'Koalib'),
('cku', 'Koasati'),
('kpd', 'Koba'),
('kcj', 'Kobiana'),
('kgu', 'Kobol'),
('kpw', 'Kobon'),
('kdq', 'Koch'),
('thq', 'Kochila Tharu'),
('cdz', 'Koda'),
('ksz', 'Kodaku'),
('kfa', 'Kodava'),
('vko', 'Kodeoha'),
('kod', 'Kodi'),
('kwp', 'Kodia'),
('kcs', 'Koenoem'),
('kso', 'Kofa'),
('kpi', 'Kofei'),
('kwl', 'Kofyar'),
('zkg', 'Koguryo'),
('kkx', 'Kohin'),
('plk', 'Kohistani Shina'),
('kpm', 'Koho'),
('bcs', 'Kohumono'),
('kkt', 'Koi'),
('zkb', 'Koibal'),
('nkd', 'Koireng'),
('kqi', 'Koitabu'),
('kxt', 'Koiwat'),
('trp', 'Kok Borok'),
('ktd', 'Kokata'),
('kou', 'Koke'),
('xod', 'Kokoda'),
('kzn', 'Kokola'),
('kkk', 'Kokota'),
('biw', 'Kol (Cameroon)'),
('kol', 'Kol (Papua New Guinea)'),
('kvv', 'Kola'),
('klc', 'Kolbila'),
('skn', 'Kolibugan Subanon'),
('klm', 'Kolom'),
('ksh', 'Kölsch'),
('dkl', 'Kolum So Dogon'),
('klx', 'Koluwawa'),
('bkm', 'Kom (Cameroon)'),
('kmm', 'Kom (India)'),
('kmy', 'Koma'),
('kpf', 'Komba'),
('tyn', 'Kombai'),
('xbi', 'Kombio'),
('kge', 'Komering'),
('kom', 'Komi'),
('koi', 'Komi-Permyak'),
('kpv', 'Komi-Zyrian'),
('xoi', 'Kominimung'),
('kmw', 'Komo (Democratic Republic of Congo)'),
('xom', 'Komo (Sudan)'),
('kvh', 'Komodo'),
('kvp', 'Kompane'),
('kzv', 'Komyandaret'),
('kkn', 'Kon Keu'),
('kxw', 'Konai'),
('knd', 'Konda'),
('kfc', 'Konda-Dora'),
('kdw', 'Koneraw'),
('kon', 'Kongo'),
('knn', 'Konkani (individual language)'),
('kok', 'Konkani (macrolanguage)'),
('xon', 'Konkomba'),
('kma', 'Konni'),
('knu', 'Kono (Guinea)'),
('klk', 'Kono (Nigeria)'),
('kno', 'Kono (Sierra Leone)'),
('koa', 'Konomala'),
('kcz', 'Konongo'),
('kxc', 'Konso'),
('nbe', 'Konyak Naga'),
('mku', 'Konyanka Maninka'),
('koo', 'Konzo'),
('kng', 'Koongo'),
('ozm', 'Koonzime'),
('kqy', 'Koorete'),
('xop', 'Kopar'),
('opk', 'Kopkaka'),
('kpr', 'Korafe-Yegha'),
('koz', 'Korak'),
('kqz', 'Korana'),
('kcy', 'Korandje'),
('kor', 'Korean'),
('kvk', 'Korean Sign Language'),
('coe', 'Koreguaje'),
('okh', 'Koresh-e Rostam'),
('kfq', 'Korku'),
('vkp', 'Korlai Creole Portuguese'),
('kfo', 'Koro (Côte d''Ivoire)'),
('kxr', 'Koro (Papua New Guinea)'),
('krf', 'Koro (Vanuatu)'),
('kfz', 'Koromfé'),
('kqj', 'Koromira'),
('bpr', 'Koronadal Blaan'),
('xkq', 'Koroni'),
('krp', 'Korop'),
('ktl', 'Koroshi'),
('khe', 'Korowai'),
('kfd', 'Korra Koraga'),
('xor', 'Korubo'),
('kpq', 'Korupun-Sela'),
('kfp', 'Korwa'),
('kpy', 'Koryak'),
('kiq', 'Kosadle'),
('kkl', 'Kosarek Yale'),
('kze', 'Kosena'),
('kid', 'Koshin'),
('kos', 'Kosraean'),
('koq', 'Kota (Gabon)'),
('kfe', 'Kota (India)'),
('mqg', 'Kota Bangun Kutai Malay'),
('grm', 'Kota Marudu Talantang'),
('ktr', 'Kota Marudu Tinagas'),
('kqk', 'Kotafon Gbe'),
('avk', 'Kotava'),
('eko', 'Koti'),
('zko', 'Kott'),
('kyf', 'Kouya'),
('kqb', 'Kovai'),
('kvc', 'Kove'),
('xow', 'Kowaki'),
('kwh', 'Kowiai'),
('kqd', 'Koy Sanjaq Surat'),
('kff', 'Koya'),
('kga', 'Koyaga'),
('koh', 'Koyo'),
('khq', 'Koyra Chiini Songhay'),
('ses', 'Koyraboro Senni Songhai'),
('koy', 'Koyukon'),
('kuw', 'Kpagua'),
('kpl', 'Kpala'),
('kpk', 'Kpan'),
('pbn', 'Kpasam'),
('koc', 'Kpati'),
('kym', 'Kpatili'),
('kpe', 'Kpelle'),
('kef', 'Kpessi'),
('kph', 'Kplang'),
('kye', 'Krache'),
('xra', 'Krahô'),
('rka', 'Kraol'),
('kqq', 'Krenak'),
('zkv', 'Krevinian'),
('xre', 'Kreye'),
('xri', 'Krikati-Timbira'),
('krm', 'Krim'),
('kri', 'Krio'),
('rop', 'Kriol'),
('ksi', 'Krisa'),
('kxb', 'Krobu'),
('kgo', 'Krongo'),
('krr', 'Kru''ng 2'),
('jct', 'Krymchak'),
('kry', 'Kryts'),
('tyu', 'Kua'),
('uan', 'Kuan'),
('xnh', 'Kuanhua'),
('ksd', 'Kuanua'),
('kua', 'Kuanyama'),
('kgf', 'Kube'),
('kof', 'Kubi'),
('jko', 'Kubo'),
('kvb', 'Kubu'),
('lkc', 'Kucong'),
('kfg', 'Kudiya'),
('kyw', 'Kudmali'),
('kov', 'Kudu-Camo'),
('kow', 'Kugama'),
('kes', 'Kugbo'),
('kxu', 'Kui (India)'),
('kvd', 'Kui (Indonesia)'),
('dkr', 'Kuijau'),
('kui', 'Kuikúro-Kalapálo'),
('vkj', 'Kujarge'),
('kfn', 'Kuk'),
('kux', 'Kukatja'),
('kez', 'Kukele'),
('kex', 'Kukna'),
('xmq', 'Kuku-Mangk'),
('xmp', 'Kuku-Mu''inh'),
('xmh', 'Kuku-Muminh'),
('ugb', 'Kuku-Ugbanh'),
('uwa', 'Kuku-Uwanh'),
('gvn', 'Kuku-Yalanji'),
('tpg', 'Kula'),
('kul', 'Kulere'),
('kxj', 'Kulfa'),
('xpk', 'Kulina Pano'),
('vkl', 'Kulisusu'),
('kfx', 'Kullu Pahari'),
('uun', 'Kulon-Pazeh'),
('kle', 'Kulung (Nepal)'),
('bbu', 'Kulung (Nigeria)'),
('nee', 'Kumak'),
('ksl', 'Kumalu'),
('kdi', 'Kumam'),
('kue', 'Kuman'),
('qwm', 'Kuman (Russia)'),
('kfy', 'Kumaoni'),
('kmj', 'Kumarbhag Paharia'),
('ksm', 'Kumba'),
('kgs', 'Kumbainggar'),
('wkb', 'Kumbaran'),
('xks', 'Kumbewaha'),
('kra', 'Kumhali'),
('dih', 'Kumiai'),
('kuo', 'Kumukio'),
('kum', 'Kumyk'),
('zum', 'Kumzari'),
('kun', 'Kunama'),
('wlg', 'Kunbarlang'),
('kdn', 'Kunda'),
('wku', 'Kunduvadi'),
('kfl', 'Kung'),
('knw', 'Kung-Ekoka'),
('ggk', 'Kungarakany'),
('kvs', 'Kunggara'),
('kgl', 'Kunggari'),
('kse', 'Kuni'),
('kvg', 'Kuni-Boazi'),
('xug', 'Kunigami'),
('kup', 'Kunimaipa'),
('pep', 'Kunja'),
('kjn', 'Kunjen'),
('njx', 'Kunyi'),
('kuz', 'Kunza'),
('xuo', 'Kuo'),
('kto', 'Kuot'),
('kug', 'Kupa'),
('mkn', 'Kupang Malay'),
('key', 'Kupia'),
('kpz', 'Kupsabiny'),
('kuv', 'Kur'),
('nqk', 'Kura Ede Nago'),
('krh', 'Kurama'),
('knk', 'Kuranko'),
('kur', 'Kurdish'),
('nbn', 'Kuri'),
('kuj', 'Kuria'),
('kfh', 'Kurichiya'),
('kfv', 'Kurmukar'),
('vku', 'Kurrama'),
('ktm', 'Kurti'),
('xkz', 'Kurtokha'),
('kyr', 'Kuruáya'),
('kjr', 'Kurudu'),
('kru', 'Kurukh'),
('kus', 'Kusaal'),
('ksg', 'Kusaghe'),
('kuh', 'Kushi'),
('ksv', 'Kusu'),
('kgg', 'Kusunda'),
('ght', 'Kutang Ghale'),
('kut', 'Kutenai'),
('kub', 'Kutep'),
('xut', 'Kuthant'),
('kpa', 'Kutto'),
('kdc', 'Kutu'),
('khj', 'Kuturmi'),
('kuy', 'Kuuku-Ya''u'),
('kxv', 'Kuvi'),
('blh', 'Kuwaa'),
('cwt', 'Kuwaataay'),
('kdt', 'Kuy'),
('fkv', 'Kven Finnish'),
('wka', 'Kw''adza'),
('kwb', 'Kwa'),
('bko', 'Kwa'''),
('ksq', 'Kwaami'),
('kwz', 'Kwadi'),
('kwd', 'Kwaio'),
('kdz', 'Kwaja'),
('kwq', 'Kwak'),
('kwk', 'Kwakiutl'),
('kwu', 'Kwakum'),
('qwt', 'Kwalhioqua-Tlatskanai'),
('kmq', 'Kwama'),
('kwm', 'Kwambi'),
('tnk', 'Kwamera'),
('ktf', 'Kwami'),
('okk', 'Kwamtim One'),
('kvi', 'Kwang'),
('kwj', 'Kwanga'),
('kwn', 'Kwangali'),
('knp', 'Kwanja'),
('kwf', 'Kwara''ae'),
('nmg', 'Kwasio'),
('kop', 'Kwato'),
('kya', 'Kwaya'),
('xwa', 'Kwaza'),
('xwg', 'Kwegu'),
('kwr', 'Kwer'),
('kwe', 'Kwerba'),
('xwr', 'Kwerba Mamberamo'),
('cwe', 'Kwere'),
('kkb', 'Kwerisa'),
('kws', 'Kwese'),
('kwt', 'Kwesten'),
('gww', 'Kwini'),
('kuc', 'Kwinsu'),
('kww', 'Kwinti'),
('kmo', 'Kwoma'),
('kwo', 'Kwomtari'),
('xuu', 'Kxoe'),
('bka', 'Kyak'),
('kyc', 'Kyaka'),
('kql', 'Kyenele'),
('tye', 'Kyenga'),
('kgy', 'Kyerung'),
('lbi', 'La''bi'),
('bwj', 'Láá Láá Bwamu'),
('ldn', 'Láadan'),
('gdm', 'Laal'),
('ldi', 'Laari'),
('lau', 'Laba'),
('lbb', 'Label'),
('jku', 'Labir'),
('mwi', 'Labo'),
('ypb', 'Labo Phowa'),
('lbu', 'Labu'),
('dtb', 'Labuk-Kinabatangan Kadazan'),
('lac', 'Lacandon'),
('lbt', 'Lachi'),
('zpa', 'Lachiguiri Zapotec'),
('zpl', 'Lachixío Zapotec'),
('lbj', 'Ladakhi'),
('lld', 'Ladin'),
('lad', 'Ladino'),
('lkl', 'Laeko-Libuat'),
('laf', 'Lafofa'),
('lgb', 'Laghu'),
('lgh', 'Laghuu'),
('kot', 'Lagwan'),
('lhh', 'Laha (Indonesia)'),
('lha', 'Laha (Viet Nam)'),
('lhn', 'Lahanan'),
('lah', 'Lahnda'),
('kvt', 'Lahta Karen'),
('lhu', 'Lahu'),
('lhi', 'Lahu Shi'),
('lhl', 'Lahul Lohar'),
('lmx', 'Laimbue'),
('lji', 'Laiyolo'),
('lbe', 'Lak'),
('lap', 'Laka (Chad)'),
('lak', 'Laka (Nigeria)'),
('lka', 'Lakalei'),
('lmw', 'Lake Miwok'),
('lkh', 'Lakha'),
('lki', 'Laki'),
('lbc', 'Lakkia'),
('lkn', 'Lakona'),
('lkd', 'Lakondê'),
('lkt', 'Lakota'),
('dic', 'Lakota Dida'),
('nrz', 'Lala'),
('leb', 'Lala-Bisa'),
('lla', 'Lala-Roba'),
('cnl', 'Lalana Chinantec'),
('lal', 'Lalia'),
('lay', 'Lama (Myanmar)'),
('las', 'Lama (Togo)'),
('slp', 'Lamaholot'),
('lmr', 'Lamalera'),
('lmm', 'Lamam'),
('hia', 'Lamang'),
('lmq', 'Lamatuka'),
('lam', 'Lamba'),
('lmn', 'Lambadi'),
('quf', 'Lambayeque Quechua'),
('lmh', 'Lambichhong'),
('lmy', 'Lamboya'),
('lai', 'Lambya'),
('bma', 'Lame'),
('lmu', 'Lamenu'),
('lbn', 'Lamet'),
('ldh', 'Lamja-Dengsa-Tola'),
('lmk', 'Lamkang'),
('lev', 'Lamma'),
('lns', 'Lamnso'''),
('lmg', 'Lamogai'),
('ljp', 'Lampung Api'),
('abl', 'Lampung Nyo'),
('llh', 'Lamu'),
('lby', 'Lamu-Lamu'),
('ruu', 'Lanas Lobu'),
('ldm', 'Landoma'),
('yne', 'Lang''e'),
('lnm', 'Langam'),
('lna', 'Langbashe'),
('lag', 'Langi'),
('yln', 'Langnian Buyang'),
('lno', 'Lango (Sudan)'),
('laj', 'Lango (Uganda)'),
('lng', 'Langobardic'),
('sfb', 'Langue des signes de Belgique Francophone'),
('lnh', 'Lanoh'),
('lni', 'Lantanai'),
('lao', 'Lao'),
('lwm', 'Laomian'),
('lbg', 'Laopang'),
('lso', 'Laos Sign Language'),
('ztl', 'Lapaguía-Guivini Zapotec'),
('laa', 'Lapuyan Subanun'),
('lrg', 'Laragia'),
('lrt', 'Larantuka Malay'),
('lbz', 'Lardil'),
('lrv', 'Larevat'),
('hmd', 'Large Flowery Miao'),
('lrl', 'Lari'),
('alo', 'Larike-Wakasihu'),
('lro', 'Laro'),
('lar', 'Larteh'),
('lan', 'Laru'),
('llm', 'Lasalimu'),
('lsa', 'Lasgerdi'),
('lsi', 'Lashi'),
('lss', 'Lasi'),
('ltc', 'Late Middle Chinese'),
('lat', 'Latin'),
('ltu', 'Latu'),
('ltn', 'Latundê'),
('lav', 'Latvian'),
('lsl', 'Latvian Sign Language'),
('llu', 'Lau'),
('luf', 'Laua'),
('llx', 'Lauan'),
('law', 'Lauje'),
('lur', 'Laura'),
('lre', 'Laurentian'),
('lbv', 'Lavatbura-Lamusong'),
('brb', 'Lave'),
('lbo', 'Laven'),
('lvk', 'Lavukaleve'),
('lbx', 'Lawangan'),
('tgi', 'Lawunuia'),
('lya', 'Layakha'),
('lzz', 'Laz'),
('cle', 'Lealao Chinantec'),
('lec', 'Leco'),
('lew', 'Ledo Kaili'),
('ldk', 'Leelau'),
('lfa', 'Lefa'),
('lgm', 'Lega-Mwenga'),
('lea', 'Lega-Shabunda'),
('agb', 'Legbo'),
('lcc', 'Legenyem'),
('tql', 'Lehali'),
('urr', 'Lehalurup'),
('cae', 'Lehar'),
('lzn', 'Leinong Naga'),
('lek', 'Leipon'),
('llk', 'Lelak'),
('lln', 'Lele (Chad)'),
('lel', 'Lele (Democratic Republic of Congo)'),
('llc', 'Lele (Guinea)'),
('lle', 'Lele (Papua New Guinea)'),
('lef', 'Lelemi'),
('lpa', 'Lelepa'),
('leq', 'Lembena'),
('lei', 'Lemio'),
('xle', 'Lemnian'),
('ley', 'Lemolang'),
('ldj', 'Lemoro'),
('tnl', 'Lenakel'),
('len', 'Lenca'),
('led', 'Lendu'),
('lgi', 'Lengilu'),
('lgr', 'Lengo'),
('lej', 'Lengola'),
('leg', 'Lengua'),
('lnj', 'Leningitij'),
('leh', 'Lenje'),
('ler', 'Lenkau'),
('ldg', 'Lenyima'),
('lep', 'Lepcha'),
('lpe', 'Lepki'),
('xlp', 'Lepontic'),
('gnh', 'Lere'),
('les', 'Lese'),
('let', 'Lesing-Gelimi'),
('nms', 'Letemboi'),
('leo', 'Leti (Cameroon)'),
('lti', 'Leti (Indonesia)'),
('lvu', 'Levuka'),
('lww', 'Lewo'),
('lwe', 'Lewo Eleng'),
('lwt', 'Lewotobi'),
('ayi', 'Leyigha'),
('lez', 'Lezghian'),
('lhp', 'Lhokpu'),
('lhm', 'Lhomi'),
('ljl', 'Li''o'),
('lix', 'Liabuku'),
('ste', 'Liana-Seti'),
('njn', 'Liangmai Naga'),
('zln', 'Lianshan Zhuang'),
('xpe', 'Liberia Kpelle'),
('lir', 'Liberian English'),
('liq', 'Libido'),
('liz', 'Libinza'),
('xli', 'Liburnian'),
('ayl', 'Libyan Arabic'),
('lbs', 'Libyan Sign Language'),
('lig', 'Ligbi'),
('lgz', 'Ligenza'),
('lij', 'Ligurian'),
('xlg', 'Ligurian (Ancient)'),
('lih', 'Lihir'),
('mgi', 'Lijili'),
('lik', 'Lika'),
('lio', 'Liki'),
('lie', 'Likila'),
('kxx', 'Likuba'),
('lib', 'Likum'),
('kwc', 'Likwala'),
('lll', 'Lilau'),
('lil', 'Lillooet'),
('bme', 'Limassa'),
('lif', 'Limbu'),
('lmp', 'Limbum'),
('lim', 'Limburgan'),
('ylm', 'Limi'),
('lmc', 'Limilngan'),
('kmk', 'Limos Kalinga'),
('klw', 'Lindu'),
('lab', 'Linear A'),
('lin', 'Lingala'),
('onb', 'Lingao'),
('lgk', 'Lingarak'),
('lii', 'Lingkhim'),
('pml', 'Lingua Franca'),
('lfn', 'Lingua Franca Nova'),
('apl', 'Lipan Apache'),
('lpo', 'Lipo'),
('lcs', 'Lisabata-Nuniali'),
('lcl', 'Lisela'),
('lsh', 'Lish'),
('trg', 'Lishán Didán'),
('lsd', 'Lishana Deni'),
('aij', 'Lishanid Noshan'),
('lis', 'Lisu'),
('lit', 'Lithuanian'),
('lls', 'Lithuanian Sign Language'),
('lzl', 'Litzlitz'),
('zlj', 'Liujiang Zhuang'),
('zlq', 'Liuqian Zhuang'),
('liv', 'Liv'),
('olo', 'Livvi'),
('lrk', 'Loarki'),
('loq', 'Lobala'),
('lob', 'Lobi'),
('lbm', 'Lodhi'),
('lgq', 'Logba'),
('log', 'Logo'),
('lof', 'Logol'),
('rag', 'Logooli'),
('liu', 'Logorik'),
('src', 'Logudorese Sardinian'),
('qvj', 'Loja Highland Quichua'),
('jbo', 'Lojban'),
('yaz', 'Lokaa'),
('lok', 'Loko'),
('lky', 'Lokoya'),
('lcd', 'Lola'),
('llq', 'Lolak'),
('llg', 'Lole'),
('llb', 'Lolo'),
('loa', 'Loloda'),
('ycl', 'Lolopo'),
('loi', 'Loma (Côte d''Ivoire)'),
('lom', 'Loma (Liberia)'),
('lmv', 'Lomaiviti'),
('rmi', 'Lomavren'),
('lmo', 'Lombard'),
('lmi', 'Lombi'),
('loo', 'Lombo'),
('ngl', 'Lomwe'),
('lce', 'Loncong'),
('lpn', 'Long Phuri Naga'),
('ttw', 'Long Wat'),
('lgu', 'Longgu'),
('wok', 'Longto'),
('lnu', 'Longuda'),
('los', 'Loniu'),
('crc', 'Lonwolwol'),
('lnz', 'Lonzo'),
('ldo', 'Loo'),
('lop', 'Lopa'),
('lov', 'Lopi'),
('lpx', 'Lopit'),
('lrn', 'Lorang'),
('lnn', 'Lorediakarkar'),
('spq', 'Loreto-Ucayali Spanish'),
('uvl', 'Lote'),
('njh', 'Lotha Naga'),
('dtr', 'Lotud'),
('loj', 'Lou'),
('lou', 'Louisiana Creole French'),
('lox', 'Loun'),
('xlo', 'Loup A'),
('xlb', 'Loup B'),
('nds', 'Low German'),
('loy', 'Lowa'),
('cea', 'Lower Chehalis'),
('dni', 'Lower Grand Valley Dani'),
('sli', 'Lower Silesian'),
('dsb', 'Lower Sorbian'),
('tto', 'Lower Ta''oih'),
('taa', 'Lower Tanana'),
('kml', 'Lower Tanudan Kalinga'),
('clo', 'Lowland Oaxaca Chontal'),
('tac', 'Lowland Tarahumara'),
('ztp', 'Loxicha Zapotec'),
('loz', 'Lozi'),
('khb', 'Lü'),
('prb', 'Lua'''),
('lex', 'Luang'),
('lub', 'Luba-Katanga'),
('lua', 'Luba-Lulua'),
('kcc', 'Lubila'),
('lcf', 'Lubu'),
('knb', 'Lubuagan Kalinga'),
('lch', 'Luchazi'),
('luq', 'Lucumi'),
('lud', 'Ludian'),
('ldq', 'Lufu'),
('lgg', 'Lugbara'),
('ruf', 'Luguru'),
('lcq', 'Luhu'),
('lba', 'Lui'),
('lum', 'Luimbi'),
('lui', 'Luiseno'),
('dop', 'Lukpa'),
('smj', 'Lule Sami'),
('luu', 'Lumba-Yakkha'),
('lmz', 'Lumbee'),
('lup', 'Lumbu'),
('lmd', 'Lumun'),
('luj', 'Luna'),
('luk', 'Lunanakha'),
('lun', 'Lunda'),
('lnd', 'Lundayeh'),
('lga', 'Lungga'),
('luw', 'Luo (Cameroon)'),
('luo', 'Luo (Kenya and Tanzania)'),
('hml', 'Luopohe Hmong'),
('ldd', 'Luri'),
('lse', 'Lusengo'),
('lus', 'Lushai'),
('lut', 'Lushootseed'),
('khl', 'Lusi'),
('xls', 'Lusitanian'),
('ndy', 'Lutos'),
('lue', 'Luvale'),
('luv', 'Luwati'),
('lwo', 'Luwo'),
('ltz', 'Luxembourgish'),
('lyn', 'Luyana'),
('luy', 'Luyia'),
('lwa', 'Lwalu'),
('xlc', 'Lycian'),
('xld', 'Lydian'),
('lee', 'Lyélé'),
('lyg', 'Lyngngam'),
('lsg', 'Lyons Sign Language'),
('pmh', 'M?h?r???ri Pr?krit'),
('msj', 'Ma (Democratic Republic of Congo)'),
('mjn', 'Ma (Papua New Guinea)'),
('mhy', 'Ma''anyan'),
('mhi', 'Ma''di'),
('slz', 'Ma''ya'),
('cma', 'Maa'),
('mew', 'Maaka'),
('ffm', 'Maasina Fulfulde'),
('ymm', 'Maay'),
('mde', 'Maba (Chad)'),
('mqa', 'Maba (Indonesia)'),
('mmz', 'Mabaale'),
('mfz', 'Mabaan'),
('kkg', 'Mabaka Valley Kalinga'),
('muj', 'Mabire'),
('mca', 'Maca'),
('mcl', 'Macaguaje'),
('mbn', 'Macaguán'),
('mzs', 'Macanese'),
('rup', 'Macedo Romanian'),
('mkd', 'Macedonian'),
('jmc', 'Machame'),
('mcb', 'Machiguenga'),
('mpd', 'Machinere'),
('mvw', 'Machinga'),
('wpc', 'Maco'),
('myy', 'Macuna'),
('mbc', 'Macushi'),
('mxu', 'Mada (Cameroon)'),
('mda', 'Mada (Nigeria)'),
('mzc', 'Madagascar Sign Language'),
('mmx', 'Madak'),
('xmx', 'Maden'),
('grg', 'Madi'),
('zml', 'Madngele'),
('kmd', 'Madukayang Kalinga'),
('mad', 'Madurese'),
('mme', 'Mae'),
('hmk', 'Maek'),
('itt', 'Maeng Itneg'),
('maf', 'Mafa'),
('mkv', 'Mafea'),
('sgb', 'Mag-Anchi Ayta'),
('blx', 'Mag-Indi Ayta'),
('mtw', 'Magahat'),
('mag', 'Magahi'),
('xtm', 'Magdalena Peñasco Mixtec'),
('gmd', 'Mághdì'),
('gmx', 'Magoma'),
('zgr', 'Magori'),
('mdh', 'Maguindanao'),
('mjx', 'Mahali'),
('bfz', 'Mahasu Pahari'),
('mja', 'Mahei'),
('mjy', 'Mahican'),
('mhb', 'Mahongwe'),
('mxx', 'Mahou'),
('ayz', 'Mai Brat'),
('sks', 'Maia'),
('mzz', 'Maiadomu'),
('tnh', 'Maiani'),
('mmm', 'Maii'),
('mgu', 'Mailu'),
('cwb', 'Maindo'),
('vmf', 'Mainfränkisch'),
('xkl', 'Mainstream Kenyah'),
('zrs', 'Mairasi'),
('mbq', 'Maisin'),
('mai', 'Maithili'),
('wmm', 'Maiwa (Indonesia)'),
('mti', 'Maiwa (Papua New Guinea)'),
('mum', 'Maiwala'),
('mpe', 'Majang'),
('xmj', 'Majera'),
('mjz', 'Majhi'),
('mmj', 'Majhwar'),
('mkg', 'Mak (China)'),
('pbl', 'Mak (Nigeria)'),
('mcp', 'Makaa'),
('myh', 'Makah'),
('mkz', 'Makasae'),
('mak', 'Makasar'),
('mfp', 'Makassar Malay'),
('aup', 'Makayam'),
('vmw', 'Makhuwa'),
('xmc', 'Makhuwa-Marrevone'),
('mgh', 'Makhuwa-Meetto'),
('mhm', 'Makhuwa-Moniga'),
('xsq', 'Makhuwa-Saka'),
('vmk', 'Makhuwa-Shirima'),
('mgf', 'Maklew'),
('zmh', 'Makolkol'),
('kde', 'Makonde'),
('lva', 'Maku''a'),
('mpu', 'Makuráp'),
('jmn', 'Makuri Naga'),
('ymk', 'Makwe'),
('umn', 'Makyan Naga'),
('mlf', 'Mal'),
('mkb', 'Mal Paharia'),
('ruy', 'Mala (Nigeria)'),
('ped', 'Mala (Papua New Guinea)'),
('ima', 'Mala Malasar'),
('ccm', 'Malaccan Creole Malay'),
('mcm', 'Malaccan Creole Portuguese'),
('mlg', 'Malagasy'),
('mld', 'Malakhel'),
('mmt', 'Malalamai'),
('mln', 'Malango'),
('mjo', 'Malankuravan'),
('mjp', 'Malapandaram'),
('mjq', 'Malaryan'),
('mkr', 'Malas'),
('mqz', 'Malasanga'),
('ymr', 'Malasar'),
('mjr', 'Malavedan'),
('lon', 'Malawi Lomwe'),
('swk', 'Malawi Sena'),
('zlm', 'Malay (individual language)'),
('msa', 'Malay (macrolanguage)'),
('mal', 'Malayalam'),
('xdy', 'Malayic Dayak'),
('mlz', 'Malaynon'),
('mbp', 'Malayo'),
('xml', 'Malaysian Sign Language'),
('bfo', 'Malba Birifor'),
('mdy', 'Male (Ethiopia)'),
('mdc', 'Male (Papua New Guinea)'),
('pqm', 'Malecite-Passamaquoddy'),
('gut', 'Maléku Jaíka'),
('pkt', 'Maleng'),
('mgl', 'Maleu-Kilenge'),
('mlx', 'Malfaxal'),
('vml', 'Malgana'),
('mxf', 'Malgbe'),
('gcc', 'Mali'),
('mwj', 'Maligo'),
('mgq', 'Malila'),
('mzd', 'Malimba'),
('mli', 'Malimpung'),
('tcf', 'Malinaltepec Tlapanec'),
('sic', 'Malinguat'),
('mla', 'Malo'),
('mbk', 'Malol'),
('mlt', 'Maltese'),
('mdl', 'Maltese Sign Language'),
('mll', 'Malua Bay'),
('mup', 'Malvi'),
('mma', 'Mama'),
('mhf', 'Mamaa'),
('wmd', 'Mamaindé'),
('mmn', 'Mamanwa'),
('myk', 'Mamara Senoufo'),
('mqj', 'Mamasa'),
('mgm', 'Mambae'),
('mcs', 'Mambai'),
('mvd', 'Mamboru'),
('mgr', 'Mambwe-Lungu'),
('maw', 'Mampruli'),
('mqx', 'Mamuju'),
('emm', 'Mamulique'),
('kdf', 'Mamusi'),
('mdi', 'Mamvu'),
('mml', 'Man Met'),
('xmm', 'Manado Malay'),
('mva', 'Manam'),
('mle', 'Manambu'),
('nmm', 'Manangba'),
('znk', 'Manangkari'),
('mnc', 'Manchu'),
('zma', 'Manda (Australia)'),
('mha', 'Manda (India)'),
('mgs', 'Manda (Tanzania)'),
('mht', 'Mandahuaca'),
('mid', 'Mandaic'),
('mhq', 'Mandan'),
('zmk', 'Mandandanyi'),
('mdr', 'Mandar'),
('tbf', 'Mandara'),
('mqu', 'Mandari'),
('cmn', 'Mandarin Chinese'),
('mjl', 'Mandeali'),
('mqr', 'Mander'),
('man', 'Mandingo'),
('mnk', 'Mandinka'),
('mfv', 'Mandjak'),
('aax', 'Mandobo Atas'),
('bwp', 'Mandobo Bawah'),
('jet', 'Manem'),
('zng', 'Mang'),
('kby', 'Manga Kanuri'),
('mem', 'Mangala'),
('mpc', 'Mangarayi'),
('mrv', 'Mangareva'),
('zns', 'Mangas'),
('myj', 'Mangayat'),
('mdj', 'Mangbetu'),
('mdk', 'Mangbutu'),
('zme', 'Mangerr'),
('mmo', 'Mangga Buang'),
('mqy', 'Manggarai'),
('mge', 'Mango'),
('mqc', 'Mangole'),
('mbh', 'Mangseng'),
('xmn', 'Manichaean Middle Persian'),
('xkb', 'Manigri-Kambolé Ede Nago'),
('mnx', 'Manikion'),
('mqp', 'Manipa'),
('mni', 'Manipuri'),
('knf', 'Mankanya'),
('mev', 'Mann'),
('mju', 'Manna-Dora'),
('mjv', 'Mannan'),
('woo', 'Manombai'),
('msk', 'Mansaka'),
('mns', 'Mansi'),
('msw', 'Mansoanka'),
('myg', 'Manta'),
('nty', 'Mantsi'),
('kxf', 'Manumanaw Karen'),
('wha', 'Manusela'),
('glv', 'Manx'),
('mzj', 'Manya'),
('mny', 'Manyawa'),
('mxc', 'Manyika'),
('mzv', 'Manza'),
('nbi', 'Mao Naga'),
('mmd', 'Maonan'),
('mri', 'Maori'),
('mlh', 'Mape'),
('mnm', 'Mapena'),
('mpy', 'Mapia'),
('mpw', 'Mapidian'),
('bzh', 'Mapos Buang'),
('mcg', 'Mapoyo'),
('arn', 'Mapudungun'),
('sjm', 'Mapun'),
('mch', 'Maquiritari'),
('mec', 'Mara'),
('mrh', 'Mara Chin'),
('lri', 'Marachi'),
('vmh', 'Maraghei'),
('mrs', 'Maragus'),
('nma', 'Maram Naga'),
('lrm', 'Marama'),
('myd', 'Maramba'),
('mrw', 'Maranao'),
('zmr', 'Maranunggu'),
('mgb', 'Mararit'),
('mar', 'Marathi'),
('mvr', 'Marau'),
('mpg', 'Marba'),
('mrx', 'Maremgi'),
('vmr', 'Marenje'),
('mvu', 'Marfa'),
('zmc', 'Margany'),
('mrt', 'Marghi Central'),
('mfm', 'Marghi South'),
('qvm', 'Margos-Yarowilca-Lauricocha Quechua'),
('mhg', 'Margu'),
('mbx', 'Mari (East Sepik Province)'),
('hob', 'Mari (Madang Province)'),
('chm', 'Mari (Russia)'),
('mrr', 'Maria (India)'),
('mds', 'Maria (Papua New Guinea)'),
('mrc', 'Maricopa'),
('zmd', 'Maridan'),
('zmj', 'Maridjabin'),
('dad', 'Marik'),
('zmm', 'Marimanindji'),
('mrz', 'Marind'),
('mbw', 'Maring'),
('nng', 'Maring Naga'),
('zmt', 'Maringarr'),
('mrb', 'Marino'),
('mqi', 'Mariri'),
('mfr', 'Marithiel'),
('nsr', 'Maritime Sign Language'),
('msp', 'Maritsauá'),
('zmy', 'Mariyedi'),
('rkm', 'Marka'),
('enb', 'Markweeta'),
('rmz', 'Marma'),
('mvo', 'Marovo'),
('xru', 'Marriammu'),
('umc', 'Marrucinian'),
('mah', 'Marshallese'),
('ims', 'Marsian'),
('mre', 'Martha''s Vineyard Sign Language'),
('zmg', 'Marti Ke'),
('mpj', 'Martu Wangka'),
('vma', 'Martuyhunira'),
('mhx', 'Maru'),
('mzr', 'Marúbo'),
('mwr', 'Marwari'),
('rwr', 'Marwari (India)'),
('mve', 'Marwari (Pakistan)'),
('myx', 'Masaaba'),
('tis', 'Masadiit Itneg'),
('mas', 'Masai'),
('mls', 'Masalit'),
('mcn', 'Masana'),
('bks', 'Masbate Sorsogon'),
('msb', 'Masbatenyo'),
('cuj', 'Mashco Piro'),
('jms', 'Mashi (Nigeria)'),
('mho', 'Mashi (Zambia)'),
('msh', 'Masikoro Malagasy'),
('ism', 'Masimasi'),
('bnf', 'Masiwang'),
('klv', 'Maskelynes'),
('mhh', 'Maskoy Pidgin'),
('msv', 'Maslam'),
('mes', 'Masmaje'),
('mdg', 'Massalat'),
('mvs', 'Massep'),
('mtn', 'Matagalpa'),
('mfh', 'Matal'),
('xmt', 'Matbat'),
('mgv', 'Matengo'),
('mqe', 'Matepi'),
('mbt', 'Matigsalug Manobo'),
('mzo', 'Matipuhy'),
('mpq', 'Matís'),
('met', 'Mato'),
('axg', 'Mato Grosso Arára'),
('mtm', 'Mator'),
('ymt', 'Mator-Taygi-Karagas'),
('mcf', 'Matsés'),
('mvb', 'Mattole'),
('mjk', 'Matukar'),
('mgw', 'Matumbi'),
('stj', 'Matya Samo'),
('mph', 'Maung'),
('mhl', 'Mauwake'),
('mcw', 'Mawa (Chad)'),
('wma', 'Mawa (Nigeria)'),
('mjj', 'Mawak'),
('mcz', 'Mawan'),
('mzx', 'Mawayana'),
('mke', 'Mawchi'),
('mgk', 'Mawes'),
('mbl', 'Maxakalí'),
('mxl', 'Maxi Gbe'),
('sym', 'Maya Samo'),
('xmy', 'Mayaguduna'),
('myc', 'Mayeka'),
('mnt', 'Maykulan'),
('mfy', 'Mayo'),
('mdm', 'Mayogo'),
('ifu', 'Mayoyao Ifugao'),
('dkx', 'Mazagway'),
('zpy', 'Mazaltepec Zapotec'),
('mzn', 'Mazanderani'),
('vmz', 'Mazatlán Mazatec'),
('mzl', 'Mazatlán Mixe'),
('mfc', 'Mba'),
('vmb', 'Mbabaram'),
('mdp', 'Mbala'),
('lnb', 'Mbalanhu'),
('zmz', 'Mbandja'),
('mxg', 'Mbangala'),
('mgn', 'Mbangi'),
('zmn', 'Mbangwe'),
('mvl', 'Mbara (Australia)'),
('mpk', 'Mbara (Chad)'),
('zmv', 'Mbariman-Gudhinma'),
('mdn', 'Mbati'),
('gwa', 'Mbato'),
('myb', 'Mbay'),
('mfo', 'Mbe'),
('mtk', 'Mbe'''),
('xmd', 'Mbedam'),
('mql', 'Mbelime'),
('mdt', 'Mbere'),
('zms', 'Mbesa'),
('mbo', 'Mbo (Cameroon)'),
('zmw', 'Mbo (Democratic Republic of Congo)'),
('moi', 'Mboi'),
('mdu', 'Mboko'),
('mdq', 'Mbole'),
('xmb', 'Mbonga'),
('bgu', 'Mbongno'),
('mdw', 'Mbosi'),
('mxo', 'Mbowe'),
('mka', 'Mbre'),
('muc', 'Mbu'''),
('mhd', 'Mbugu'),
('mgz', 'Mbugwe'),
('mqb', 'Mbuko'),
('mhw', 'Mbukushu'),
('mna', 'Mbula'),
('mbu', 'Mbula-Bwazza'),
('mlb', 'Mbule'),
('mbv', 'Mbulungish'),
('mdd', 'Mbum'),
('mck', 'Mbunda'),
('mgy', 'Mbunga'),
('bbt', 'Mburku'),
('mfu', 'Mbwela'),
('gun', 'Mbyá Guaraní'),
('mym', 'Me''en'),
('meg', 'Mea'),
('mjm', 'Medebur'),
('mue', 'Media Lengua'),
('mwx', 'Mediak'),
('xme', 'Median'),
('mud', 'Mednyj Aleut'),
('byv', 'Medumba'),
('mfj', 'Mefele'),
('mef', 'Megam'),
('ruq', 'Megleno Romanian'),
('nux', 'Mehek'),
('mmh', 'Mehináku'),
('gdq', 'Mehri'),
('mek', 'Mekeo'),
('mvk', 'Mekmek'),
('msf', 'Mekwei'),
('mxe', 'Mele-Fila'),
('mfx', 'Melo'),
('med', 'Melpa'),
('mby', 'Memoni'),
('xkd', 'Mendalam Kayan'),
('mfd', 'Mendankwe-Nkwen'),
('sim', 'Mende (Papua New Guinea)'),
('men', 'Mende (Sierra Leone)'),
('xmg', 'Mengaka'),
('mee', 'Mengen'),
('mct', 'Mengisa'),
('mea', 'Menka'),
('mez', 'Menominee'),
('mwv', 'Mentawai'),
('mcr', 'Menya'),
('mvx', 'Meoswar'),
('mnu', 'Mer'),
('mxm', 'Meramera'),
('lmb', 'Merei'),
('meq', 'Merey'),
('ulk', 'Meriam'),
('mrm', 'Merlav'),
('xmr', 'Meroitic'),
('mer', 'Meru'),
('wry', 'Merwari'),
('iyo', 'Mesaka'),
('apm', 'Mescalero-Chiricahua Apache'),
('mci', 'Mese'),
('sac', 'Meskwaki'),
('zim', 'Mesme'),
('mys', 'Mesmes'),
('acm', 'Mesopotamian Arabic'),
('mvz', 'Mesqan'),
('cms', 'Messapic'),
('mgo', 'Meta'''),
('mxv', 'Metlatónoc Mixtec'),
('mtr', 'Mewari'),
('wtm', 'Mewati'),
('mfs', 'Mexican Sign Language'),
('mej', 'Meyah'),
('pbe', 'Mezontla Popoloca'),
('ote', 'Mezquital Otomi'),
('zmf', 'Mfinu'),
('nfu', 'Mfumte'),
('mic', 'Mi''kmaq'),
('zam', 'Miahuatlán Zapotec'),
('mia', 'Miami'),
('mpt', 'Mian'),
('pla', 'Miani'),
('crg', 'Michif'),
('cmm', 'Michigamea'),
('mmc', 'Michoacán Mazahua'),
('ncl', 'Michoacán Nahuatl'),
('dnt', 'Mid Grand Valley Dani'),
('bjo', 'Mid-Southern Banda'),
('axm', 'Middle Armenian'),
('xbm', 'Middle Breton'),
('cnx', 'Middle Cornish'),
('dum', 'Middle Dutch (ca. 1050-1350)'),
('enm', 'Middle English (1100-1500)'),
('frm', 'Middle French (ca. 1400-1600)'),
('gmh', 'Middle High German (ca. 1050-1500)'),
('htx', 'Middle Hittite'),
('mga', 'Middle Irish (900-1200)'),
('okm', 'Middle Korean (10th-16th cent.)'),
('gml', 'Middle Low German'),
('xng', 'Middle Mongolian'),
('nwx', 'Middle Newar'),
('mpl', 'Middle Watut'),
('wlm', 'Middle Welsh'),
('mei', 'Midob'),
('mmy', 'Migaama'),
('mpp', 'Migabac'),
('mxj', 'Miju-Mishmi'),
('mik', 'Mikasuki'),
('ymh', 'Mili'),
('mlj', 'Miltu'),
('iml', 'Miluk'),
('imy', 'Milyan'),
('mnp', 'Min Bei Chinese'),
('cdo', 'Min Dong Chinese'),
('nan', 'Min Nan Chinese'),
('czo', 'Min Zhong Chinese'),
('hna', 'Mina (Cameroon)'),
('myi', 'Mina (India)'),
('inm', 'Minaean'),
('min', 'Minangkabau'),
('mcv', 'Minanibai'),
('mvn', 'Minaveha'),
('mpn', 'Mindiri'),
('mko', 'Mingang Doso'),
('xmf', 'Mingrelian'),
('hto', 'Minica Huitoto'),
('wii', 'Minidien'),
('vmg', 'Minigir'),
('omn', 'Minoan'),
('mqq', 'Minokok'),
('mnq', 'Minriq'),
('mzt', 'Mintil'),
('zgm', 'Minz Zhuang'),
('yiq', 'Miqie'),
('mwl', 'Mirandese'),
('mvh', 'Mire'),
('zrg', 'Mirgan'),
('mrg', 'Miri'),
('mmv', 'Miriti'),
('mep', 'Miriwung'),
('pmu', 'Mirpur Panjabi'),
('mjs', 'Miship'),
('mpx', 'Misima-Paneati'),
('miq', 'Mískito'),
('zaw', 'Mitla Zapotec'),
('vmm', 'Mitlatongo Mixtec'),
('mwu', 'Mittu'),
('zmq', 'Mituku'),
('mpo', 'Miu'),
('vmi', 'Miwa'),
('mfg', 'Mixifore'),
('mix', 'Mixtepec Mixtec'),
('zpm', 'Mixtepec Zapotec'),
('mkf', 'Miya'),
('mvi', 'Miyako'),
('soy', 'Miyobe'),
('mra', 'Mlabri'),
('lhs', 'Mlahsö'),
('kja', 'Mlap'),
('mlo', 'Mlomp'),
('mmu', 'Mmaala'),
('bfm', 'Mmen'),
('gbn', 'Mo''da'),
('obm', 'Moabite'),
('mfq', 'Moba'),
('mod', 'Mobilian'),
('ahm', 'Mobumrin Aizi'),
('mhn', 'Mócheno'),
('old', 'Mochi'),
('omc', 'Mochica'),
('mhc', 'Mocho'),
('moc', 'Mocoví'),
('mxd', 'Modang'),
('ell', 'Modern Greek (1453-)'),
('mqo', 'Modole'),
('mvq', 'Moere'),
('mif', 'Mofu-Gudur'),
('mhj', 'Mogholi'),
('mou', 'Mogum'),
('mov', 'Mohave'),
('moh', 'Mohawk'),
('mof', 'Mohegan-Montauk-Narragansett'),
('mow', 'Moi (Congo)'),
('mxn', 'Moi (Indonesia)'),
('mkp', 'Moikodi'),
('mwz', 'Moingi'),
('ymi', 'Moji'),
('mqt', 'Mok'),
('mwt', 'Moken'),
('mft', 'Mokerang'),
('mkj', 'Mokilese'),
('mkm', 'Moklen'),
('mkl', 'Mokole'),
('bri', 'Mokpwe'),
('vms', 'Moksela'),
('mdf', 'Moksha'),
('mbe', 'Molale'),
('pwm', 'Molbog'),
('mol', 'Moldavian'),
('vsi', 'Moldova Sign Language'),
('bxc', 'Molengue'),
('mox', 'Molima'),
('aun', 'Molmo One'),
('zmo', 'Molo'),
('msl', 'Molof'),
('mlw', 'Moloko'),
('ver', 'Mom Jango'),
('myl', 'Moma'),
('msz', 'Momare'),
('mso', 'Mombum'),
('mmb', 'Momina'),
('mqf', 'Momuna'),
('mnw', 'Mon'),
('mzg', 'Monastic Sign Language'),
('mnd', 'Mondé'),
('npn', 'Mondropolon'),
('lol', 'Mongo'),
('mgt', 'Mongol'),
('bxm', 'Mongolia Buriat'),
('mon', 'Mongolian'),
('msr', 'Mongolian Sign Language'),
('mog', 'Mongondow'),
('mnz', 'Moni'),
('mom', 'Monimbo'),
('mru', 'Mono (Cameroon)'),
('mnh', 'Mono (Democratic Republic of Congo)'),
('mte', 'Mono (Solomon Islands)'),
('mnr', 'Mono (USA)'),
('moo', 'Monom'),
('nmh', 'Monsang Naga'),
('moe', 'Montagnais'),
('mtl', 'Montol'),
('mxk', 'Monumbo'),
('moj', 'Monzombo'),
('gwg', 'Moo'),
('crm', 'Moose Cree'),
('mop', 'Mopán Maya'),
('moq', 'Mor (Bomberai Peninsula)'),
('mhz', 'Mor (Mor Islands)'),
('msg', 'Moraid'),
('mze', 'Morawa'),
('nhm', 'Morelos Nahuatl'),
('xmo', 'Morerebi'),
('msx', 'Moresada'),
('mzq', 'Mori Atas'),
('xmz', 'Mori Bawah'),
('mdb', 'Morigi'),
('mfe', 'Morisyen'),
('mor', 'Moro'),
('ary', 'Moroccan Arabic'),
('xms', 'Moroccan Sign Language'),
('mgc', 'Morokodo'),
('bdo', 'Morom'),
('mqn', 'Moronene'),
('mok', 'Morori'),
('mrp', 'Morouas'),
('mrl', 'Mortlockese'),
('mgd', 'Moru'),
('mqv', 'Mosimo'),
('msn', 'Mosina'),
('mwy', 'Mosiro'),
('mtj', 'Moskona'),
('mos', 'Mossi'),
('mtt', 'Mota'),
('mlv', 'Motlav'),
('meu', 'Motu'),
('mwh', 'Mouk-Aria'),
('kpx', 'Mountain Koiali'),
('mzp', 'Movima'),
('ity', 'Moyadan Itneg'),
('nmo', 'Moyon Naga'),
('mzy', 'Mozambican Sign Language'),
('mxi', 'Mozarabic'),
('mpi', 'Mpade'),
('mpz', 'Mpi'),
('mcx', 'Mpiemo'),
('mgg', 'Mpongmpong'),
('mpa', 'Mpoto'),
('mvt', 'Mpotovoro'),
('zmp', 'Mpuono'),
('akc', 'Mpur'),
('cmr', 'Mro Chin'),
('mro', 'Mru'),
('kqx', 'Mser'),
('atl', 'Mt. Iraya Agta'),
('agz', 'Mt. Iriga Agta'),
('mtd', 'Mualang'),
('tsx', 'Mubami'),
('mub', 'Mubi'),
('ymd', 'Muda'),
('mwd', 'Mudbura'),
('gau', 'Mudhili Gadaba'),
('vmd', 'Mudu Koraga'),
('wiv', 'Muduapa'),
('udg', 'Muduga'),
('aoj', 'Mufian'),
('muk', 'Mugom'),
('bmr', 'Muinane'),
('mmk', 'Mukha-Dora'),
('moz', 'Mukulu'),
('mfw', 'Mulaha'),
('mlm', 'Mulam'),
('kpb', 'Mullu Kurumba'),
('mpb', 'Mullukmulluk'),
('mul', 'Multiple languages'),
('vmu', 'Muluridyi'),
('kqa', 'Mum'),
('mzm', 'Mumuye'),
('mwq', 'Mün Chin'),
('mnb', 'Muna'),
('unx', 'Munda'),
('boe', 'Mundabli'),
('mua', 'Mundang'),
('mnf', 'Mundani'),
('unr', 'Mundari'),
('mmf', 'Mundat'),
('muh', 'Mündü'),
('myu', 'Mundurukú'),
('mhk', 'Mungaka'),
('mth', 'Munggui'),
('mpv', 'Mungkip'),
('myr', 'Muniche'),
('mtc', 'Munit'),
('mnj', 'Munji'),
('umu', 'Munsee'),
('mtq', 'Muong'),
('asx', 'Muratayak'),
('mtf', 'Murik'),
('rmh', 'Murkim'),
('mur', 'Murle'),
('mwf', 'Murrinh-Patha'),
('muz', 'Mursi'),
('huu', 'Murui Huitoto'),
('mqw', 'Murupi'),
('zmu', 'Muruwari'),
('mmq', 'Musak'),
('mmi', 'Musar'),
('smm', 'Musasa'),
('mse', 'Musey'),
('mug', 'Musgu'),
('xma', 'Mushungulu'),
('mui', 'Musi'),
('mje', 'Muskum'),
('ttt', 'Muslim Tat'),
('msu', 'Musom'),
('emi', 'Mussau-Emira'),
('muv', 'Muthuvan'),
('tuc', 'Mutu'),
('mvm', 'Muya'),
('muy', 'Muyang'),
('myw', 'Muyuw'),
('ymz', 'Muzi'),
('mcj', 'Mvanip'),
('mxh', 'Mvuba'),
('sur', 'Mwaghavul'),
('wlc', 'Mwali Comorian'),
('moa', 'Mwan'),
('wmw', 'Mwani'),
('mwa', 'Mwatebu'),
('mwe', 'Mwera (Chimwera)'),
('mjh', 'Mwera (Nyasa)'),
('mws', 'Mwimbi-Muthambi'),
('gmy', 'Mycenaean Greek'),
('mye', 'Myene'),
('yms', 'Mysian'),
('nme', 'Mzieme Naga'),
('nqo', 'N''Ko'),
('ngh', 'N/u'),
('nbt', 'Na'),
('neo', 'Ná-Meo'),
('nao', 'Naaba'),
('nas', 'Naasioi'),
('mne', 'Naba'),
('naf', 'Nabak'),
('mty', 'Nabi'),
('ncd', 'Nachering'),
('mbj', 'Nadëb'),
('ndf', 'Nadruvian'),
('nfr', 'Nafaanra'),
('srf', 'Nafi'),
('nxx', 'Nafri'),
('jbn', 'Nafusi'),
('nag', 'Naga Pidgin'),
('nbg', 'Nagarchal'),
('nxe', 'Nage'),
('ngv', 'Nagumi'),
('nlx', 'Nahali'),
('nhh', 'Nahari'),
('bio', 'Nai'),
('ars', 'Najdi Arabic'),
('nae', 'Naka''ela'),
('nkj', 'Nakai'),
('nib', 'Nakama'),
('nak', 'Nakanai'),
('nck', 'Nakara'),
('nbk', 'Nake'),
('mff', 'Naki'),
('nax', 'Nakwi'),
('nlc', 'Nalca'),
('nss', 'Nali'),
('nal', 'Nalik'),
('naj', 'Nalu'),
('ylo', 'Naluo Yi'),
('naq', 'Nama (Namibia)'),
('nmx', 'Nama (Papua New Guinea)'),
('nmk', 'Namakura'),
('nkm', 'Namat'),
('ncm', 'Nambo'),
('nmq', 'Nambya'),
('nnm', 'Namia'),
('nvm', 'Namiae'),
('nbs', 'Namibian Sign Language'),
('naa', 'Namla'),
('mxw', 'Namo'),
('nmt', 'Namonuito'),
('bwb', 'Namosi-Naitasiri-Serua'),
('nmy', 'Namuyi'),
('gld', 'Nanai'),
('nnc', 'Nancere'),
('nnb', 'Nande'),
('niq', 'Nandi'),
('sen', 'Nanerigé Sénoufo'),
('ngr', 'Nanggu'),
('nam', 'Nangikurrunggurr'),
('nnk', 'Nankina'),
('cox', 'Nanti'),
('nnt', 'Nanticoke'),
('afk', 'Nanubae'),
('qvo', 'Napo Lowland Quechua'),
('npy', 'Napu'),
('npa', 'Nar Phu'),
('nrb', 'Nara'),
('nac', 'Narak'),
('nrg', 'Narango'),
('nxu', 'Narau'),
('loh', 'Narim'),
('nhr', 'Naro'),
('nrm', 'Narom'),
('nay', 'Narrinyeri'),
('nnr', 'Narungga'),
('nsy', 'Nasal'),
('nvh', 'Nasarian'),
('nsk', 'Naskapi'),
('nts', 'Natagaimas'),
('ntz', 'Natanzi'),
('ais', 'Nataoran Amis'),
('ncz', 'Natchez'),
('ntm', 'Nateni'),
('nte', 'Nathembo'),
('nti', 'Natioro'),
('nxa', 'Nauete'),
('ynk', 'Naukan Yupik'),
('ncn', 'Nauna'),
('nau', 'Nauru'),
('nav', 'Navajo'),
('nsw', 'Navut'),
('nwr', 'Nawaru'),
('nwa', 'Nawathinehena'),
('nmz', 'Nawdm'),
('naw', 'Nawuri'),
('nbf', 'Naxi'),
('noz', 'Nayi'),
('nyq', 'Nayini'),
('ncr', 'Ncane'),
('nlu', 'Nchumbulu'),
('nnz', 'Nda''nda'''),
('gke', 'Ndai'),
('ndk', 'Ndaka'),
('ncp', 'Ndaktup'),
('ndh', 'Ndali'),
('ndm', 'Ndam'),
('ndj', 'Ndamba'),
('nda', 'Ndasa'),
('ndc', 'Ndau'),
('ned', 'Nde-Gbite'),
('ndd', 'Nde-Nsele-Nta'),
('nml', 'Ndemli'),
('dne', 'Ndendeule'),
('ndg', 'Ndengereko'),
('eli', 'Nding'),
('ndp', 'Ndo'),
('ndw', 'Ndobo'),
('nbb', 'Ndoe'),
('ndz', 'Ndogo'),
('ndl', 'Ndolo'),
('nqm', 'Ndom'),
('ndq', 'Ndombe'),
('njd', 'Ndonde Hamba'),
('ndo', 'Ndonga'),
('ndr', 'Ndoola'),
('ndx', 'Nduga'),
('nmd', 'Ndumu'),
('nfd', 'Ndun'),
('nuh', 'Ndunda'),
('ndt', 'Ndunga'),
('ndv', 'Ndut'),
('njt', 'Ndyuka-Trio Pidgin'),
('wni', 'Ndzwani Comorian'),
('nap', 'Neapolitan'),
('ixi', 'Nebaj Ixil'),
('nec', 'Nedebang'),
('nef', 'Nefamese'),
('dcr', 'Negerhollands'),
('zmi', 'Negeri Sembilan Malay'),
('neg', 'Negidal'),
('nsn', 'Nehan'),
('nif', 'Nek'),
('nkg', 'Nekgini'),
('nej', 'Neko'),
('nek', 'Neku'),
('nex', 'Neme'),
('nem', 'Nemi'),
('nqn', 'Nen'),
('anh', 'Nend'),
('yrk', 'Nenets'),
('nen', 'Nengone'),
('nei', 'Neo-Hittite'),
('nsp', 'Nepalese Sign Language'),
('nep', 'Nepali'),
('kxl', 'Nepali Kurux'),
('net', 'Nete'),
('jas', 'New Caledonian Javanese'),
('nzs', 'New Zealand Sign Language'),
('new', 'Newari'),
('ney', 'Neyo'),
('nez', 'Nez Perce'),
('hlt', 'Nga La'),
('ntj', 'Ngaanyatjarra'),
('gym', 'Ngäbere'),
('nxg', 'Ngad''a'),
('nju', 'Ngadjunmaya'),
('nnf', 'Ngaing'),
('nij', 'Ngaju'),
('nud', 'Ngala'),
('nig', 'Ngalakan'),
('ngk', 'Ngalkbun'),
('szb', 'Ngalum'),
('nmc', 'Ngam'),
('nbv', 'Ngamambo'),
('sba', 'Ngambay'),
('nmv', 'Ngamini'),
('nbh', 'Ngamo'),
('nio', 'Nganasan'),
('nid', 'Ngandi'),
('ngd', 'Ngando (Central African Republic)'),
('nxd', 'Ngando (Democratic Republic of Congo)'),
('nne', 'Ngandyera'),
('gng', 'Ngangam'),
('nyx', 'Nganyaywana'),
('nbj', 'Ngarinman'),
('ung', 'Ngarinyin'),
('nlr', 'Ngarla'),
('nrl', 'Ngarluma'),
('anc', 'Ngas'),
('nsg', 'Ngasa'),
('ngm', 'Ngatik Men''s Creole'),
('cnw', 'Ngawn Chin'),
('nxn', 'Ngawun'),
('zdj', 'Ngazidja Comorian'),
('nga', 'Ngbaka'),
('nbm', 'Ngbaka Ma''bo'),
('ngg', 'Ngbaka Manza'),
('jgb', 'Ngbee'),
('nbd', 'Ngbinda'),
('nuu', 'Ngbundu'),
('agh', 'Ngelima'),
('nge', 'Ngemba'),
('ngt', 'Ngeq'),
('nnn', 'Ngete'),
('nbq', 'Nggem'),
('ngx', 'Nggwahyi'),
('ngj', 'Ngie'),
('nnh', 'Ngiemboon'),
('jle', 'Ngile'),
('nnq', 'Ngindo'),
('niy', 'Ngiti'),
('ngi', 'Ngizim'),
('kcd', 'Ngkâlmpw Kanum'),
('nra', 'Ngom'),
('jgo', 'Ngomba'),
('nla', 'Ngombale'),
('nmj', 'Ngombe (Central African Republic)'),
('ngc', 'Ngombe (Democratic Republic of Congo)'),
('nnx', 'Ngong'),
('noq', 'Ngongo'),
('ngo', 'Ngoni'),
('nsh', 'Ngoshie'),
('nlo', 'Ngul'),
('ngp', 'Ngulu'),
('nuw', 'Nguluwan'),
('nui', 'Ngumbi'),
('ndn', 'Ngundi'),
('nue', 'Ngundu'),
('ngz', 'Ngungwel'),
('nuo', 'Nguôn'),
('nbx', 'Ngura'),
('ngq', 'Ngurimi'),
('nrx', 'Ngurmbur'),
('ngw', 'Ngwaba'),
('nwe', 'Ngwe'),
('ngn', 'Ngwo'),
('nha', 'Nhanda'),
('yrl', 'Nhengatu'),
('nhf', 'Nhuwala'),
('nia', 'Nias'),
('bzk', 'Nicaragua Creole English'),
('ncs', 'Nicaraguan Sign Language'),
('nie', 'Niellim'),
('mzk', 'Nigeria Mambila'),
('fuv', 'Nigerian Fulfulde'),
('pcm', 'Nigerian Pidgin'),
('nsi', 'Nigerian Sign Language'),
('nll', 'Nihali'),
('nii', 'Nii'),
('nad', 'Nijadali'),
('gbe', 'Niksek'),
('nil', 'Nila'),
('nim', 'Nilamba'),
('noe', 'Nimadi'),
('nmp', 'Nimanbur'),
('nmr', 'Nimbari'),
('nir', 'Nimboran'),
('nis', 'Nimi'),
('niw', 'Nimo'),
('nmw', 'Nimoa'),
('shb', 'Ninam'),
('nxi', 'Nindi'),
('nby', 'Ningera'),
('nxr', 'Ninggerum'),
('niz', 'Ningil'),
('nns', 'Ningye'),
('nlk', 'Ninia Yali'),
('nin', 'Ninzo'),
('nps', 'Nipsan'),
('njs', 'Nisa'),
('nsz', 'Nisenan'),
('ncg', 'Nisga''a'),
('yso', 'Nisi (China)'),
('dap', 'Nisi (India)'),
('num', 'Niuafo''ou'),
('nkp', 'Niuatoputapu'),
('niu', 'Niuean'),
('cag', 'Nivaclé'),
('njl', 'Njalgulgule'),
('nzb', 'Njebi'),
('njj', 'Njen'),
('njr', 'Njerep'),
('njy', 'Njyem'),
('nkn', 'Nkangala'),
('nkz', 'Nkari'),
('isi', 'Nkem-Nkum'),
('khu', 'Nkhumbi'),
('nkc', 'Nkongho'),
('nko', 'Nkonya'),
('nkx', 'Nkoroo'),
('nka', 'Nkoya'),
('nbo', 'Nkukoli'),
('nkw', 'Nkutu'),
('nbp', 'Nnam'),
('zxx', 'No linguistic content'),
('fia', 'Nobiin'),
('gaw', 'Nobonob'),
('nom', 'Nocamán'),
('njb', 'Nocte Naga'),
('nog', 'Nogai'),
('noi', 'Noiri'),
('nkk', 'Nokuku'),
('lem', 'Nomaande'),
('nof', 'Nomane'),
('not', 'Nomatsiguenga'),
('noh', 'Nomu'),
('zhn', 'Nong Zhuang'),
('nok', 'Nooksack'),
('snf', 'Noon'),
('nhu', 'Noone'),
('noo', 'Nootka'),
('cya', 'Nopala Chatino'),
('nrc', 'Noric'),
('nrn', 'Norn'),
('nrr', 'Norra'),
('esi', 'North Alaskan Inupiatun'),
('mmg', 'North Ambrym'),
('nks', 'North Asmat'),
('yir', 'North Awyu'),
('azj', 'North Azerbaijani'),
('bcd', 'North Babar'),
('qul', 'North Bolivian Quechua'),
('neq', 'North Central Mixe'),
('llp', 'North Efate'),
('fll', 'North Fali'),
('gis', 'North Giziga'),
('qvn', 'North Junín Quechua'),
('apc', 'North Levantine Arabic'),
('mrq', 'North Marquesan'),
('ayp', 'North Mesopotamian Arabic'),
('mfk', 'North Mofu'),
('max', 'North Moluccan Malay'),
('kti', 'North Muyu'),
('nde', 'North Ndebele'),
('nni', 'North Nuaulu'),
('nrp', 'North Picene'),
('scs', 'North Slavey'),
('tbg', 'North Tairora'),
('tnn', 'North Tanna'),
('whg', 'North Wahgi'),
('una', 'North Watut'),
('weo', 'North Wemale'),
('kiw', 'Northeast Kiwai'),
('nmu', 'Northeast Maidu'),
('aee', 'Northeast Pashayi'),
('dip', 'Northeastern Dinka'),
('pef', 'Northeastern Pomo'),
('tts', 'Northeastern Thai'),
('aqn', 'Northern Alta'),
('atv', 'Northern Altai'),
('ryn', 'Northern Amami-Oshima'),
('bfc', 'Northern Bai'),
('bmm', 'Northern Betsimisaraka Malagasy'),
('bbo', 'Northern Bobo Madaré'),
('ckc', 'Northern Cakchiquel'),
('cts', 'Northern Catanduanes Bicolano'),
('qxn', 'Northern Conchucos Ancash Quechua'),
('dgi', 'Northern Dagara'),
('doc', 'Northern Dong'),
('crl', 'Northern East Cree'),
('emp', 'Northern Emberá'),
('frr', 'Northern Frisian'),
('ghh', 'Northern Ghale'),
('gno', 'Northern Gondi'),
('gbo', 'Northern Grebo'),
('huj', 'Northern Guiyang Hmong'),
('hdn', 'Northern Haida'),
('hno', 'Northern Hindko'),
('hmi', 'Northern Huishui Hmong'),
('nrt', 'Northern Kalapuya'),
('xnn', 'Northern Kankanay'),
('kxm', 'Northern Khmer'),
('kqs', 'Northern Kissi'),
('kmr', 'Northern Kurdish'),
('lbr', 'Northern Lorung'),
('lrc', 'Northern Luri'),
('mam', 'Northern Mam'),
('hmp', 'Northern Mashan Hmong'),
('ymx', 'Northern Muji'),
('ngb', 'Northern Ngbandi'),
('yiv', 'Northern Nisu'),
('nuv', 'Northern Nuni'),
('nhy', 'Northern Oaxaca Nahuatl'),
('cst', 'Northern Ohlone'),
('onr', 'Northern One'),
('pao', 'Northern Paiute'),
('pmq', 'Northern Pame'),
('pbu', 'Northern Pashto'),
('qvz', 'Northern Pastaza Quichua'),
('pej', 'Northern Pomo'),
('ncj', 'Northern Puebla Nahuatl'),
('pmi', 'Northern Pumi'),
('hea', 'Northern Qiandong Miao'),
('cng', 'Northern Qiang'),
('nnl', 'Northern Rengma Naga'),
('rog', 'Northern Roglai'),
('sme', 'Northern Sami'),
('nsq', 'Northern Sierra Miwok'),
('stb', 'Northern Subanen'),
('thh', 'Northern Tarahumara'),
('ntp', 'Northern Tepehuan'),
('nod', 'Northern Thai'),
('twf', 'Northern Tiwa'),
('xtn', 'Northern Tlaxiaco Mixtec'),
('tsp', 'Northern Toussian'),
('tji', 'Northern Tujia'),
('ttm', 'Northern Tutchone'),
('uzn', 'Northern Uzbek'),
('ykg', 'Northern Yukaghir'),
('esk', 'Northwest Alaska Inupiatun'),
('gya', 'Northwest Gbaya'),
('mjd', 'Northwest Maidu'),
('mxa', 'Northwest Oaxaca Mixtec'),
('glh', 'Northwest Pashayi'),
('diw', 'Northwestern Dinka'),
('faz', 'Northwestern Fars'),
('kfb', 'Northwestern Kolami'),
('ojb', 'Northwestern Ojibwa'),
('tmk', 'Northwestern Tamang'),
('nor', 'Norwegian'),
('nob', 'Norwegian Bokmål'),
('nno', 'Norwegian Nynorsk'),
('nsl', 'Norwegian Sign Language'),
('bly', 'Notre'),
('ncf', 'Notsi'),
('ntw', 'Nottoway'),
('nwy', 'Nottoway-Meherrin'),
('nov', 'Novial'),
('noy', 'Noy'),
('asj', 'Nsari'),
('nse', 'Nsenga'),
('nsc', 'Nshi'),
('nsx', 'Nsongo'),
('bud', 'Ntcham'),
('nto', 'Ntomba'),
('baf', 'Nubaca'),
('kcn', 'Nubi'),
('kte', 'Nubri'),
('nus', 'Nuer'),
('nnv', 'Nugunu (Australia)'),
('yas', 'Nugunu (Cameroon)'),
('noc', 'Nuk'),
('mbr', 'Nukak Makú'),
('klt', 'Nukna'),
('nuc', 'Nukuini'),
('nuq', 'Nukumanu'),
('nkr', 'Nukuoro'),
('nur', 'Nukuria'),
('nbr', 'Numana-Nunku-Gbantu-Numbu'),
('nop', 'Numanggang'),
('sij', 'Numbami'),
('tgs', 'Nume'),
('kdk', 'Numee'),
('nxm', 'Numidian'),
('nun', 'Nung (Myanmar)'),
('nut', 'Nung (Viet Nam)'),
('nug', 'Nungali'),
('nuy', 'Nunggubuyu'),
('rin', 'Nungu'),
('npb', 'Nupbikha'),
('nup', 'Nupe-Nupe-Tako'),
('hux', 'Nüpode Huitoto'),
('nul', 'Nusa Laut'),
('nuf', 'Nusu'),
('nwb', 'Nyabwa'),
('nev', 'Nyaheun'),
('cbn', 'Nyahkur'),
('nyy', 'Nyakyusa-Ngonde'),
('yly', 'Nyâlayu'),
('nlj', 'Nyali'),
('nmi', 'Nyam'),
('nly', 'Nyamal'),
('now', 'Nyambo'),
('nwm', 'Nyamusa-Molo'),
('mwn', 'Nyamwanga'),
('nym', 'Nyamwezi'),
('nyk', 'Nyaneka');
INSERT INTO `language` (`iso`, `name`) VALUES
('nyp', 'Nyang''i'),
('nyj', 'Nyanga'),
('nyc', 'Nyanga-li'),
('nnj', 'Nyangatom'),
('nyb', 'Nyangbo'),
('nny', 'Nyangga'),
('nna', 'Nyangumarta'),
('nya', 'Nyanja'),
('nyn', 'Nyankole'),
('sev', 'Nyarafolo Senoufo'),
('rim', 'Nyaturu'),
('nyw', 'Nyaw'),
('nyt', 'Nyawaygi'),
('nba', 'Nyemba'),
('nfg', 'Nyeng'),
('nye', 'Nyengo'),
('neh', 'Nyenkha'),
('nyl', 'Nyeu'),
('nyh', 'Nyigina'),
('nyr', 'Nyiha (Malawi)'),
('nih', 'Nyiha (Tanzania)'),
('nkv', 'Nyika (Malawi and Zambia)'),
('nkt', 'Nyika (Tanzania)'),
('lid', 'Nyindrou'),
('nyg', 'Nyindu'),
('nuj', 'Nyole'),
('muo', 'Nyong'),
('nyd', 'Nyore'),
('nyo', 'Nyoro'),
('nyv', 'Nyulnyul'),
('nys', 'Nyunga'),
('nyu', 'Nyungwe'),
('nzy', 'Nzakambay'),
('nzk', 'Nzakara'),
('nja', 'Nzanyi'),
('nzi', 'Nzima'),
('xoc', 'O''chi''chi'''),
('tyh', 'O''du'),
('bzy', 'Obanliku'),
('obi', 'Obispeño'),
('obl', 'Oblo'),
('obo', 'Obo Manobo'),
('afz', 'Obokuitai'),
('ann', 'Obolo'),
('obu', 'Obulom'),
('oca', 'Ocaina'),
('oci', 'Occitan (post 1500)'),
('mie', 'Ocotepec Mixtec'),
('zac', 'Ocotlán Zapotec'),
('odk', 'Od'),
('bhf', 'Odiai'),
('kkc', 'Odoodee'),
('odu', 'Odual'),
('oda', 'Odut'),
('opy', 'Ofayé'),
('arc', 'Official Aramaic (700-300 BCE)'),
('ofo', 'Ofo'),
('ogc', 'Ogbah'),
('ogb', 'Ogbia'),
('ogg', 'Ogbogolo'),
('ogu', 'Ogbronuagum'),
('eri', 'Ogea'),
('oia', 'Oirata'),
('oji', 'Ojibwa'),
('chj', 'Ojitlán Chinantec'),
('oka', 'Okanagan'),
('okn', 'Oki-No-Erabu'),
('oki', 'Okiek'),
('oks', 'Oko-Eni-Osayen'),
('okj', 'Oko-Juwoi'),
('okb', 'Okobo'),
('okd', 'Okodia'),
('kqv', 'Okolod'),
('opa', 'Okpamheri'),
('okx', 'Okpe (Northwestern Edo)'),
('oke', 'Okpe (Southwestern Edo)'),
('opm', 'Oksapmin'),
('oku', 'Oku'),
('oar', 'Old Aramaic (up to 700 BCE)'),
('oav', 'Old Avar'),
('obt', 'Old Breton'),
('obr', 'Old Burmese'),
('och', 'Old Chinese'),
('oco', 'Old Cornish'),
('odt', 'Old Dutch'),
('ang', 'Old English (ca. 450-1100)'),
('fro', 'Old French (842-ca. 1400)'),
('ofs', 'Old Frisian'),
('oge', 'Old Georgian'),
('goh', 'Old High German (ca. 750-1050)'),
('oht', 'Old Hittite'),
('ohu', 'Old Hungarian'),
('sga', 'Old Irish (to 900)'),
('ojp', 'Old Japanese'),
('okl', 'Old Kentish Sign Language'),
('oko', 'Old Korean (3rd-9th cent.)'),
('omp', 'Old Manipuri'),
('omr', 'Old Marathi'),
('omx', 'Old Mon'),
('non', 'Old Norse'),
('onw', 'Old Nubian'),
('oos', 'Old Ossetic'),
('peo', 'Old Persian (ca. 600-400 B.C.)'),
('pro', 'Old Provençal (to 1500)'),
('orv', 'Old Russian'),
('osx', 'Old Saxon'),
('osp', 'Old Spanish'),
('oty', 'Old Tamil'),
('otb', 'Old Tibetan'),
('otk', 'Old Turkish'),
('oui', 'Old Uighur'),
('owl', 'Old Welsh'),
('ole', 'Olekha'),
('ong', 'Olo'),
('olm', 'Oloma'),
('lul', 'Olu''bo'),
('iko', 'Olulumo-Ikom'),
('plo', 'Oluta Popoluca'),
('omg', 'Omagua'),
('oma', 'Omaha-Ponca'),
('acx', 'Omani Arabic'),
('mgx', 'Omati'),
('mbm', 'Ombamba'),
('oml', 'Ombo'),
('ome', 'Omejes'),
('nht', 'Ometepec Nahuatl'),
('omi', 'Omi'),
('aom', 'Ömie'),
('omk', 'Omok'),
('omt', 'Omotik'),
('omu', 'Omurano'),
('ona', 'Ona'),
('one', 'Oneida'),
('oog', 'Ong'),
('oon', 'Önge'),
('oni', 'Onin'),
('onx', 'Onin Based Pidgin'),
('onj', 'Onjob'),
('ons', 'Ono'),
('onn', 'Onobasulu'),
('ono', 'Onondaga'),
('ont', 'Ontenu'),
('ojv', 'Ontong Java'),
('oor', 'Oorlams'),
('opo', 'Opao'),
('opt', 'Opata'),
('lgn', 'Opuuo'),
('orn', 'Orang Kanaq'),
('ors', 'Orang Seletar'),
('sdr', 'Oraon Sadri'),
('ore', 'Orejón'),
('org', 'Oring'),
('ori', 'Oriya'),
('nlv', 'Orizaba Nahuatl'),
('orc', 'Orma'),
('orz', 'Ormu'),
('oru', 'Ormuri'),
('orx', 'Oro'),
('orw', 'Oro Win'),
('oac', 'Oroch'),
('ora', 'Oroha'),
('oaa', 'Orok'),
('okv', 'Orokaiva'),
('bdu', 'Oroko'),
('oro', 'Orokolo'),
('orm', 'Oromo'),
('orh', 'Oroqen'),
('bpk', 'Orowe'),
('orr', 'Oruma'),
('ury', 'Orya'),
('osa', 'Osage'),
('ost', 'Osatu'),
('osc', 'Oscan'),
('osi', 'Osing'),
('oso', 'Ososo'),
('oss', 'Ossetian'),
('otd', 'Ot Danum'),
('uta', 'Otank'),
('oti', 'Oti'),
('otr', 'Otoro'),
('otw', 'Ottawa'),
('ota', 'Ottoman Turkish (1500-1928)'),
('lot', 'Otuho'),
('otu', 'Otuke'),
('oum', 'Ouma'),
('oue', 'Oune'),
('stn', 'Owa'),
('wsr', 'Owenia'),
('owi', 'Owiniga'),
('tzh', 'Oxchuc Tzeltal'),
('oyb', 'Oy'),
('oyy', 'Oya''oya'),
('oyd', 'Oyda'),
('zao', 'Ozolotepec Zapotec'),
('chz', 'Ozumacín Chinantec'),
('pdi', 'Pa Di'),
('pqa', 'Pa''a'),
('blk', 'Pa''o Karen'),
('pha', 'Pa-Hng'),
('pfa', 'Pááfang'),
('pma', 'Paama'),
('sig', 'Paasaal'),
('pcp', 'Pacahuara'),
('qvp', 'Pacaraos Quechua'),
('ems', 'Pacific Gulf Yupik'),
('pac', 'Pacoh'),
('pdo', 'Padoe'),
('pkc', 'Paekche'),
('pgn', 'Paelignian'),
('pbb', 'Páez'),
('pgi', 'Pagi'),
('pae', 'Pagibete'),
('pgu', 'Pagu'),
('phr', 'Pahari-Potwari'),
('lgt', 'Pahi'),
('phv', 'Pahlavani'),
('pal', 'Pahlavi'),
('pta', 'Pai Tavytera'),
('pri', 'Paicî'),
('ppi', 'Paipai'),
('pck', 'Paite Chin'),
('pwn', 'Paiwan'),
('pkg', 'Pak-Tong'),
('pav', 'Pakaásnovos'),
('pkn', 'Pakanha'),
('pks', 'Pakistan Sign Language'),
('pku', 'Paku'),
('kpp', 'Paku Karen'),
('abw', 'Pal'),
('plq', 'Palaic'),
('plr', 'Palaka Senoufo'),
('cpa', 'Palantla Chinantec'),
('pau', 'Palauan'),
('pce', 'Pale Palaung'),
('pln', 'Palenquero'),
('pli', 'Pali'),
('plu', 'Palikúr'),
('pcf', 'Paliyan'),
('fap', 'Palor'),
('plp', 'Palpa'),
('pbz', 'Palu'),
('ple', 'Palu''e'),
('plz', 'Paluan'),
('pmc', 'Palumata'),
('bpx', 'Palya Bareli'),
('pmn', 'Pam'),
('pmb', 'Pambia'),
('pmk', 'Pamlico'),
('pmf', 'Pamona'),
('hih', 'Pamosu'),
('pam', 'Pampanga'),
('att', 'Pamplona Atta'),
('pnq', 'Pana (Burkina Faso)'),
('pnz', 'Pana (Central African Republic)'),
('par', 'Panamint'),
('pcr', 'Panang'),
('qxh', 'Panao Huánuco Quechua'),
('kre', 'Panará'),
('psn', 'Panasuan'),
('pwb', 'Panawa'),
('pnp', 'Pancana'),
('tdb', 'Panchpargania'),
('bkj', 'Pande'),
('pag', 'Pangasinan'),
('pgs', 'Pangseng'),
('slm', 'Pangutaran Sama'),
('pbr', 'Pangwa'),
('pgg', 'Pangwali'),
('pnr', 'Panim'),
('pcg', 'Paniya'),
('pan', 'Panjabi'),
('pax', 'Pankararé'),
('paz', 'Pankararú'),
('pkh', 'Pankhu'),
('pnc', 'Pannei'),
('knt', 'Panoan Katukína'),
('pno', 'Panobo'),
('pnw', 'Panytyima'),
('ppa', 'Pao'),
('top', 'Papantla Totonac'),
('ppn', 'Papapana'),
('dpp', 'Papar'),
('pas', 'Papasena'),
('ppv', 'Papavô'),
('pbo', 'Papel'),
('ppe', 'Papi'),
('pap', 'Papiamento'),
('pat', 'Papitalai'),
('ppu', 'Papora'),
('pmy', 'Papuan Malay'),
('ppm', 'Papuma'),
('aap', 'Pará Arára'),
('gvp', 'Pará Gavião'),
('pzn', 'Para Naga'),
('prc', 'Parachi'),
('gug', 'Paraguayan Guaraní'),
('pak', 'Parakanã'),
('agp', 'Paranan'),
('paf', 'Paranawát'),
('pbg', 'Paraujano'),
('prk', 'Parauk'),
('prw', 'Parawen'),
('pch', 'Pardhan'),
('pcl', 'Pardhi'),
('ppt', 'Pare'),
('pab', 'Parecís'),
('pcj', 'Parenga'),
('lkr', 'Päri'),
('kvx', 'Parkari Koli'),
('pbi', 'Parkwa'),
('prp', 'Parsi'),
('prd', 'Parsi-Dari'),
('xpr', 'Parthian'),
('paq', 'Parya'),
('psq', 'Pasi'),
('yac', 'Pass Valley Yali'),
('pbc', 'Patamona'),
('ptn', 'Patani'),
('pth', 'Pataxó Hã-Ha-Hãe'),
('ptp', 'Patep'),
('pty', 'Pathiya'),
('gfk', 'Patpatar'),
('lae', 'Pattani'),
('mfa', 'Pattani Malay'),
('plh', 'Paulohi'),
('pad', 'Paumarí'),
('bfb', 'Pauri Bareli'),
('psm', 'Pauserna'),
('pwa', 'Pawaia'),
('paw', 'Pawnee'),
('pmr', 'Paynamar'),
('pai', 'Pe'),
('pcb', 'Pear'),
('pay', 'Pech'),
('xpc', 'Pecheneg'),
('nso', 'Pedi'),
('pfe', 'Peere'),
('ppq', 'Pei'),
('pel', 'Pekal'),
('bxd', 'Pela'),
('ata', 'Pele-Ata'),
('ppp', 'Pelende'),
('aoc', 'Pemon'),
('pev', 'Pémono'),
('psg', 'Penang Sign Language'),
('pek', 'Penchal'),
('ums', 'Pendau'),
('peg', 'Pengo'),
('pdc', 'Pennsylvania German'),
('mil', 'Peñoles Mixtec'),
('pnh', 'Penrhyn'),
('ptw', 'Pentlatch'),
('wet', 'Perai'),
('pea', 'Peranakan Indonesian'),
('mvf', 'Peripheral Mongolian'),
('pip', 'Pero'),
('fas', 'Persian'),
('psc', 'Persian Sign Language'),
('prl', 'Peruvian Sign Language'),
('zpe', 'Petapa Zapotec'),
('pex', 'Petats'),
('pey', 'Petjo'),
('lme', 'Pévé'),
('pfl', 'Pfaelzisch'),
('prt', 'Phai'),
('phk', 'Phake'),
('ypa', 'Phala'),
('phl', 'Phalura'),
('phq', 'Phana'''),
('phw', 'Phangduwali'),
('pem', 'Phende'),
('psp', 'Philippine Sign Language'),
('phm', 'Phimbi'),
('phn', 'Phoenician'),
('ypg', 'Phola'),
('yip', 'Pholo'),
('nph', 'Phom Naga'),
('pnx', 'Phong-Kniang'),
('kjt', 'Phrae Pwo Karen'),
('xpg', 'Phrygian'),
('pht', 'Phu Thai'),
('phu', 'Phuan'),
('phd', 'Phudagi'),
('pug', 'Phuie'),
('phh', 'Phukha'),
('ypm', 'Phuma'),
('pho', 'Phunoi'),
('phg', 'Phuong'),
('ypp', 'Phupa'),
('yph', 'Phupha'),
('ypz', 'Phuza'),
('ptr', 'Piamatsina'),
('pin', 'Piame'),
('pio', 'Piapoco'),
('pid', 'Piaroa'),
('pcd', 'Picard'),
('cpu', 'Pichis Ashéninka'),
('xpi', 'Pictish'),
('dep', 'Pidgin Delaware'),
('pms', 'Piemontese'),
('pij', 'Pijao'),
('piz', 'Pije'),
('pis', 'Pijin'),
('plg', 'Pilagá'),
('piv', 'Pileni'),
('pia', 'Pima Bajo'),
('piw', 'Pimbwe'),
('pnn', 'Pinai-Hagahai'),
('pif', 'Pingelapese'),
('pii', 'Pini'),
('pnv', 'Pinigura'),
('pic', 'Pinji'),
('mio', 'Pinotepa Nacional Mixtec'),
('pti', 'Pintiini'),
('piu', 'Pintupi-Luritja'),
('pny', 'Pinyin'),
('ppl', 'Pipil'),
('myp', 'Pirahã'),
('pir', 'Piratapuyo'),
('bxi', 'Pirlatapa'),
('pie', 'Piro'),
('ppr', 'Piru'),
('pig', 'Pisabo'),
('tpp', 'Pisaflores Tepehua'),
('psy', 'Piscataway'),
('xps', 'Pisidian'),
('pih', 'Pitcairn-Norfolk'),
('sje', 'Pite Sami'),
('pcn', 'Piti'),
('pjt', 'Pitjantjatjara'),
('pit', 'Pitta Pitta'),
('pix', 'Piu'),
('piy', 'Piya-Kwonci'),
('crk', 'Plains Cree'),
('psd', 'Plains Indian Sign Language'),
('pmw', 'Plains Miwok'),
('ktj', 'Plapo Krumen'),
('plt', 'Plateau Malagasy'),
('pdt', 'Plautdietsch'),
('gob', 'Playero'),
('pbv', 'Pnar'),
('npo', 'Pochuri Naga'),
('xpo', 'Pochutec'),
('pdn', 'Podena'),
('poy', 'Pogolo'),
('pon', 'Pohnpeian'),
('pok', 'Pokangá'),
('pof', 'Poke'),
('pkb', 'Pokomo'),
('pko', 'Pökoot'),
('pox', 'Polabian'),
('pld', 'Polari'),
('plj', 'Polci'),
('pol', 'Polish'),
('pso', 'Polish Sign Language'),
('plb', 'Polonombauk'),
('pmo', 'Pom'),
('pmm', 'Pomo'),
('ncc', 'Ponam'),
('pod', 'Ponares'),
('png', 'Pongu'),
('pgy', 'Pongyong'),
('pns', 'Ponosakan'),
('pnt', 'Pontic'),
('prh', 'Porohanon'),
('psw', 'Port Sandwich'),
('ptv', 'Port Vato'),
('por', 'Portuguese'),
('psr', 'Portuguese Sign Language'),
('pot', 'Potawatomi'),
('pog', 'Potiguára'),
('gdb', 'Pottangi Ollar Gadaba'),
('pmx', 'Poumei Naga'),
('bye', 'Pouye'),
('pwr', 'Powari'),
('pim', 'Powhatan'),
('pyn', 'Poyanáwa'),
('prn', 'Prasuni'),
('pry', 'Pray 3'),
('pre', 'Principense'),
('prz', 'Providencia Sign Language'),
('prg', 'Prussian'),
('kvj', 'Psikye'),
('puk', 'Pu Ko'),
('cpx', 'Pu-Xian Chinese'),
('pux', 'Puari'),
('atp', 'Pudtol Atta'),
('pue', 'Puelche'),
('psl', 'Puerto Rican Sign Language'),
('npu', 'Puimei Naga'),
('pui', 'Puinave'),
('pkp', 'Pukapuka'),
('fuc', 'Pulaar'),
('pup', 'Pulabu'),
('fuf', 'Pular'),
('puw', 'Puluwatese'),
('pum', 'Puma'),
('yae', 'Pumé'),
('xpm', 'Pumpokol'),
('pud', 'Punan Aput'),
('pna', 'Punan Bah-Biau'),
('pnm', 'Punan Batu 1'),
('puf', 'Punan Merah'),
('puc', 'Punan Merap'),
('puj', 'Punan Tubu'),
('xpu', 'Punic'),
('qxp', 'Puno Quechua'),
('puu', 'Punu'),
('puo', 'Puoc'),
('puq', 'Puquina'),
('pru', 'Puragi'),
('iar', 'Purari'),
('tsz', 'Purepecha'),
('prr', 'Puri'),
('prx', 'Purik'),
('puy', 'Purisimeño'),
('pur', 'Puruborá'),
('pub', 'Purum'),
('puz', 'Purum Naga'),
('pus', 'Pushto'),
('mfl', 'Putai'),
('put', 'Putoh'),
('afe', 'Putukwam'),
('xpy', 'Puyo'),
('xpp', 'Puyo-Paekche'),
('pyu', 'Puyuma'),
('pme', 'Pwaamei'),
('pop', 'Pwapwa'),
('kjp', 'Pwo Eastern Karen'),
('pww', 'Pwo Northern Karen'),
('pwo', 'Pwo Western Karen'),
('pcw', 'Pyapun'),
('pye', 'Pye Krumen'),
('pyy', 'Pyen'),
('pby', 'Pyu'),
('pyx', 'Pyu (Myanmar)'),
('laq', 'Qabiao'),
('byx', 'Qaqet'),
('qxq', 'Qashqa''i'),
('xqt', 'Qatabanian'),
('alc', 'Qawasqar'),
('ymq', 'Qila Muji'),
('ahg', 'Qimant'),
('zqe', 'Qiubei Zhuang'),
('qua', 'Quapaw'),
('fcs', 'Quebec Sign Language'),
('yum', 'Quechan'),
('que', 'Quechua'),
('qya', 'Quenya'),
('otq', 'Querétaro Otomi'),
('pxm', 'Quetzaltepec Mixe'),
('qvy', 'Queyu'),
('zpj', 'Quiavicuzas Zapotec'),
('qui', 'Quileute'),
('qun', 'Quinault'),
('quq', 'Quinqui'),
('ztq', 'Quioquitani-Quierí Zapotec'),
('chq', 'Quiotepec Chinantec'),
('rah', 'Rabha'),
('acr', 'Rabinal Achí'),
('rad', 'Rade'),
('xrr', 'Raetic'),
('raz', 'Rahambuu'),
('mqk', 'Rajah Kabunsuwan Manobo'),
('raj', 'Rajasthani'),
('rjs', 'Rajbanshi'),
('rji', 'Raji'),
('rjg', 'Rajong'),
('gra', 'Rajput Garasia'),
('rkh', 'Rakahanga-Manihiki'),
('rki', 'Rakhine'),
('ral', 'Ralte'),
('rma', 'Rama'),
('rai', 'Ramoaaina'),
('kjx', 'Ramopa'),
('lje', 'Rampi'),
('thr', 'Rana Tharu'),
('rax', 'Rang'),
('rgk', 'Rangkas'),
('rnl', 'Ranglong'),
('rkt', 'Rangpuri'),
('rao', 'Rao'),
('ray', 'Rapa'),
('rap', 'Rapanui'),
('kyx', 'Rapoisi'),
('rpt', 'Rapting'),
('lra', 'Rara Bakati'''),
('rar', 'Rarotongan'),
('rac', 'Rasawa'),
('btn', 'Ratagnon'),
('rth', 'Ratahan'),
('rtw', 'Rathawi'),
('bgd', 'Rathwi Bareli'),
('rau', 'Raute'),
('yea', 'Ravula'),
('rwo', 'Rawa'),
('raw', 'Rawang'),
('jnl', 'Rawat'),
('rwa', 'Rawo'),
('zor', 'Rayón Zoque'),
('rat', 'Razajerdi'),
('gir', 'Red Gelao'),
('atu', 'Reel'),
('rej', 'Rejang'),
('ree', 'Rejang Kayan'),
('rei', 'Reli'),
('bow', 'Rema'),
('rmb', 'Rembarunga'),
('reb', 'Rembong'),
('rem', 'Remo'),
('agv', 'Remontado Agta'),
('rmp', 'Rempi'),
('lkj', 'Remun'),
('rel', 'Rendille'),
('ren', 'Rengao'),
('mnv', 'Rennell-Belona'),
('rsi', 'Rennellese Sign Language'),
('rpn', 'Repanbitip'),
('rer', 'Rer Bare'),
('rea', 'Rerau'),
('pgk', 'Rerep'),
('res', 'Reshe'),
('rgr', 'Resígaro'),
('ret', 'Retta'),
('rcf', 'Réunion Creole French'),
('rey', 'Reyesano'),
('ria', 'Riang (India)'),
('ril', 'Riang (Myanmar)'),
('ran', 'Riantana'),
('rir', 'Ribun'),
('rie', 'Rien'),
('rkb', 'Rikbaktsa'),
('zar', 'Rincón Zapotec'),
('rgu', 'Ringgou'),
('rri', 'Ririo'),
('rit', 'Ritarungo'),
('riu', 'Riung'),
('snj', 'Riverain Sango'),
('rod', 'Rogo'),
('rhg', 'Rohingya'),
('rmm', 'Roma'),
('rmx', 'Romam'),
('ron', 'Romanian'),
('rms', 'Romanian Sign Language'),
('rge', 'Romano-Greek'),
('rsb', 'Romano-Serbian'),
('rmv', 'Romanova'),
('roh', 'Romansh'),
('rom', 'Romany'),
('rol', 'Romblomanon'),
('rof', 'Rombo'),
('rmk', 'Romkun'),
('cla', 'Ron'),
('rng', 'Ronga'),
('ror', 'Rongga'),
('nbu', 'Rongmei Naga'),
('rnp', 'Rongpo'),
('roe', 'Ronji'),
('rnn', 'Roon'),
('rga', 'Roria'),
('roo', 'Rotokas'),
('rtm', 'Rotuman'),
('rug', 'Roviana'),
('rdb', 'Rudbari'),
('rui', 'Rufiji'),
('ruh', 'Ruga'),
('dru', 'Rukai'),
('ruz', 'Ruma'),
('rbb', 'Rumai Palaung'),
('klq', 'Rumu'),
('rna', 'Runa'),
('run', 'Rundi'),
('rou', 'Runga'),
('drg', 'Rungus'),
('rnw', 'Rungwa'),
('bxr', 'Russia Buriat'),
('rus', 'Russian'),
('rsl', 'Russian Sign Language'),
('rue', 'Rusyn'),
('rut', 'Rutul'),
('ruc', 'Ruuli'),
('rnd', 'Ruund'),
('rwk', 'Rwa'),
('ksw', 'S''gaw Karen'),
('sax', 'Sa'),
('apb', 'Sa''a'),
('snv', 'Sa''ban'),
('scq', 'Sa''och'),
('sav', 'Saafi-Saafi'),
('raq', 'Saam'),
('lsm', 'Saamia'),
('sxr', 'Saaroa'),
('saa', 'Saba'),
('xsa', 'Sabaean'),
('bsy', 'Sabah Bisaya'),
('msi', 'Sabah Malay'),
('sae', 'Sabanês'),
('spy', 'Sabaot'),
('sbv', 'Sabine'),
('hvn', 'Sabu'),
('sbo', 'Sabüm'),
('quv', 'Sacapulteco'),
('sck', 'Sadri'),
('skb', 'Saek'),
('spd', 'Saep'),
('saf', 'Safaliba'),
('apz', 'Safeyoka'),
('sbk', 'Safwa'),
('sbm', 'Sagala'),
('tga', 'Sagalla'),
('ssy', 'Saho'),
('saj', 'Sahu'),
('aec', 'Saidi Arabic'),
('acf', 'Saint Lucian Creole French'),
('xsy', 'Saisiyat'),
('sjl', 'Sajalong'),
('sjb', 'Sajau Basap'),
('sch', 'Sakachep'),
('skg', 'Sakalava Malagasy'),
('skm', 'Sakam'),
('xsk', 'Sakan'),
('sku', 'Sakao'),
('skt', 'Sakata'),
('sak', 'Sake'),
('skf', 'Sakirabiá'),
('shq', 'Sala'),
('slx', 'Salampasu'),
('slr', 'Salar'),
('sgu', 'Salas'),
('qxl', 'Salasaca Highland Quichua'),
('slq', 'Salchuq'),
('sau', 'Saleman'),
('sbe', 'Saliba'),
('sln', 'Salinan'),
('sdz', 'Sallands'),
('sll', 'Salt-Yui'),
('loe', 'Saluan'),
('slj', 'Salumá'),
('esn', 'Salvadoran Sign Language'),
('snx', 'Sam'),
('smd', 'Sama'),
('smp', 'Samaritan'),
('sam', 'Samaritan Aramaic'),
('tmj', 'Samarokena'),
('ysd', 'Samatao'),
('smx', 'Samba'),
('ccg', 'Samba Daka'),
('ndi', 'Samba Leko'),
('xab', 'Sambe'),
('ssx', 'Samberigi'),
('saq', 'Samburu'),
('smh', 'Samei'),
('smq', 'Samo'),
('smo', 'Samoan'),
('swm', 'Samosa'),
('rav', 'Sampang'),
('sxm', 'Samre'),
('stu', 'Samtao'),
('smv', 'Samvedi'),
('ztm', 'San Agustín Mixtepec Zapotec'),
('tzs', 'San Andrés Larrainzar Tzotzil'),
('qxi', 'San Andrés Quiché'),
('zpx', 'San Baltazar Loxicha Zapotec'),
('cuk', 'San Blas Kuna'),
('hve', 'San Dionisio Del Mar Huave'),
('pow', 'San Felipe Otlaltepec Popoloca'),
('hue', 'San Francisco Del Mar Huave'),
('mat', 'San Francisco Matlatzinca'),
('maa', 'San Jerónimo Tecóatl Mazatec'),
('poe', 'San Juan Atzingo Popoloca'),
('mjc', 'San Juan Colorado Mixtec'),
('ixl', 'San Juan Cotzal Ixil'),
('zab', 'San Juan Guelavía Zapotec'),
('xtj', 'San Juan Teita Mixtec'),
('hva', 'San Luís Potosí Huastec'),
('pps', 'San Luís Temalacayuca Popoloca'),
('pls', 'San Marcos Tlalcoyalco Popoloca'),
('trq', 'San Martín Itunyoso Triqui'),
('qvs', 'San Martín Quechua'),
('huv', 'San Mateo Del Mar Huave'),
('scf', 'San Miguel Creole French'),
('mig', 'San Miguel El Grande Mixtec'),
('xtp', 'San Miguel Piedras Mixtec'),
('azg', 'San Pedro Amuzgos Amuzgo'),
('zpf', 'San Pedro Quiatoni Zapotec'),
('kwy', 'San Salvador Kongo'),
('cac', 'San Sebastián Coatán Chuj'),
('zpt', 'San Vicente Coatlán Zapotec'),
('ayn', 'Sanaani Arabic'),
('sap', 'Sanapaná'),
('sad', 'Sandawe'),
('sng', 'Sanga (Democratic Republic of Congo)'),
('xsn', 'Sanga (Nigeria)'),
('myt', 'Sangab Mandaya'),
('scg', 'Sanggau'),
('snl', 'Sangil'),
('sxn', 'Sangir'),
('sgr', 'Sangisari'),
('sgk', 'Sangkong'),
('sgl', 'Sanglechi-Ishkashimi'),
('sag', 'Sango'),
('nsa', 'Sangtam Naga'),
('snq', 'Sangu (Gabon)'),
('sbp', 'Sangu (Tanzania)'),
('ysn', 'Sani'),
('ysy', 'Sanie'),
('sny', 'Saniyo-Hiyewe'),
('msc', 'Sankaran Maninka'),
('ssi', 'Sansi'),
('san', 'Sanskrit'),
('sca', 'Sansu'),
('qxt', 'Santa Ana de Tusi Pasco Quechua'),
('ztn', 'Santa Catarina Albarradas Zapotec'),
('stc', 'Santa Cruz'),
('pca', 'Santa Inés Ahuatempan Popoloca'),
('zpn', 'Santa Inés Yatzechi Zapotec'),
('mdv', 'Santa Lucía Monteverde Mixtec'),
('cki', 'Santa María De Jesús Cakchiquel'),
('hvv', 'Santa María Del Mar Huave'),
('nhz', 'Santa María La Alta Nahuatl'),
('zpi', 'Santa María Quiegolani Zapotec'),
('mza', 'Santa María Zacatepec Mixtec'),
('cok', 'Santa Teresa Cora'),
('sat', 'Santali'),
('qus', 'Santiago del Estero Quichua'),
('zpr', 'Santiago Xanica Zapotec'),
('zas', 'Santo Domingo Albarradas Zapotec'),
('ckj', 'Santo Domingo Xenacoj Cakchiquel'),
('xsu', 'Sanumá'),
('zkp', 'São Paulo Kaingáng'),
('cri', 'Sãotomense'),
('spr', 'Saparua'),
('spc', 'Sapé'),
('krn', 'Sapo'),
('spi', 'Saponi'),
('sps', 'Saposa'),
('spu', 'Sapuan'),
('mwm', 'Sar'),
('sre', 'Sara'),
('koj', 'Sara Dunjo'),
('sbz', 'Sara Kaba'),
('kwg', 'Sara Kaba Deme'),
('kwv', 'Sara Kaba Náà'),
('srm', 'Saramaccan'),
('bps', 'Sarangani Blaan'),
('mbs', 'Sarangani Manobo'),
('zsa', 'Sarasira'),
('sar', 'Saraveca'),
('srd', 'Sardinian'),
('srh', 'Sarikoli'),
('sdf', 'Sarli'),
('srs', 'Sarsi'),
('onp', 'Sartang'),
('swy', 'Sarua'),
('sdu', 'Sarudu'),
('sra', 'Saruga'),
('sas', 'Sasak'),
('sxs', 'Sasaru'),
('sdc', 'Sassarese Sardinian'),
('stw', 'Satawalese'),
('mav', 'Sateré-Mawé'),
('stq', 'Saterfriesisch'),
('sdl', 'Saudi Arabian Sign Language'),
('skc', 'Sauk'),
('psu', 'Sauraseni Pr?krit'),
('saz', 'Saurashtra'),
('srt', 'Sauri'),
('mjt', 'Sauria Paharia'),
('sao', 'Sause'),
('ssj', 'Sausi'),
('svr', 'Savara'),
('sdg', 'Savi'),
('svs', 'Savosavo'),
('szw', 'Sawai'),
('swr', 'Saweru'),
('saw', 'Sawi'),
('swt', 'Sawila'),
('swn', 'Sawknah'),
('sxw', 'Saxwe Gbe'),
('say', 'Saya'),
('pos', 'Sayula Popoluca'),
('sco', 'Scots'),
('gla', 'Scottish Gaelic'),
('xsc', 'Scythian'),
('gul', 'Sea Island Creole English'),
('kdg', 'Seba'),
('sgw', 'Sebat Bet Gurage'),
('sbx', 'Seberuang'),
('sib', 'Sebop'),
('snb', 'Sebuyau'),
('sec', 'Sechelt'),
('sey', 'Secoya'),
('sed', 'Sedang'),
('tvw', 'Sedoa'),
('sos', 'Seeku'),
('sge', 'Segai'),
('seg', 'Segeju'),
('sbg', 'Seget'),
('sfw', 'Sehwi'),
('ssg', 'Seimat'),
('hik', 'Seit-Kaitetu'),
('sek', 'Sekani'),
('skp', 'Sekapan'),
('skz', 'Sekar'),
('skj', 'Seke (Nepal)'),
('ske', 'Seke (Vanuatu)'),
('syi', 'Seki'),
('skx', 'Seko Padang'),
('sko', 'Seko Tengah'),
('lip', 'Sekpele'),
('kgi', 'Selangor Sign Language'),
('slu', 'Selaru'),
('sly', 'Selayar'),
('snw', 'Selee'),
('spl', 'Selepet'),
('sxl', 'Selian'),
('sel', 'Selkup'),
('slg', 'Selungai Murut'),
('sws', 'Seluwasan'),
('sea', 'Semai'),
('sdm', 'Semandang'),
('szc', 'Semaq Beri'),
('sbr', 'Sembakung Murut'),
('sza', 'Semelai'),
('etz', 'Semimi'),
('ssm', 'Semnam'),
('smy', 'Semnani'),
('xse', 'Sempan'),
('seh', 'Sena'),
('seq', 'Senara Sénoufo'),
('syn', 'Senaya'),
('sej', 'Sene'),
('see', 'Seneca'),
('sds', 'Sened'),
('szg', 'Sengele'),
('snu', 'Senggi'),
('spk', 'Sengo'),
('ssz', 'Sengseng'),
('sjs', 'Senhaja De Srair'),
('sni', 'Sensi'),
('set', 'Sentani'),
('sez', 'Senthang Chin'),
('std', 'Sentinel'),
('spb', 'Sepa (Indonesia)'),
('spe', 'Sepa (Papua New Guinea)'),
('spm', 'Sepen'),
('iws', 'Sepik Iwam'),
('sry', 'Sera'),
('skr', 'Seraiki'),
('srp', 'Serbian'),
('hbs', 'Serbo-Croatian'),
('swf', 'Sere'),
('srr', 'Serer'),
('sei', 'Seri'),
('sve', 'Serili'),
('kqu', 'Seroa'),
('ser', 'Serrano'),
('szd', 'Seru'),
('srw', 'Serua'),
('srk', 'Serudung Murut'),
('seu', 'Serui-Laut'),
('crs', 'Seselwa Creole French'),
('stf', 'Seta'),
('stm', 'Setaman'),
('sbi', 'Seti'),
('sta', 'Settla'),
('ojs', 'Severn Ojibwa'),
('sew', 'Sewa Bay'),
('sze', 'Seze'),
('scw', 'Sha'),
('sdb', 'Shabak'),
('sbf', 'Shabo'),
('srz', 'Shahmirzadi'),
('shm', 'Shahrudi'),
('nfk', 'Shakara'),
('sha', 'Shall-Zwall'),
('sqa', 'Shama-Sambuga'),
('xsh', 'Shamang'),
('ksb', 'Shambala'),
('shn', 'Shan'),
('swo', 'Shanenawa'),
('sho', 'Shanga'),
('jih', 'Shangzhai'),
('mcd', 'Sharanahua'),
('ssv', 'Shark Bay'),
('swq', 'Sharwa'),
('sht', 'Shasta'),
('shj', 'Shatt'),
('sqh', 'Shau'),
('sjw', 'Shawnee'),
('shx', 'She'),
('shv', 'Shehri'),
('swv', 'Shekhawati'),
('moy', 'Shekkacho'),
('she', 'Sheko'),
('sth', 'Shelta'),
('seb', 'Shempire Senoufo'),
('shl', 'Shendu'),
('scv', 'Sheni'),
('bun', 'Sherbro'),
('sdp', 'Sherdukpen'),
('xsr', 'Sherpa'),
('kip', 'Sheshi Kham'),
('shr', 'Shi'),
('ssh', 'Shihhi Arabic'),
('gua', 'Shiki'),
('shk', 'Shilluk'),
('scl', 'Shina'),
('snh', 'Shinabo'),
('shp', 'Shipibo-Conibo'),
('sxg', 'Shixing'),
('sle', 'Sholaga'),
('sii', 'Shom Peng'),
('sna', 'Shona'),
('bcv', 'Shoo-Minda-Nye'),
('cjs', 'Shor'),
('shh', 'Shoshoni'),
('shg', 'Shua'),
('sdt', 'Shuadit'),
('jiv', 'Shuar'),
('suj', 'Shubi'),
('sgh', 'Shughni'),
('sts', 'Shumashti'),
('scu', 'Shumcho'),
('shs', 'Shuswap'),
('ksa', 'Shuwa-Zamani'),
('shw', 'Shwai'),
('pll', 'Shwe Palaung'),
('slw', 'Sialum'),
('sif', 'Siamou'),
('spg', 'Sian'),
('snp', 'Siane'),
('sya', 'Siang'),
('sjr', 'Siar-Lak'),
('mmp', 'Siawi'),
('nco', 'Sibe'),
('sdx', 'Sibu Melanau'),
('sxc', 'Sicanian'),
('scx', 'Sicel'),
('iii', 'Sichuan Yi'),
('scn', 'Sicilian'),
('sep', 'Sìcìté Sénoufo'),
('sid', 'Sidamo'),
('xsd', 'Sidetic'),
('erg', 'Sie'),
('zaa', 'Sierra de Juárez Zapotec'),
('sgx', 'Sierra Leone Sign Language'),
('nsu', 'Sierra Negra Nahuatl'),
('sxe', 'Sighu'),
('snr', 'Sihan'),
('qws', 'Sihuas Ancash Quechua'),
('ski', 'Sika'),
('sky', 'Sikaiana'),
('tty', 'Sikaritai'),
('sik', 'Sikiana'),
('sip', 'Sikkimese'),
('bla', 'Siksika'),
('skh', 'Sikule'),
('slt', 'Sila'),
('mks', 'Silacayoapan Mixtec'),
('sbq', 'Sileibi'),
('szl', 'Silesian'),
('wul', 'Silimo'),
('mkc', 'Siliput'),
('xsp', 'Silopi'),
('stv', 'Silt''e'),
('sie', 'Simaa'),
('sbw', 'Simba'),
('smg', 'Simbali'),
('smb', 'Simbari'),
('sbb', 'Simbo'),
('smz', 'Simeku'),
('smr', 'Simeulue'),
('smt', 'Simte'),
('siu', 'Sinagen'),
('sst', 'Sinasina'),
('snc', 'Sinaugoro'),
('sjn', 'Sindarin'),
('snd', 'Sindhi'),
('sbn', 'Sindhi Bhil'),
('xts', 'Sindihui Mixtec'),
('sgm', 'Singa'),
('sls', 'Singapore Sign Language'),
('sgp', 'Singpho'),
('sin', 'Sinhala'),
('xti', 'Sinicahua Mixtec'),
('skq', 'Sininkere'),
('snz', 'Sinsauru'),
('rmo', 'Sinte Romani'),
('sys', 'Sinyar'),
('xsi', 'Sio'),
('snn', 'Siona'),
('qum', 'Sipacapense'),
('swj', 'Sira'),
('fos', 'Siraya'),
('ysr', 'Sirenik Yupik'),
('sir', 'Siri'),
('sri', 'Siriano'),
('srq', 'Sirionó'),
('srx', 'Sirmauri'),
('ssd', 'Siroi'),
('sld', 'Sissala'),
('sso', 'Sissano'),
('sis', 'Siuslaw'),
('siy', 'Sivandi'),
('siw', 'Siwai'),
('siz', 'Siwi'),
('akp', 'Siwu'),
('csy', 'Siyin Chin'),
('ska', 'Skagit'),
('svx', 'Skalvian'),
('skw', 'Skepi Creole Dutch'),
('sms', 'Skolt Sami'),
('skv', 'Skou'),
('den', 'Slave (Athapascan)'),
('slk', 'Slovak'),
('svk', 'Slovakian Sign Language'),
('slv', 'Slovenian'),
('sfm', 'Small Flowery Miao'),
('kxq', 'Smärky Kanum'),
('sno', 'Snohomish'),
('sss', 'Sô'),
('sox', 'So (Cameroon)'),
('soc', 'So (Democratic Republic of Congo)'),
('ssq', 'So''a'),
('sob', 'Sobei'),
('cso', 'Sochiapam Chinantec'),
('xog', 'Soga'),
('sog', 'Sogdian'),
('soj', 'Soi'),
('skk', 'Sok'),
('sok', 'Sokoro'),
('xso', 'Solano'),
('sby', 'Soli'),
('aaw', 'Solong'),
('sol', 'Solos'),
('smc', 'Som'),
('som', 'Somali'),
('sor', 'Somrai'),
('smu', 'Somray'),
('kgt', 'Somyev'),
('shc', 'Sonde'),
('sgo', 'Songa'),
('sop', 'Songe'),
('soo', 'Songo'),
('soe', 'Songomeno'),
('sod', 'Songoora'),
('soi', 'Sonha'),
('siq', 'Sonia'),
('snk', 'Soninke'),
('sov', 'Sonsorol'),
('teu', 'Soo'),
('urw', 'Sop'),
('sqt', 'Soqotri'),
('srb', 'Sora'),
('sbh', 'Sori-Harengan'),
('sqo', 'Sorkhei'),
('sxo', 'Sorothaptic'),
('ays', 'Sorsogon Ayta'),
('krz', 'Sota Kanum'),
('sqq', 'Sou'),
('sfs', 'South African Sign Language'),
('aws', 'South Awyu'),
('azb', 'South Azerbaijani'),
('quh', 'South Bolivian Quechua'),
('lnl', 'South Central Banda'),
('ckd', 'South Central Cakchiquel'),
('dib', 'South Central Dinka'),
('erk', 'South Efate'),
('fal', 'South Fali'),
('giz', 'South Giziga'),
('lmf', 'South Lembata'),
('ajp', 'South Levantine Arabic'),
('mqm', 'South Marquesan'),
('kts', 'South Muyu'),
('nbl', 'South Ndebele'),
('nxl', 'South Nuaulu'),
('spx', 'South Picene'),
('xsl', 'South Slavey'),
('omw', 'South Tairora'),
('cpy', 'South Ucayali Ashéninka'),
('mcy', 'South Watut'),
('tlw', 'South Wemale'),
('sns', 'South West Bay'),
('tvk', 'Southeast Ambrym'),
('vbb', 'Southeast Babar'),
('ijs', 'Southeast Ijo'),
('psi', 'Southeast Pashayi'),
('dks', 'Southeastern Dinka'),
('hsf', 'Southeastern Huastec'),
('zpd', 'Southeastern Ixtlán Zapotec'),
('nit', 'Southeastern Kolami'),
('mxy', 'Southeastern Nochixtlán Mixtec'),
('pom', 'Southeastern Pomo'),
('npl', 'Southeastern Puebla Nahuatl'),
('tcu', 'Southeastern Tarahumara'),
('stp', 'Southeastern Tepehuan'),
('agy', 'Southern Alta'),
('alt', 'Southern Altai'),
('ams', 'Southern Amami-Oshima'),
('ayc', 'Southern Aymara'),
('bfs', 'Southern Bai'),
('bcc', 'Southern Balochi'),
('bjq', 'Southern Betsimisaraka Malagasy'),
('biv', 'Southern Birifor'),
('bwq', 'Southern Bobo Madaré'),
('ckf', 'Southern Cakchiquel'),
('caf', 'Southern Carrier'),
('bln', 'Southern Catanduanes Bicolano'),
('qxo', 'Southern Conchucos Ancash Quechua'),
('dga', 'Southern Dagaare'),
('kmc', 'Southern Dong'),
('crj', 'Southern East Cree'),
('ghe', 'Southern Ghale'),
('ggo', 'Southern Gondi'),
('grj', 'Southern Grebo'),
('hmy', 'Southern Guiyang Hmong'),
('hax', 'Southern Haida'),
('hnd', 'Southern Hindko'),
('sxk', 'Southern Kalapuya'),
('ksc', 'Southern Kalinga'),
('kss', 'Southern Kisi'),
('kjd', 'Southern Kiwai'),
('sdh', 'Southern Kurdish'),
('ysp', 'Southern Lolopo'),
('lrr', 'Southern Lorung'),
('luz', 'Southern Luri'),
('snm', 'Southern Ma''di'),
('mms', 'Southern Mam'),
('hma', 'Southern Mashan Hmong'),
('mnn', 'Southern Mnong'),
('ymc', 'Southern Muji'),
('nab', 'Southern Nambikuára'),
('nbw', 'Southern Ngbandi'),
('nik', 'Southern Nicobarese'),
('nsd', 'Southern Nisu'),
('nnw', 'Southern Nuni'),
('css', 'Southern Ohlone'),
('osu', 'Southern One'),
('pmz', 'Southern Pame'),
('pbt', 'Southern Pashto'),
('qup', 'Southern Pastaza Quechua'),
('pou', 'Southern Pokomam'),
('peq', 'Southern Pomo'),
('mit', 'Southern Puebla Mixtec'),
('slh', 'Southern Puget Sound Salish'),
('pmj', 'Southern Pumi'),
('hms', 'Southern Qiandong Miao'),
('qxs', 'Southern Qiang'),
('nre', 'Southern Rengma Naga'),
('zsr', 'Southern Rincon Zapotec'),
('rgs', 'Southern Roglai'),
('ssb', 'Southern Sama'),
('sma', 'Southern Sami'),
('sbd', 'Southern Samo'),
('skd', 'Southern Sierra Miwok'),
('sot', 'Southern Sotho'),
('sou', 'Southern Thai'),
('tix', 'Southern Tiwa'),
('wib', 'Southern Toussian'),
('tjs', 'Southern Tujia'),
('tce', 'Southern Tutchone'),
('uzs', 'Southern Uzbek'),
('yux', 'Southern Yukaghir'),
('gso', 'Southwest Gbaya'),
('plv', 'Southwest Palawano'),
('psh', 'Southwest Pashayi'),
('nwi', 'Southwest Tanna'),
('dik', 'Southwestern Dinka'),
('fay', 'Southwestern Fars'),
('hmg', 'Southwestern Guiyang Hmong'),
('hmh', 'Southwestern Huishui Hmong'),
('nsv', 'Southwestern Nisu'),
('tsf', 'Southwestern Tamang'),
('twr', 'Southwestern Tarahumara'),
('tla', 'Southwestern Tepehuan'),
('meh', 'Southwestern Tlaxiaco Mixtec'),
('sww', 'Sowa'),
('sow', 'Sowanda'),
('vmp', 'Soyaltepec Mazatec'),
('vmq', 'Soyaltepec Mixtec'),
('spa', 'Spanish'),
('ssp', 'Spanish Sign Language'),
('spt', 'Spiti Bhoti'),
('spo', 'Spokane'),
('squ', 'Squamish'),
('srn', 'Sranan Tongo'),
('sci', 'Sri Lankan Creole Malay'),
('sqs', 'Sri Lankan Sign Language'),
('arb', 'Standard Arabic'),
('zsm', 'Standard Malay'),
('stl', 'Stellingwerfs'),
('sbu', 'Stod Bhoti'),
('sto', 'Stoney'),
('str', 'Straits Salish'),
('szp', 'Suabo'),
('seo', 'Suarmin'),
('swp', 'Suau'),
('sxb', 'Suba'),
('ssc', 'Suba-Simbiti'),
('xsj', 'Subi'),
('sbs', 'Subiya'),
('sut', 'Subtiaba'),
('apd', 'Sudanese Arabic'),
('pga', 'Sudanese Creole Arabic'),
('tgo', 'Sudest'),
('xsv', 'Sudovian'),
('sue', 'Suena'),
('sgi', 'Suga'),
('sug', 'Suganga'),
('kzs', 'Sugut Dusun'),
('swi', 'Sui'),
('sui', 'Suki'),
('sub', 'Suku'),
('suk', 'Sukuma'),
('syk', 'Sukur'),
('zsu', 'Sukurum'),
('szn', 'Sula'),
('sua', 'Sulka'),
('srg', 'Sulod'),
('suv', 'Sulung'),
('sqm', 'Suma'),
('siv', 'Sumariup'),
('six', 'Sumau'),
('smw', 'Sumbawa'),
('suw', 'Sumbwa'),
('sux', 'Sumerian'),
('nsm', 'Sumi Naga'),
('sum', 'Sumo-Mayangna'),
('ssk', 'Sunam'),
('sun', 'Sundanese'),
('suz', 'Sunwar'),
('syo', 'Suoy'),
('spp', 'Supyire Senoufo'),
('tdl', 'Sur'),
('sbj', 'Surbakhal'),
('suq', 'Suri'),
('sul', 'Surigaonon'),
('sjp', 'Surjapuri'),
('sgz', 'Sursurunga'),
('swx', 'Suruahá'),
('sde', 'Surubu'),
('sru', 'Suruí'),
('mdz', 'Suruí Do Pará'),
('sqn', 'Susquehannock'),
('sus', 'Susu'),
('ssu', 'Susuami'),
('sdj', 'Suundi'),
('swu', 'Suwawa'),
('suy', 'Suyá'),
('sva', 'Svan'),
('swg', 'Swabian'),
('swh', 'Swahili (individual language)'),
('swa', 'Swahili (macrolanguage)'),
('csw', 'Swampy Cree'),
('ssw', 'Swati'),
('swe', 'Swedish'),
('swl', 'Swedish Sign Language'),
('gsw', 'Swiss German'),
('ssr', 'Swiss-French Sign Language'),
('sgg', 'Swiss-German Sign Language'),
('slf', 'Swiss-Italian Sign Language'),
('shz', 'Syenara Senoufo'),
('syl', 'Sylheti'),
('syr', 'Syriac'),
('tct', 'T''en'),
('acq', 'Ta''izzi-Adeni Arabic'),
('tap', 'Taabwa'),
('zat', 'Tabaa Zapotec'),
('tby', 'Tabaru'),
('chf', 'Tabasco Chontal'),
('nhc', 'Tabasco Nahuatl'),
('zoq', 'Tabasco Zoque'),
('tab', 'Tabassaran'),
('tnm', 'Tabla'),
('knv', 'Tabo'),
('tzx', 'Tabriak'),
('xtt', 'Tacahua Mixtec'),
('tna', 'Tacana'),
('mtz', 'Tacanec'),
('shy', 'Tachawit'),
('shi', 'Tachelhit'),
('lts', 'Tachoni'),
('dsq', 'Tadaksahak'),
('tdy', 'Tadyawan'),
('rob', 'Tae'''),
('tcd', 'Tafi'),
('bgs', 'Tagabawa'),
('klg', 'Tagakaulu Kalagan'),
('mvv', 'Tagal Murut'),
('tgl', 'Tagalog'),
('oua', 'Tagargrent'),
('tbw', 'Tagbanwa'),
('tbm', 'Tagbu'),
('tda', 'Tagdal'),
('tgx', 'Tagish'),
('tag', 'Tagoi'),
('tgw', 'Tagwana Senoufo'),
('thv', 'Tahaggart Tamahaq'),
('tah', 'Tahitian'),
('tht', 'Tahltan'),
('taw', 'Tai'),
('tyr', 'Tai Daeng'),
('blt', 'Tai Dam'),
('tyj', 'Tai Do'),
('twh', 'Tai Dón'),
('thc', 'Tai Hang Tong'),
('tiz', 'Tai Hongjin'),
('tlq', 'Tai Loi'),
('thi', 'Tai Long'),
('tmp', 'Tai Mène'),
('tdd', 'Tai Nüa'),
('tpo', 'Tai Pao'),
('tmm', 'Tai Thanh'),
('cuu', 'Tai Ya'),
('gpn', 'Taiap'),
('aos', 'Taikat'),
('ago', 'Tainae'),
('tnq', 'Taino'),
('uar', 'Tairuma'),
('dav', 'Taita'),
('tss', 'Taiwan Sign Language'),
('pee', 'Taje'),
('tgk', 'Tajik'),
('abh', 'Tajiki Arabic'),
('tdj', 'Tajio'),
('tja', 'Tajuasohn'),
('mpf', 'Tajumulco Mam'),
('tkm', 'Takelma'),
('tks', 'Takestani'),
('tbc', 'Takia'),
('tkk', 'Takpa'),
('tkz', 'Takua'),
('nho', 'Takuu'),
('tke', 'Takwane'),
('tal', 'Tal'),
('tak', 'Tala'),
('tld', 'Talaud'),
('tlv', 'Taliabu'),
('tdf', 'Talieng'),
('tlj', 'Talinga-Bwisi'),
('tlr', 'Talise'),
('tlo', 'Talodi'),
('tlk', 'Taloki'),
('tln', 'Talondo'''),
('yta', 'Talu'),
('ilw', 'Talur'),
('tly', 'Talysh'),
('tma', 'Tama (Chad)'),
('ten', 'Tama (Colombia)'),
('tcg', 'Tamagario'),
('tmn', 'Taman (Indonesia)'),
('tcl', 'Taman (Myanmar)'),
('tmz', 'Tamanaku'),
('tmh', 'Tamashek'),
('taq', 'Tamasheq'),
('vmx', 'Tamazola Mixtec'),
('tdk', 'Tambas'),
('tls', 'Tambotalo'),
('kzt', 'Tambunan Dusun'),
('tmy', 'Tami'),
('tam', 'Tamil'),
('tax', 'Tamki'),
('tml', 'Tamnim Citak'),
('low', 'Tampias Lobu'),
('tpu', 'Tampuan'),
('tpm', 'Tampulma'),
('tcb', 'Tanacross'),
('tcm', 'Tanahmerah'),
('tfn', 'Tanaina'),
('tpv', 'Tanapag'),
('tni', 'Tandia'),
('tdx', 'Tandroy-Mahafaly Malagasy'),
('tnx', 'Tanema'),
('tan', 'Tangale'),
('tnv', 'Tangchangya'),
('tgg', 'Tangga'),
('tgu', 'Tanggu'),
('nmf', 'Tangkhul Naga'),
('tkx', 'Tangko'),
('ytl', 'Tanglang'),
('tgp', 'Tangoa'),
('tnf', 'Tangshewi'),
('tbs', 'Tanguat'),
('txg', 'Tangut'),
('tbe', 'Tanimbili'),
('tnc', 'Tanimuca-Retuarã'),
('uji', 'Tanjijili'),
('txy', 'Tanosy Malagasy'),
('tza', 'Tanzanian Sign Language'),
('tbb', 'Tapeba'),
('afp', 'Tapei'),
('tpj', 'Tapieté'),
('taf', 'Tapirapé'),
('tro', 'Tarao Naga'),
('tgr', 'Tareng'),
('tae', 'Tariana'),
('rif', 'Tarifit'),
('yer', 'Tarok'),
('trv', 'Taroko'),
('tpf', 'Tarpia'),
('txr', 'Tartessian'),
('twq', 'Tasawaq'),
('nst', 'Tase Naga'),
('xtz', 'Tasmanian'),
('tmt', 'Tasmate'),
('cta', 'Tataltepec Chatino'),
('txx', 'Tatana'),
('tat', 'Tatar'),
('tav', 'Tatuyo'),
('ttd', 'Tauade'),
('tuh', 'Taulil'),
('tco', 'Taungyo'),
('tpa', 'Taupota'),
('tad', 'Tause'),
('trr', 'Taushiro'),
('tsg', 'Tausug'),
('tya', 'Tauya'),
('tvs', 'Taveta'),
('tvn', 'Tavoyan'),
('rmu', 'Tavringer Romani'),
('tbo', 'Tawala'),
('ttq', 'Tawallammat Tamajaq'),
('xtw', 'Tawandê'),
('twm', 'Tawang Monpa'),
('twl', 'Tawara'),
('tbp', 'Taworta'),
('twy', 'Tawoyan'),
('tcp', 'Tawr Chin'),
('tyz', 'Tày'),
('tas', 'Tay Boi'),
('tnu', 'Tay Khang'),
('tys', 'Tày Sa Pa'),
('tyt', 'Tày Tac'),
('ayy', 'Tayabas Ayta'),
('thz', 'Tayart Tamajeq'),
('cks', 'Tayo'),
('grr', 'Taznatit'),
('tbl', 'Tboli'),
('tck', 'Tchitchege'),
('bqa', 'Tchumbuli'),
('tve', 'Te''un'),
('tkw', 'Teanu'),
('tsy', 'Tebul Sign Language'),
('dtu', 'Tebul Ure Dogon'),
('tcw', 'Tecpatlán Totonac'),
('tuq', 'Tedaga'),
('ctd', 'Tedim Chin'),
('tkq', 'Tee'),
('lor', 'Téén'),
('tfo', 'Tefaro'),
('ras', 'Tegali'),
('kps', 'Tehit'),
('teh', 'Tehuelche'),
('ztt', 'Tejalapan Zapotec'),
('ebo', 'Teke-Ebo'),
('ifm', 'Teke-Fuumu'),
('kkw', 'Teke-Kukuya'),
('lli', 'Teke-Laali'),
('nzu', 'Teke-Nzikou'),
('teg', 'Teke-Tege'),
('tyi', 'Teke-Tsaayi'),
('tyx', 'Teke-Tyee'),
('ttc', 'Tektiteko'),
('tvm', 'Tela-Masbuar'),
('tlf', 'Telefol'),
('tel', 'Telugu'),
('tlt', 'Teluti'),
('kdh', 'Tem'),
('tjo', 'Temacine Tamazight'),
('nhv', 'Temascaltepec Nahuatl'),
('tqb', 'Tembé'),
('tbt', 'Tembo (Kitembo)'),
('tmv', 'Tembo (Motembo)'),
('tdo', 'Teme'),
('teq', 'Temein'),
('soz', 'Temi'),
('tea', 'Temiar'),
('ott', 'Temoaya Otomi'),
('tmo', 'Temoq'),
('tdu', 'Tempasuk Dusun'),
('tmw', 'Temuan'),
('quw', 'Tena Lowland Quichua'),
('otn', 'Tenango Otomi'),
('dtk', 'Tene Kan Dogon'),
('vkt', 'Tenggarong Kutai Malay'),
('tes', 'Tengger'),
('pah', 'Tenharim'),
('tqn', 'Tenino'),
('tns', 'Tenis'),
('tex', 'Tennet'),
('tio', 'Teop'),
('tev', 'Teor'),
('tep', 'Tepecano'),
('cnt', 'Tepetotutla Chinantec'),
('cux', 'Tepeuxila Cuicatec'),
('cte', 'Tepinapa Chinantec'),
('ted', 'Tepo Krumen'),
('sjt', 'Ter Sami'),
('ttr', 'Tera'),
('trb', 'Terebu'),
('buo', 'Terei'),
('ter', 'Tereno'),
('tef', 'Teressa'),
('twg', 'Tereweng'),
('tfr', 'Teribe'),
('tec', 'Terik'),
('twu', 'Termanu'),
('tft', 'Ternate'),
('tmg', 'Ternateño'),
('keg', 'Tese'),
('twc', 'Teshenawa'),
('teo', 'Teso'),
('tll', 'Tetela'),
('nhg', 'Tetelcingo Nahuatl'),
('teb', 'Tetete'),
('tet', 'Tetum'),
('tdt', 'Tetun Dili'),
('cut', 'Teutila Cuicatec'),
('twe', 'Tewa (Indonesia)'),
('tew', 'Tewa (USA)'),
('twx', 'Tewe'),
('otx', 'Texcatepec Otomi'),
('poq', 'Texistepec Popoluca'),
('zpz', 'Texmelucan Zapotec'),
('mxb', 'Tezoatlán Mixtec'),
('thy', 'Tha'),
('thn', 'Thachanadan'),
('tcz', 'Thado Chin'),
('tha', 'Thai'),
('tsq', 'Thai Sign Language'),
('soa', 'Thai Song'),
('ths', 'Thakali'),
('nki', 'Thangal Naga'),
('thf', 'Thangmi'),
('ssf', 'Thao'),
('thk', 'Tharaka'),
('thd', 'Thayore'),
('typ', 'Thaypan'),
('thx', 'The'),
('tou', 'Tho'),
('thp', 'Thompson'),
('ytp', 'Thopho'),
('txh', 'Thracian'),
('tyl', 'Thu Lao'),
('thw', 'Thudam'),
('tdh', 'Thulung'),
('tbh', 'Thurawal'),
('thu', 'Thuri'),
('ahi', 'Tiagbamrin Aizi'),
('mnl', 'Tiale'),
('tbj', 'Tiang'),
('ngy', 'Tibea'),
('bod', 'Tibetan'),
('tcn', 'Tichurong'),
('tca', 'Ticuna'),
('mtx', 'Tidaá Mixtec'),
('tia', 'Tidikelt Tamazight'),
('tid', 'Tidong'),
('tvo', 'Tidore'),
('tiq', 'Tiéfo'),
('boo', 'Tiemacèwè Bozo'),
('tii', 'Tiene'),
('boz', 'Tiéyaxo Bozo'),
('tif', 'Tifal'),
('tgc', 'Tigak'),
('nza', 'Tigon Mbembe'),
('tig', 'Tigre'),
('tir', 'Tigrinya'),
('txq', 'Tii'),
('xtl', 'Tijaltepec Mixtec'),
('tik', 'Tikar'),
('tkp', 'Tikopia'),
('cti', 'Tila Chol'),
('otl', 'Tilapa Otomi'),
('til', 'Tillamook'),
('zts', 'Tilquiapan Zapotec'),
('tij', 'Tilung'),
('tms', 'Tima'),
('tim', 'Timbe'),
('tem', 'Timne'),
('tvy', 'Timor Pidgin'),
('tjm', 'Timucua'),
('tih', 'Timugon Murut'),
('xsb', 'Tinà Sambal'),
('lbf', 'Tinani'),
('tin', 'Tindi'),
('tie', 'Tingal'),
('tgv', 'Tingui-Boto'),
('tit', 'Tinigua'),
('tne', 'Tinoc Kallahan'),
('tpz', 'Tinputz'),
('tpe', 'Tippera'),
('tic', 'Tira'),
('tra', 'Tirahi'),
('cir', 'Tiri'),
('tiy', 'Tiruray'),
('tdq', 'Tita'),
('ttv', 'Titan'),
('tiv', 'Tiv'),
('lax', 'Tiwa'),
('tiw', 'Tiwi'),
('tju', 'Tjurruru'),
('tpt', 'Tlachichilco Tepehua'),
('tpl', 'Tlacoapa Tlapanec'),
('ctl', 'Tlacoatzintepec Chinantec'),
('zpk', 'Tlacolulita Zapotec'),
('mxp', 'Tlahuitoltepec Mixe'),
('nuz', 'Tlamacazapa Nahuatl'),
('mqh', 'Tlazoyaltepec Mixtec'),
('tli', 'Tlingit'),
('toz', 'To'),
('mlu', 'To''abaita'),
('tlz', 'Toala'''),
('tqo', 'Toaripi'),
('tob', 'Toba'),
('tmf', 'Toba-Maskoy'),
('tgh', 'Tobagonian Creole English'),
('tng', 'Tobanga'),
('tti', 'Tobati'),
('tlb', 'Tobelo'),
('tox', 'Tobian'),
('tgb', 'Tobilung'),
('tbv', 'Tobo'),
('asu', 'Tocantins Asurini'),
('taz', 'Tocho'),
('tcx', 'Toda'),
('mvj', 'Todos Santos Cuchumatán Mam'),
('tdr', 'Todrah'),
('tlg', 'Tofanma'),
('tfi', 'Tofin Gbe'),
('lht', 'Toga'),
('tor', 'Togbo-Vara Banda'),
('tgy', 'Togoyo'),
('ood', 'Tohono O''odham'),
('toj', 'Tojolabal'),
('tpi', 'Tok Pisin'),
('zuh', 'Tokano'),
('tkl', 'Tokelau'),
('xto', 'Tokharian A'),
('txb', 'Tokharian B'),
('tkn', 'Toku-No-Shima'),
('jic', 'Tol'),
('lbw', 'Tolaki'),
('tlm', 'Tolomako'),
('tol', 'Tolowa'),
('tod', 'Toma'),
('tdi', 'Tomadino'),
('ttp', 'Tombelala'),
('txa', 'Tombonuo'),
('tom', 'Tombulu'),
('toe', 'Tomedes'),
('txm', 'Tomini'),
('dtm', 'Tomo Kan Dogon'),
('tqp', 'Tomoip'),
('tdn', 'Tondano'),
('tog', 'Tonga (Nyasa)'),
('tnz', 'Tonga (Thailand)'),
('ton', 'Tonga (Tonga Islands)'),
('toi', 'Tonga (Zambia)'),
('tny', 'Tongwe'),
('tjn', 'Tonjon'),
('tqw', 'Tonkawa'),
('tnw', 'Tonsawang'),
('txs', 'Tonsea'),
('tnt', 'Tontemboan'),
('ttj', 'Tooro'),
('toy', 'Topoiyo'),
('toq', 'Toposa'),
('trz', 'Torá'),
('sda', 'Toraja-Sa''dan'),
('trj', 'Toram'),
('ttu', 'Torau'),
('fit', 'Tornedalen Finnish'),
('tdv', 'Toro'),
('dts', 'Toro So Dogon'),
('dtt', 'Toro Tegu Dogon'),
('tno', 'Toromono'),
('tqr', 'Torona'),
('tcs', 'Torres Strait Creole'),
('tei', 'Torricelli'),
('trw', 'Torwali'),
('als', 'Tosk Albanian'),
('ttl', 'Totela'),
('txo', 'Toto'),
('txe', 'Totoli'),
('zph', 'Totomachapan Zapotec'),
('mto', 'Totontepec Mixe'),
('ttk', 'Totoro'),
('tqu', 'Touo'),
('neb', 'Toura (Côte d''Ivoire)'),
('don', 'Toura (Papua New Guinea)'),
('ttn', 'Towei'),
('xtg', 'Transalpine Gaulish'),
('rmd', 'Traveller Danish'),
('rmg', 'Traveller Norwegian'),
('trl', 'Traveller Scottish'),
('trm', 'Tregami'),
('tme', 'Tremembé'),
('stg', 'Trieng'),
('tip', 'Trimuris'),
('tgq', 'Tring'),
('trx', 'Tringgus-Sembaan Bidayuh'),
('trf', 'Trinidadian Creole English'),
('trn', 'Trinitario'),
('tri', 'Trió'),
('tka', 'Truká'),
('tpy', 'Trumai'),
('tsl', 'Ts''ün-Lao'),
('tsa', 'Tsaangi'),
('tkr', 'Tsakhur'),
('tsd', 'Tsakonian'),
('kvz', 'Tsakwambo'),
('tsb', 'Tsamai'),
('huq', 'Tsat'),
('tsk', 'Tseku'),
('txc', 'Tsetsaut'),
('tsj', 'Tshangla'),
('kdl', 'Tsikimba'),
('cas', 'Tsimané'),
('xmw', 'Tsimihety Malagasy'),
('tsi', 'Tsimshian'),
('tsw', 'Tsishingini'),
('ldp', 'Tso'),
('hio', 'Tsoa'),
('tsv', 'Tsogo'),
('tso', 'Tsonga'),
('fly', 'Tsotsitaal'),
('lto', 'Tsotso'),
('tsu', 'Tsou'),
('ttz', 'Tsum'),
('tvd', 'Tsuvadi'),
('tsh', 'Tsuvan'),
('tsc', 'Tswa'),
('tsn', 'Tswana'),
('two', 'Tswapong'),
('mjg', 'Tu'),
('pmt', 'Tuamotuan'),
('tbu', 'Tubar'),
('tub', 'Tübatulabal'),
('tuo', 'Tucano'),
('tuy', 'Tugen'),
('tzn', 'Tugun'),
('tuj', 'Tugutil'),
('khc', 'Tukang Besi North'),
('bhq', 'Tukang Besi South'),
('bag', 'Tuki'),
('tpq', 'Tukpa'),
('tkd', 'Tukudede'),
('tkf', 'Tukumanféd'),
('tul', 'Tula'),
('tlu', 'Tulehu'),
('tey', 'Tulishi'),
('tcy', 'Tulu'),
('rak', 'Tulu-Bohuai'),
('iou', 'Tuma-Irumu'),
('tmc', 'Tumak'),
('krt', 'Tumari Kanuri'),
('ctu', 'Tumbalá Chol'),
('tum', 'Tumbuka'),
('kku', 'Tumi'),
('tmq', 'Tumleo'),
('xtq', 'Tumshuqese'),
('tbr', 'Tumtum'),
('sil', 'Tumulung Sisaala'),
('mzb', 'Tumzabt'),
('enh', 'Tundra Enets'),
('baz', 'Tunen'),
('lcm', 'Tungag'),
('trt', 'Tunggare'),
('tug', 'Tunia'),
('tun', 'Tunica'),
('aeb', 'Tunisian Arabic'),
('tse', 'Tunisian Sign Language'),
('tjg', 'Tunjung'),
('tqq', 'Tunni'),
('dza', 'Tunzu'),
('ttf', 'Tuotomb'),
('tpr', 'Tuparí'),
('tpw', 'Tupí'),
('tpn', 'Tupinambá'),
('tpk', 'Tupinikin'),
('tui', 'Tupuri'),
('trh', 'Turaka'),
('trd', 'Turi'),
('twt', 'Turiwára'),
('tuz', 'Turka'),
('tuv', 'Turkana'),
('klj', 'Turkic Khalaj'),
('tur', 'Turkish'),
('tsm', 'Turkish Sign Language'),
('tuk', 'Turkmen'),
('tch', 'Turks And Caicos Creole English'),
('tru', 'Turoyo'),
('tqm', 'Turumsa'),
('try', 'Turung'),
('tus', 'Tuscarora'),
('tta', 'Tutelo'),
('ttg', 'Tutong'),
('tvt', 'Tutsa Naga'),
('tmi', 'Tutuba'),
('mtu', 'Tututepec Mixtec'),
('tuu', 'Tututni'),
('tvl', 'Tuvalu'),
('tyv', 'Tuvinian'),
('ifk', 'Tuwali Ifugao'),
('tww', 'Tuwari'),
('bov', 'Tuwuli'),
('tud', 'Tuxá'),
('tux', 'Tuxináwa'),
('tue', 'Tuyuca'),
('twa', 'Twana'),
('twn', 'Twendi'),
('twd', 'Twents'),
('twi', 'Twi'),
('kcg', 'Tyap'),
('woa', 'Tyaraity'),
('uuu', 'U'),
('aoz', 'Uab Meto'),
('uam', 'Uamué'),
('ksj', 'Uare'),
('byc', 'Ubaghara'),
('uba', 'Ubang'),
('ubi', 'Ubi'),
('ubr', 'Ubir'),
('uby', 'Ubykh'),
('cpb', 'Ucayali-Yurúa Ashéninka'),
('uda', 'Uda'),
('udi', 'Udi'),
('ude', 'Udihe'),
('udm', 'Udmurt'),
('udu', 'Uduk'),
('ufi', 'Ufim'),
('ugn', 'Ugandan Sign Language'),
('uga', 'Ugaritic'),
('uge', 'Ughele'),
('ugo', 'Ugong'),
('uha', 'Uhami'),
('uig', 'Uighur'),
('uis', 'Uisai'),
('udj', 'Ujir'),
('kcf', 'Ukaan'),
('ukh', 'Ukhwejo'),
('umi', 'Ukit'),
('ukp', 'Ukpe-Bayobiri'),
('akd', 'Ukpet-Ehom'),
('ukr', 'Ukrainian'),
('ukl', 'Ukrainian Sign Language'),
('uku', 'Ukue'),
('ukg', 'Ukuriguma'),
('ukq', 'Ukwa'),
('ukw', 'Ukwuani-Aboh-Ndoni'),
('svb', 'Ulau-Suain'),
('ulc', 'Ulch'),
('uli', 'Ulithian'),
('ull', 'Ullatan'),
('ulb', 'Ulukwumi'),
('ulm', 'Ulumanda'''),
('ppk', 'Uma'),
('xky', 'Uma'' Lasan'),
('ulu', 'Uma'' Lung'),
('gdn', 'Umanakaina'),
('uma', 'Umatilla'),
('umd', 'Umbindhamu'),
('xum', 'Umbrian'),
('ubu', 'Umbu-Ungu'),
('umr', 'Umbugarla'),
('umb', 'Umbundu'),
('umg', 'Umbuygamu'),
('sju', 'Ume Sami'),
('upi', 'Umeda'),
('due', 'Umiray Dumaget Agta'),
('umm', 'Umon'),
('umo', 'Umotína'),
('ump', 'Umpila'),
('mtg', 'Una'),
('unm', 'Unami'),
('mis', 'Uncoded languages'),
('unz', 'Unde Kaili'),
('und', 'Undetermined'),
('bbn', 'Uneapa'),
('une', 'Uneme'),
('uln', 'Unserdeutsch'),
('onu', 'Unua'),
('uok', 'Uokha'),
('cjh', 'Upper Chehalis'),
('dna', 'Upper Grand Valley Dani'),
('pov', 'Upper Guinea Crioulo'),
('dmg', 'Upper Kinabatangan'),
('kuu', 'Upper Kuskokwim'),
('tku', 'Upper Necaxa Totonac'),
('sxu', 'Upper Saxon'),
('hsb', 'Upper Sorbian'),
('tth', 'Upper Ta''oih'),
('tau', 'Upper Tanana'),
('kgh', 'Upper Tanudan Kalinga'),
('tov', 'Upper Taromi'),
('xup', 'Upper Umpqua'),
('uro', 'Ura (Papua New Guinea)'),
('uur', 'Ura (Vanuatu)'),
('urf', 'Uradhi'),
('urk', 'Urak Lawoi'''),
('url', 'Urali'),
('urm', 'Urapmin'),
('ura', 'Urarina'),
('xur', 'Urartian'),
('urt', 'Urat'),
('urd', 'Urdu'),
('urh', 'Urhobo'),
('uvh', 'Uri'),
('urg', 'Urigina'),
('uri', 'Urim'),
('urx', 'Urimo'),
('upv', 'Uripiv-Wala-Rano-Atchin'),
('urc', 'Urningangg'),
('ure', 'Uru'),
('urz', 'Uru-Eu-Wau-Wau'),
('urp', 'Uru-Pa-In'),
('urn', 'Uruangnirin'),
('urv', 'Uruava'),
('urb', 'Urubú-Kaapor'),
('uks', 'Urubú-Kaapor Sign Language'),
('ugy', 'Uruguayan Sign Language'),
('uum', 'Urum'),
('uru', 'Urumi'),
('usk', 'Usaghade'),
('wnu', 'Usan'),
('usa', 'Usarufa'),
('ush', 'Ushojo'),
('cuc', 'Usila Chinantec'),
('ulf', 'Usku'),
('usp', 'Uspanteco'),
('usi', 'Usui'),
('omo', 'Utarmbung'),
('ute', 'Ute-Southern Paiute'),
('utu', 'Utu'),
('evh', 'Uvbie'),
('usu', 'Uya'),
('uzb', 'Uzbek'),
('auz', 'Uzbeki Arabic'),
('eze', 'Uzekwe'),
('vaa', 'Vaagri Booli'),
('vaf', 'Vafsi'),
('bij', 'Vaghat-Ya-Bijim-Legeri'),
('vgr', 'Vaghri'),
('tva', 'Vaghua'),
('vag', 'Vagla'),
('vai', 'Vai'),
('vap', 'Vaiphei'),
('vae', 'Vale'),
('vsv', 'Valencian Sign Language'),
('cvn', 'Valle Nacional Chinantec'),
('vmv', 'Valley Maidu'),
('van', 'Valman'),
('vlp', 'Valpei'),
('mkt', 'Vamale'),
('mlr', 'Vame'),
('xvn', 'Vandalic'),
('mpr', 'Vangunu'),
('vam', 'Vanimo'),
('vnk', 'Vano'),
('vau', 'Vanuma'),
('vao', 'Vao'),
('vah', 'Varhadi-Nagpuri'),
('vrs', 'Varisi'),
('vav', 'Varli'),
('vas', 'Vasavi'),
('vaj', 'Vasekela Bushman'),
('vlr', 'Vatrata'),
('ved', 'Veddah'),
('val', 'Vehes'),
('vel', 'Veluws'),
('vem', 'Vemgo-Mabas'),
('ven', 'Venda'),
('vec', 'Venetian'),
('xve', 'Venetic'),
('vsl', 'Venezuelan Sign Language'),
('bav', 'Vengo'),
('veo', 'Ventureño'),
('tzo', 'Venustiano Carranza Tzotzil'),
('vep', 'Veps'),
('hus', 'Veracruz Huastec'),
('xvs', 'Vestinian'),
('vid', 'Vidunda'),
('vig', 'Viemo'),
('vie', 'Vietnamese'),
('vil', 'Vilela'),
('vif', 'Vili'),
('dyg', 'Villa Viciosa Agta'),
('svc', 'Vincentian Creole English'),
('vnm', 'Vinmavis'),
('vin', 'Vinza'),
('vic', 'Virgin Islands Creole English'),
('vis', 'Vishavan'),
('vit', 'Viti'),
('vto', 'Vitou'),
('vls', 'Vlaams'),
('vgt', 'Vlaamse Gebarentaal'),
('rmy', 'Vlax Romani'),
('vol', 'Volapük'),
('xvo', 'Volscian'),
('kch', 'Vono'),
('vor', 'Voro'),
('vot', 'Votic'),
('vum', 'Vumbu'),
('vnp', 'Vunapu'),
('vun', 'Vunjo'),
('vut', 'Vute'),
('wbi', 'Vwanji'),
('wbm', 'Wa'),
('wag', 'Wa''ema'),
('wwa', 'Waama'),
('wmn', 'Waamwang'),
('ssn', 'Waata'),
('wab', 'Wab'),
('wbb', 'Wabo'),
('kmx', 'Waboda'),
('wci', 'Waci Gbe'),
('wdg', 'Wadaginam'),
('wbq', 'Waddar'),
('kxp', 'Wadiyara Koli'),
('wdj', 'Wadjiginy'),
('wdu', 'Wadjigu'),
('wrx', 'Wae Rana'),
('waj', 'Waffa'),
('wgw', 'Wagawaga'),
('wga', 'Wagaya'),
('wbr', 'Wagdi'),
('waq', 'Wageman'),
('fad', 'Wagi'),
('whu', 'Wahau Kayan'),
('whk', 'Wahau Kenyah'),
('wgi', 'Wahgi'),
('wbk', 'Waigali'),
('wgo', 'Waigeo'),
('wlk', 'Wailaki'),
('wlr', 'Wailapa'),
('rro', 'Waima'),
('wmh', 'Waima''a'),
('bao', 'Waimaha'),
('atr', 'Waimiri-Atroari'),
('wli', 'Waioli'),
('waw', 'Waiwai'),
('wja', 'Waja'),
('wbv', 'Wajarri'),
('wav', 'Waka'),
('wkw', 'Wakawaka'),
('wkd', 'Wakde'),
('wbl', 'Wakhi'),
('waf', 'Wakoná'),
('lgl', 'Wala'),
('wlw', 'Walak'),
('wal', 'Walamo'),
('wlx', 'Wali (Ghana)'),
('wll', 'Wali (Sudan)'),
('wly', 'Waling'),
('wla', 'Walio'),
('waa', 'Walla Walla'),
('wls', 'Wallisian'),
('wln', 'Walloon'),
('wmt', 'Walmajarri'),
('dwl', 'Walo Kumbe Dogon'),
('wae', 'Walser'),
('ola', 'Walungge'),
('wmc', 'Wamas'),
('wmb', 'Wambaya'),
('wms', 'Wambon'),
('wme', 'Wambule'),
('cou', 'Wamey'),
('wmi', 'Wamin'),
('wam', 'Wampanoag'),
('lbq', 'Wampar'),
('waz', 'Wampur'),
('wan', 'Wan'),
('wnb', 'Wanambre'),
('wnp', 'Wanap'),
('nnp', 'Wancho Naga'),
('wbh', 'Wanda'),
('mfi', 'Wandala'),
('wad', 'Wandamen'),
('wnd', 'Wandarang'),
('wdd', 'Wandji'),
('hwa', 'Wané'),
('wne', 'Waneci'),
('lwg', 'Wanga'),
('wyb', 'Wangaaybuwan-Ngiyambaa'),
('wnm', 'Wanggamala'),
('wgg', 'Wangganguru'),
('wng', 'Wanggom'),
('wbt', 'Wanman'),
('jub', 'Wannu'),
('wno', 'Wano'),
('wnc', 'Wantoat'),
('wnk', 'Wanukaka'),
('auc', 'Waorani'),
('juk', 'Wapan'),
('juw', 'Wãpha'),
('wap', 'Wapishana'),
('wao', 'Wappo'),
('aml', 'War-Jaintia'),
('tci', 'Wára'),
('wba', 'Warao'),
('wra', 'Warapu'),
('wrz', 'Waray (Australia)'),
('war', 'Waray (Philippines)'),
('srv', 'Waray Sorsogon'),
('wrr', 'Wardaman'),
('wrd', 'Warduji'),
('wsa', 'Warembori'),
('wai', 'Wares'),
('wrs', 'Waris'),
('wbe', 'Waritai'),
('wri', 'Wariyangga'),
('wji', 'Warji'),
('bgv', 'Warkay-Bipim'),
('wrl', 'Warlmanpa'),
('wbp', 'Warlpiri'),
('wrb', 'Warluwara'),
('wrn', 'Warnang'),
('wrp', 'Waropen'),
('wgy', 'Warrgamay'),
('wwr', 'Warrwa'),
('wru', 'Waru'),
('wrm', 'Warumungu'),
('wrv', 'Waruna'),
('wrg', 'Warungu'),
('wss', 'Wasa'),
('wac', 'Wasco-Wishram'),
('gsp', 'Wasembo'),
('was', 'Washo'),
('wsk', 'Waskia'),
('wsu', 'Wasu'),
('wtk', 'Watakataui'),
('wax', 'Watam'),
('wah', 'Watubela'),
('wau', 'Waurá'),
('wuy', 'Wauyai'),
('www', 'Wawa'),
('wow', 'Wawonii'),
('wxa', 'Waxianghua'),
('oym', 'Wayampi'),
('way', 'Wayana'),
('ctt', 'Wayanad Chetti'),
('wyr', 'Wayoró'),
('vay', 'Wayu'),
('guc', 'Wayuu'),
('wob', 'Wè Northern'),
('gxx', 'Wè Southern'),
('wec', 'Wè Western'),
('wed', 'Wedau'),
('weh', 'Weh'),
('wew', 'Wejewa'),
('weu', 'Welaung'),
('klh', 'Weliki'),
('cym', 'Welsh'),
('rmw', 'Welsh Romani'),
('wem', 'Weme Gbe'),
('wei', 'Were'),
('wer', 'Weri'),
('kvw', 'Wersing'),
('nnd', 'West Ambae'),
('zbw', 'West Berawan'),
('bbp', 'West Central Banda'),
('gaz', 'West Central Oromo'),
('qut', 'West Central Quiché'),
('bdr', 'West Coast Bajau'),
('drn', 'West Damar'),
('kew', 'West Kewa'),
('lmj', 'West Lembata'),
('mqs', 'West Makian'),
('mss', 'West Masela'),
('txn', 'West Tarangan'),
('uve', 'West Uvean'),
('ybe', 'West Yugur'),
('lia', 'West-Central Limba'),
('abe', 'Western Abnaki'),
('awc', 'Western Acipa'),
('apw', 'Western Apache'),
('are', 'Western Arrarnta'),
('bgn', 'Western Balochi'),
('gnw', 'Western Bolivian Guaraní'),
('brv', 'Western Bru'),
('mbb', 'Western Bukidnon Manobo'),
('ckw', 'Western Cakchiquel'),
('ikt', 'Western Canadian Inuktitut'),
('cja', 'Western Cham'),
('dnw', 'Western Dani'),
('pes', 'Western Farsi'),
('wyy', 'Western Fijian'),
('fry', 'Western Frisian'),
('gvr', 'Western Gurung'),
('ctp', 'Western Highland Chatino'),
('pua', 'Western Highland Purepecha'),
('nhw', 'Western Huasteca Nahuatl'),
('jai', 'Western Jacalteco'),
('jmx', 'Western Juxtlahuaca Mixtec'),
('knj', 'Western Kanjobal'),
('kza', 'Western Karaboro'),
('kuf', 'Western Katu'),
('kyu', 'Western Kayah'),
('kjq', 'Western Keres'),
('krw', 'Western Krahn'),
('ywl', 'Western Lalu'),
('lcp', 'Western Lawa'),
('mrd', 'Western Magar'),
('mlq', 'Western Maninkakan'),
('mrj', 'Western Mari'),
('hmw', 'Western Mashan Hmong'),
('raf', 'Western Meohang'),
('mut', 'Western Muria'),
('amw', 'Western Neo-Aramaic'),
('fuh', 'Western Niger Fulfulde'),
('ojw', 'Western Ojibwa'),
('pnb', 'Western Panjabi'),
('kjl', 'Western Parbate Kham'),
('pne', 'Western Penan'),
('pob', 'Western Pokomchí'),
('ssl', 'Western Sisaala'),
('suc', 'Western Subanon'),
('tdg', 'Western Tamang'),
('twb', 'Western Tawbuid'),
('tqt', 'Western Totonac'),
('tnb', 'Western Tunebo'),
('tzt', 'Western Tzutujil'),
('mmr', 'Western Xiangxi Miao'),
('xwl', 'Western Xwla Gbe'),
('yih', 'Western Yiddish'),
('wep', 'Westphalien'),
('wwo', 'Wetamut'),
('wea', 'Wewaw'),
('woy', 'Weyto'),
('giw', 'White Gelao'),
('lwh', 'White Lachi'),
('tnp', 'Whitesands'),
('tua', 'Wiarumus'),
('mzh', 'Wichí Lhamtés Güisnay'),
('mtp', 'Wichí Lhamtés Nocten'),
('wlv', 'Wichí Lhamtés Vejoz'),
('wic', 'Wichita'),
('wie', 'Wik-Epa'),
('wij', 'Wik-Iiyanh'),
('wif', 'Wik-Keyangan'),
('wih', 'Wik-Me''anha'),
('wim', 'Wik-Mungkan'),
('wig', 'Wik-Ngathana'),
('wik', 'Wikalkan'),
('wua', 'Wikngenchera'),
('wil', 'Wilawila'),
('wit', 'Wintu'),
('kst', 'Winyé'),
('gdr', 'Wipi'),
('wrh', 'Wiradhuri'),
('wir', 'Wiraféd'),
('wiw', 'Wirangu'),
('wiu', 'Wiru'),
('wiy', 'Wiyot'),
('xwc', 'Woccon'),
('wog', 'Wogamusin'),
('woc', 'Wogeo'),
('wbw', 'Woi'),
('jod', 'Wojenaka'),
('wle', 'Wolane'),
('wod', 'Wolani'),
('woe', 'Woleaian'),
('wlo', 'Wolio'),
('wol', 'Wolof'),
('wom', 'Wom (Nigeria)'),
('wmo', 'Wom (Papua New Guinea)'),
('won', 'Wongo'),
('cwd', 'Woods Cree'),
('wor', 'Woria'),
('kda', 'Worimi'),
('jud', 'Worodougou'),
('unp', 'Worora'),
('wsv', 'Wotapuri-Katarqalai'),
('wtw', 'Wotu'),
('noa', 'Woun Meu'),
('xwo', 'Written Oirat'),
('wuu', 'Wu Chinese'),
('ywq', 'Wuding-Luquan Yi'),
('wud', 'Wudu'),
('wlu', 'Wuliwuli'),
('wux', 'Wulna'),
('bqm', 'Wumboko'),
('wum', 'Wumbvu'),
('ywu', 'Wumeng Nasu'),
('bwn', 'Wunai Bunu'),
('wub', 'Wunambal'),
('wur', 'Wurrugu'),
('yig', 'Wusa Nasu'),
('bse', 'Wushi'),
('wsi', 'Wusi'),
('wut', 'Wutung'),
('wuh', 'Wutunhua'),
('wuv', 'Wuvulu-Aua'),
('udl', 'Wuzlam'),
('wya', 'Wyandot'),
('wym', 'Wymysorys'),
('kao', 'Xaasongaxango'),
('zax', 'Xadani Zapotec'),
('xkr', 'Xakriabá'),
('xan', 'Xamtanga'),
('ztg', 'Xanaguía Zapotec'),
('ane', 'Xârâcùù'),
('axx', 'Xaragure'),
('xav', 'Xavánte'),
('xer', 'Xerénte'),
('xet', 'Xetá'),
('xho', 'Xhosa'),
('xia', 'Xiandao'),
('hsn', 'Xiang Chinese'),
('sjo', 'Xibe'),
('too', 'Xicotepec De Juárez Totonac'),
('xin', 'Xinca'),
('asn', 'Xingú Asuriní'),
('xiy', 'Xipaya'),
('xip', 'Xipináwa'),
('xii', 'Xiri'),
('xir', 'Xiriâna'),
('ywt', 'Xishanba Lalo'),
('xok', 'Xokleng'),
('xoo', 'Xukurú'),
('xwe', 'Xwela Gbe'),
('muu', 'Yaaku'),
('ybn', 'Yabaâna'),
('yar', 'Yabarana'),
('jae', 'Yabem'),
('ybm', 'Yaben'),
('ybo', 'Yabong'),
('ekr', 'Yace'),
('rys', 'Yaeyama'),
('wfg', 'Yafi'),
('ygr', 'Yagaria'),
('yai', 'Yagnobi'),
('ygm', 'Yagomi');
INSERT INTO `language` (`iso`, `name`) VALUES
('yad', 'Yagua'),
('ygw', 'Yagwoia'),
('ner', 'Yahadian'),
('rhp', 'Yahang'),
('ynu', 'Yahuna'),
('axk', 'Yaka (Central African Republic)'),
('iyx', 'Yaka (Congo)'),
('yaf', 'Yaka (Democratic Republic of Congo)'),
('ykk', 'Yakaikeke'),
('ykm', 'Yakamul'),
('yka', 'Yakan'),
('ybh', 'Yakha'),
('yak', 'Yakima'),
('yky', 'Yakoma'),
('sah', 'Yakut'),
('yba', 'Yala'),
('jal', 'Yalahatan'),
('xyl', 'Yalakalore'),
('zpu', 'Yalálag Zapotec'),
('ylr', 'Yalarnnga'),
('nce', 'Yale'),
('yal', 'Yalunka'),
('yag', 'Yámana'),
('ymp', 'Yamap'),
('yam', 'Yamba'),
('ymb', 'Yambes'),
('yat', 'Yambeta'),
('jmd', 'Yamdena'),
('yme', 'Yameo'),
('tao', 'Yami'),
('yaa', 'Yaminahua'),
('ymn', 'Yamna'),
('ymg', 'Yamongeri'),
('yma', 'Yamphe'),
('ybi', 'Yamphu'),
('jay', 'Yan-nhangu'),
('ynn', 'Yana'),
('qur', 'Yanahuanca Pasco Quechua'),
('dym', 'Yanda Dom Dogon'),
('ynd', 'Yandruwandha'),
('ame', 'Yanesha'''),
('zyg', 'Yang Zhuang'),
('yav', 'Yangben'),
('ybd', 'Yangbye'),
('ynh', 'Yangho'),
('bsx', 'Yangkam'),
('jng', 'Yangman'),
('yng', 'Yango'),
('ynl', 'Yangulam'),
('yde', 'Yangum Dey'),
('ygl', 'Yangum Gel'),
('ymo', 'Yangum Mon'),
('kdd', 'Yankunytjatjara'),
('wca', 'Yanomámi'),
('guu', 'Yanomamö'),
('yns', 'Yansi'),
('jao', 'Yanyuwa'),
('yao', 'Yao'),
('asy', 'Yaosakor Asmat'),
('yre', 'Yaouré'),
('yap', 'Yapese'),
('yev', 'Yapunda'),
('jaq', 'Yaqay'),
('yaq', 'Yaqui'),
('yrw', 'Yarawata'),
('yrb', 'Yareba'),
('zae', 'Yareni Zapotec'),
('yri', 'Yarí'),
('yrs', 'Yarsun'),
('yko', 'Yasa'),
('ysc', 'Yassic'),
('zty', 'Yatee Zapotec'),
('zav', 'Yatzachi Zapotec'),
('yuw', 'Yau (Morobe Province)'),
('yyu', 'Yau (Sandaun Province)'),
('yla', 'Yaul'),
('yax', 'Yauma'),
('jau', 'Yaur'),
('zpb', 'Yautepec Zapotec'),
('qux', 'Yauyos Quechua'),
('yvt', 'Yavitero'),
('yva', 'Yawa'),
('yaw', 'Yawalapití'),
('ywn', 'Yawanawa'),
('yww', 'Yawarawarga'),
('yby', 'Yaweyuha'),
('ybx', 'Yawiyo'),
('ywr', 'Yawuru'),
('yah', 'Yazgulyam'),
('tlc', 'Yecuatla Totonac'),
('jei', 'Yei'),
('ets', 'Yekhee'),
('ykr', 'Yekora'),
('yel', 'Yela'),
('yle', 'Yele'),
('jel', 'Yelmek'),
('ylg', 'Yelogu'),
('ybb', 'Yemba'),
('jnj', 'Yemsa'),
('yen', 'Yendang'),
('yei', 'Yeni'),
('yec', 'Yeniche'),
('cbm', 'Yepocapa Southwestern Cakchiquel'),
('yra', 'Yerakai'),
('gop', 'Yeretuar'),
('yrn', 'Yerong'),
('yeu', 'Yerukula'),
('yes', 'Yeskwa'),
('yss', 'Yessan-Mayo'),
('yet', 'Yetfa'),
('yej', 'Yevanic'),
('yey', 'Yeyi'),
('yid', 'Yiddish'),
('yds', 'Yiddish Sign Language'),
('ydg', 'Yidgha'),
('yii', 'Yidiny'),
('yll', 'Yil'),
('yee', 'Yimas'),
('yim', 'Yimchungru Naga'),
('kvu', 'Yinbaw Karen'),
('yin', 'Yinchia'),
('yij', 'Yindjibarndi'),
('yil', 'Yindjilandji'),
('pib', 'Yine'),
('yia', 'Yinggarda'),
('kvy', 'Yintale Karen'),
('yiy', 'Yir Yoront'),
('yis', 'Yis'),
('gek', 'Yiwom'),
('yob', 'Yoba'),
('gud', 'Yocoboué Dida'),
('yog', 'Yogad'),
('ydk', 'Yoidik'),
('yki', 'Yoke'),
('yok', 'Yokuts'),
('xty', 'Yoloxochitl Mixtec'),
('pil', 'Yom'),
('yom', 'Yombe'),
('yoi', 'Yonaguni'),
('yno', 'Yong'),
('zyb', 'Yongbei Zhuang'),
('yon', 'Yonggom'),
('zyn', 'Yongnan Zhuang'),
('yut', 'Yopno'),
('mts', 'Yora'),
('yox', 'Yoron'),
('yor', 'Yoruba'),
('yos', 'Yos'),
('mpm', 'Yosondúa Mixtec'),
('zyj', 'Youjiang Zhuang'),
('jiu', 'Youle Jinuo'),
('buh', 'Younuo Bunu'),
('yoy', 'Yoy'),
('nua', 'Yuaga'),
('yua', 'Yucatán Maya'),
('msd', 'Yucatec Maya Sign Language'),
('yuc', 'Yuchi'),
('mvg', 'Yucuañe Mixtec'),
('ycn', 'Yucuna'),
('yue', 'Yue Chinese'),
('yug', 'Yug'),
('yub', 'Yugambal'),
('yuu', 'Yugh'),
('ysl', 'Yugoslavian Sign Language'),
('yab', 'Yuhup'),
('yuk', 'Yuki'),
('yup', 'Yukpa'),
('ybl', 'Yukuben'),
('yul', 'Yulu'),
('yuq', 'Yuqui'),
('yuz', 'Yuracare'),
('yur', 'Yurok'),
('yui', 'Yurutí'),
('mab', 'Yutanduchi Mixtec'),
('yau', 'Yuwana'),
('ztx', 'Zaachila Zapotec'),
('kji', 'Zabana'),
('ctz', 'Zacatepec Chatino'),
('nhi', 'Zacatlán-Ahuacatlán-Tepetzintla Nahuatl'),
('zag', 'Zaghawa'),
('atb', 'Zaiwa'),
('zkr', 'Zakhring'),
('zsl', 'Zambian Sign Language'),
('zna', 'Zan Gula'),
('zak', 'Zanaki'),
('zne', 'Zande (individual language)'),
('zau', 'Zangskari'),
('zah', 'Zangwal'),
('zpw', 'Zaniza Zapotec'),
('zro', 'Záparo'),
('zap', 'Zapotec'),
('zaj', 'Zaramo'),
('zaz', 'Zari'),
('dje', 'Zarma'),
('zrp', 'Zarphatic'),
('zal', 'Zauzou'),
('zwa', 'Zay'),
('kxk', 'Zayein Karen'),
('zay', 'Zayse-Zergulla'),
('zza', 'Zaza'),
('jaj', 'Zazao'),
('zua', 'Zeem'),
('zea', 'Zeeuws'),
('dhm', 'Zemba'),
('nzm', 'Zeme Naga'),
('xzm', 'Zemgalian'),
('zeg', 'Zenag'),
('zen', 'Zenaga'),
('czn', 'Zenzontepec Chatino'),
('zhb', 'Zhaba'),
('xzh', 'Zhang-Zhung'),
('zhi', 'Zhire'),
('zhw', 'Zhoa'),
('zha', 'Zhuang'),
('zia', 'Zia'),
('ziw', 'Zigula'),
('zik', 'Zimakani'),
('zmb', 'Zimba'),
('zib', 'Zimbabwe Sign Language'),
('tzz', 'Zinacantán Tzotzil'),
('zin', 'Zinza'),
('sih', 'Zire'),
('zrn', 'Zirenkel'),
('zir', 'Ziriya'),
('ziz', 'Zizilivakan'),
('pto', 'Zo''é'),
('yzk', 'Zokhuo'),
('zpq', 'Zoogocho Zapotec'),
('gbz', 'Zoroastrian Dari'),
('czt', 'Zotung Chin'),
('zom', 'Zou'),
('gnd', 'Zulgo-Gemzek'),
('zul', 'Zulu'),
('zuy', 'Zumaya'),
('jmb', 'Zumbun'),
('zun', 'Zuni'),
('zzj', 'Zuojiang Zhuang'),
('zyp', 'Zyphe');

-- --------------------------------------------------------

--
-- Table structure for table `reference`
--

CREATE TABLE IF NOT EXISTS `reference` (
  `id` int(10) unsigned NOT NULL AUTO_INCREMENT,
  `authors` varchar(255) DEFAULT NULL COMMENT 'Complete author string',
  `year` varchar(25) DEFAULT NULL COMMENT 'Year(s) of publication',
  `title` varchar(255) DEFAULT NULL COMMENT 'Title of the publication',
  `text` text COMMENT 'Additional information pertaining to the publication',
  `uri_id` int(10) unsigned DEFAULT NULL COMMENT 'Link to downloadable version',
  PRIMARY KEY (`id`),
  KEY `authors` (`authors`),
  KEY `year` (`year`),
  KEY `uri_id` (`uri_id`)
) ENGINE=InnoDB  DEFAULT CHARSET=utf8 COMMENT='References used for taxa, common names and synonyms' AUTO_INCREMENT=2146743 ;

--
-- Dumping data for table `reference`
--

INSERT INTO `reference` (`id`, `authors`, `year`, `title`, `text`, `uri_id`) VALUES
(43347, 'Kozarzhevskaya, E.F.', '1986', 'Scale insects (Homoptera, Coccoidea) of ornamental plants of the European part of the USSR and some neighboring countries.', 'Entomologicheskoe Obozrenye', NULL),
(43356, 'Kozarzhevskaya, E. & Reitzel, J.', '1975', 'The scale insects (Homoptera: Coccoidea) of Denmark.', 'Statens Forsogsvirksomhed i Plantekultur Beretning. Copenhagen', NULL),
(43448, 'Kozár, F. & Walter, J.', '1985', 'Check-list of the Palaearctic Coccoidea (Homoptera).', 'Folia Entomologica Hungarica', NULL),
(43578, 'Köhler, G.', '1998', 'Eriococcidae.', NULL, NULL),
(43826, 'Lindroth, C.H.', '1931', '[The island insect fauna and their problems.]  Die insektenfauna Islands und ihre probleme.', 'Sonderabdruck aus Zoologiska bidrag fran Uppsala', NULL),
(43896, 'Lindinger, L.', '1933', 'Beiträge zur Kenntnis der Schildläuse (Hemipt. - Homopt., Coccid.).', 'Entomologischer Anzeiger', NULL),
(43909, 'Lindinger, L.', '1936', 'Neue Beiträge zur Kenntnis der Schildläuse (Coccidae).', 'Entomologisches Jahrbuch', NULL),
(45383, 'Ossiannilsson, F.', '1955', 'Hemiptera.  3. Coccina, Aleyrodina and Psyllina.', 'Zoology of Iceland', NULL),
(49783, 'Danzig, E.M.', '1968', 'Contribution to the fauna and biology of scale insects and white-flies (Homoptera, Coccoidea, Aleyrodoidea) from northern Karelia.', 'Entomologicheskoe Obozrenye', NULL),
(50730, 'Foldi, I.', '2001', '[List of scale insects of France (Hemiptera, Coccoidea).] Liste des cochenilles de France (Hemiptera, Coccoidea).', 'Bulletin de la Société Entomologique de France', NULL),
(51205, 'Goux, L.', '1935', 'Notes sur les coccides [Hem.] de la France. (11e note). Dix espèces nouvelles pour la France et remarques sur le genre {Antonina} Sign.', 'Bulletin de la Société Entomologique de France', NULL),
(51217, 'Goux, L.', '1989', 'Contribution à l''étude des {Peliococcus} de la faune française. II. Description de quatre espèces nouvelles (Homoptera, Pseudococcidae).', 'Nouvelle Revue d''Entomologie', NULL),
(51241, 'Goux, L.', '1940', 'Remarques sur le genre {Ripersia} Sign.  Et description d''une {Ripersia} et d''un {Eriococcus} nouveaux (Hem. Coccidae).  (Notes sur les coccides de la France 28e note).', 'Bulletin de la Société d''Histoire Naturelle de l''Afrique du Nord', NULL),
(51254, 'Goux, L.', '1948', 'Les caractères spécifiques chez les {Eriococcus} et la signification des microfilières tubulaires (notes sur les coccides (Hem. Coccoidea) de la France (39me note).)', 'Bulletin de la Société Linnéenne de Provence', NULL),
(51426, 'Green, E.E.', '1931', 'Notes on some Coccidae from Iceland.', 'Entomologisk Tidskrift. Stockholm', NULL),
(52132, 'Hoy, J.M.', '1963', 'A catalogue of the Eriococcidae (Homoptera: Coccoidea) of the world.', 'New Zealand Department of Scientific and Industrial Research Bulletin', NULL),
(52337, 'Jancke, G.D.', '1955', 'Zur Morphologie der männlichen Cocciden.', 'Zeitschrift für Angewandte Entomologie', NULL),
(52834, 'FAO', '2004', 'The ASFIS list of species for fishery statistics purposes', 'FAO', NULL),
(52836, NULL, '2004', 'Vernacular names in the Integrated Taxonomic Information System', 'ITIS', NULL),
(130860, 'Turgeon, D. D., J. F. Quinn, Jr., A. E. Bogan, E. V. Coan, F. G. Hochberg, W. G. Lyons, et al.', '1998', 'American Fisheries Society Special Publication 26', 'Common and scientific names of aquatic invertebrates from the United States and Canada:  Mollusks, 2nd ed.526 p.', NULL),
(130983, NULL, '1996', 'database, ver. 1.0', 'American Malacological Society, 1989', NULL),
(131042, NULL, '1996', 'database, ver. 8.0', 'NODC Taxonomic Code', NULL),
(1101695, 'HAYASHI Masao & MAKIHARA Hiroshi', '1981', 'The Cerambycidae (Coleoptera) of Nepal collected by the Kyushu University Scientific Expedition', 'Esakia (17): 183-200, 34 figs.', NULL),
(1278822, 'Bitter', '1911', 'Bot. Jahrb. Syst. 45(5).', '619, f.12', NULL),
(1295427, 'Kuntze', '1898', 'Revis. gen. pl. 3(2).', '77', NULL),
(1295428, 'Kuntze', '1898', 'Revis. gen. pl. 3(2).', '77', NULL),
(1295429, 'Kuntze', '1898', 'Revis. gen. pl. 3(2).', '77', NULL),
(1295432, 'Kuntze', '1898', 'Revis. gen. pl. 3(2).', '77', NULL),
(1295433, 'Kuntze', '1898', 'Revis. gen. pl. 3(2).', '77', NULL),
(1295434, 'Kuntze', '1898', 'Revis. gen. pl. 3(2).', '77', NULL),
(1295435, 'Kuntze', '1898', 'Revis. gen. pl. 3(2).', '77', NULL),
(1295436, 'Kuntze', '1898', 'Revis. gen. pl. 3(2).', '77', NULL),
(1295437, 'Kuntze', '1898', 'Revis. gen. pl. 3(2).', '77', NULL),
(1302691, 'Pall.', '1788', 'Fl. ross. 1(2).', '62, t.75', NULL),
(1303283, 'Pilg.', '1906', 'Bot. Jahrb. Syst. 37(5).', '534', NULL),
(1307354, 'Ruiz & Pav.', '1798', 'Syst. veg. fl. peruv. chil..', '139', NULL),
(1316108, 'Wedd.', '1861', 'Chlor. andina 2(15).', '238', NULL),
(2078498, 'Ungricht, Stefan, Andreas Müller, and Silvia Dorn', '2008', 'A taxonomic catalogue of the Palaearctic bees of t', 'Zootaxa, issue 1865', NULL),
(2078553, 'John Ascher, Connal Eardley, Terry Griswold, Gabriel Melo, Andrew Polaszek, Michael Ruggiero, Paul Williams, Ken Walker, and Natapot Warrit', '2008', NULL, 'World Bee Checklist Project', NULL),
(2105776, 'Alegre, M., J. Lleonart and J. Veny', '1992', 'Espècies pesqueres d''interès comercial. Nomenclatura oficial catalana.', 'Departament de Cultura, Generalitat Catalunya, Barcelona, Spain.', NULL),
(2106703, 'Anonymous', '1999', 'Systematic list of Estonian fishes.', 'World Wide Web Electronic Publication, 14 January 2000.', NULL),
(2108483, 'Bauchot, M.-L.', '1987', 'Poissons osseux.', 'p. 891-1421. In W. Fischer, M.L. Bauchot and M. Schneider (eds.) Fiches FAO d''identification pour les besoins de la pêche. (rev. 1). Méditerranée et mer Noire. Zone de pêche 37. Vol. II. Commission des Communautés Européennes and FAO, Rome.', NULL),
(2108663, 'Brehm, A.E.', '1900', 'Brehms Tierleben. Allgemeine Kunde des Tierreichs. Achter Band. Die Fische.', 'Bibliographisches Institut, Leipzig und Wien, 517 p.', NULL),
(2108928, 'Berg, L.S.', '1965', 'Freshwater fishes of the U.S.S.R. and adjacent countries. volume 3, 4th edition.', 'Israel Program for Scientific Translations Ltd, Jerusalem. (Russian version published 1949).', NULL),
(2109493, 'Blazek, V., J. Celadín and M. Betákova', '2004', 'Old Prussian fish-names.', 'Baltistica 39(1): 107-125.', NULL),
(2110535, 'Bruce, J.R., J.S. Colman and N.S. Jones', '1963', 'Marine fauna of the Isle of Man.', 'Memoir No. 36. Liverpool University Press, Liverpool.', NULL),
(2111151, 'Carl, H.', '2003', 'Danish fish names.', 'Zoological Museum of Copenhagen. Unpublished.', NULL),
(2111862, 'Chinese Academy of Fishery Sciences', '2003', 'Chinese aquatic germplasm resources database.', 'http://zzzy.fishinfo.cn', NULL),
(2112714, 'Coad, B.W. and J.D. Reist', '2004', 'Annotated list of the arctic marine fishes of Canada.', 'Can. MS Rep. Fish Aquat. Sci. 2674:iv:+112 p.', NULL),
(2112777, 'Cohen, D.M., T. Inada, T. Iwamoto and N. Scialabba', '1990', 'FAO species catalogue. Vol. 10. Gadiform fishes of the world (Order Gadiformes). An annotated and illustrated catalogue of cods, hakes, grenadiers and other gadiform fishes known to date.', 'FAO Fish. Synop. 10 (125). 442 p.', NULL),
(2115086, 'Dunbar, M.J. and H.H. Hildebrand', '1952', 'Contribution to the study of fishes of Ungava Bay.', 'J. Fish. Res. Board Can. 9(2):83-128.', NULL),
(2115297, 'Dorel, D.', '1986', 'Poissons de l''Atlantique nord-est relations taille-poids.', 'Institut Francais de Recherche pour l''Exploitation de la Mer.  Nantes, France. 165 p.', NULL),
(2115972, 'Felter, H.W. and J.U. Lloyd', '1898', 'Oleum morrhuae (U. S. P.) -  Cod liver oil.', 'In: H.W. Felter and J.U. Lloyd King''s American Dispensatory. 18th edit., 3rd rev. Scanned version. 6 p.', NULL),
(2116290, 'Eythorsson, E.', '1993', 'Sami fjord fishermen and the state: traditional knowledge and resource management in Northern Norway.', 'p. 133-142. In J.T. Inglis (ed.) Concepts and Cases, Traditional Ecological Knowledge. International Program on Traditional Ecological Knowledge, Ottawa, Ontario, Canada and International Development Research Center, Ottawa, Canada, 142 p.', NULL),
(2116321, 'Fabricius, O.', '1780', 'Fauna groenlandica.', 'Hafniae and Lipsiae. 452 p.', NULL),
(2116454, 'FAO-FIES', '2008', 'Aquatic Sciences and Fisheries Information System (ASFIS) species list.', 'Retrieved from http://www.fao.org/fishery/collection/asfis, 29 April 2008.', NULL),
(2119405, 'Grabda, E. and T. Heese', '1991', 'Polskie nazewnictwo popularne kraglouste i ryby. Cyclostomata et Pisces.', 'Wyzsza Szkola Inzynierska w Koszalinie. Koszalin, Poland. 171 p. (in Polish)', NULL),
(2120253, 'Hanel, L. and J. Novák', '2002', 'Ceské názvy zivocichu V. Ryby a ryboviti obratlovci (Pisces) 3., maloústí (Gonorhynchiformes) - máloostní (Cypriniformes).', 'Národní muzeum (zoologické oddelení), Praha.', NULL),
(2120485, 'Hardy, J.D.', '1993', 'NODC taxonomic code links biology and computerized data processing.', 'Earth System Monitor 4(2):1-2.', NULL),
(2122058, 'Jensen, A.S.', '1925', 'On the fishery of the Greenlanders.', 'Medd. Komm. For Havsundersøgelser. Serie Fiskeri 7:1-39.', NULL),
(2122060, 'Jensen, A.S.', '1948', 'Contributions to the ichthyofauna of Greenland, 8-24.', 'Skrifter udgivet af Universitetets zoologiske Museum København. IX. Pp. 1-182.', NULL),
(2122840, 'Jackowski, E.', '2001', 'Nazewnictwo ryb. Mag. Przem. Ryb. Gdynia.', 'to be filled. ISSN 1428-362X.', NULL),
(2123440, 'Jonsson, G.', '1992', 'Islenskir fiskar.', 'Fiolvi, Reykjavik, 568 pp.', NULL),
(2124473, 'Koli, L.', '1990', 'Suomen kalat. [Fishes of Finland]', 'Werner Söderström Osakeyhtiö. Helsinki. 357 p. (in Finnish).', NULL),
(2125101, 'Kotlyar, A.N.', '1984', 'Dictionary of names of marine fishes on the six languages.', 'All Union Research Institute of Marine Fisheries and Oceanography, Moscow. 288 p.', NULL),
(2126894, 'Lévêque, C. and J. Daget', '1984', 'Cyprinidae.', 'p. 217-342. In J. Daget, J.-P. Gosse and D.F.E. Thys van den Audenaerde (eds.) Check-list of the freshwater fishes of Africa (CLOFFA). ORSTOM, Paris and MRAC, Tervuren. Vol. 1.', NULL),
(2129160, 'McAllister, D.E., V. Legendre and J.G. Hunter', '1987', 'Liste de noms inuktitut (esquimaux), français, anglais et scientifiques des poissons marins du Canada arctique.', 'Rapp. Manus. Can. Sci. Halieut. Aquat, 1932,106 p.', NULL),
(2129529, 'Mouritsen, R.', '2004', 'Fiskanøvn.', 'www.frs.fo/frame2.htm', NULL),
(2131524, 'Muus, B., F. Salomonsen and C. Vibe', '1990', 'Grønlands fauna (Fisk, Fugle, Pattedyr).', 'Gyldendalske Boghandel, Nordisk Forlag A/S København, 464 p. (in Danish).', NULL),
(2131829, 'Nelson, J.S., E.J. Crossman, H. Espinosa-Pérez, L.T. Findley, C.R. Gilbert, R.N. Lea and J.D. Williams', '2004', 'Common and scientific names of fishes from the United States, Canada, and Mexico.', 'American Fisheries Society, Special Publication 29, Bethesda, Maryland.', NULL),
(2132040, 'Negedly, R. (comp.)', '1990', 'Elsevier''s dictionary of fishery, processing, fish and shellfish names of the world.', 'Elsevier Science Publishers, Amsterdam, The Netherlands. 623 p.', NULL),
(2132408, 'Nielsen, J.G. and E. Bertelsen', '1992', 'Fisk i grønlandske farvande.', 'Atuakkiorfik, Nuuk. 65 s.', NULL),
(2133608, 'Organisation for Economic Co-operation and Development', '1990', 'Multilingual dictionary of fish and fish products.', 'Fishing News Books, Oxford.', NULL),
(2137127, 'Randolph, S. and M. Snyder', '1993', 'The seafood list: FDA''s guide to acceptable market names for seafood sold in interstate commerce.', 'U.S. Government Printing Office, Washington, USA. pag. var.', NULL),
(2137499, 'Reshetnikov, Y.S., N.G. Bogutskaya, E.D. Vasil''eva, E.A. Dorofeeva, A.M. Naseka, O.A. Popova, K.A. Savvaitova, V.G. Sideleva and L.I. Sokolov', '1997', 'An annotated check-list of the freshwater fishes of Russia.', 'J. Ichthyol. 37(9):687-736.', NULL),
(2137582, 'Ricker, W.E.', '1973', 'Russian-English dictionary for students of fisheries and aquatic biology.', 'Fisheries Research Board of Canada, Ottawa.', NULL),
(2137870, 'Sanches, J.G.', '1989', 'Nomenclatura Portuguesa de organismos aquáticos (proposta para normalizaçao estatística).', 'Publicaçoes avulsas do I.N.I.P. No. 14. 322 p.', NULL),
(2139508, 'Schultz-Lorentzen, X.', '1927', 'Dictionary of the West Greenland Eskimo language.', 'Medd. Om Grønland 69:1-303.', NULL),
(2139604, 'Seafood Services Australia', '2004', 'Austalian Fish Names List', 'http://www.seafoodservices.com.au/, version 16 September 2003.', NULL),
(2140969, 'Smith, L.R.', '1978', 'A survey of the derivational postbases of Labrador Inuktitut (Eskimo).', 'National Museum of Man Mercury Series, Canadian Ethnology Service Paper, Ottawa (45):1-128.', NULL),
(2141058, 'Story, G.M., W.J. Kirwin and J.D.A. Widdowson', '1990', 'Dictionary of Newfoundland English. 2nd Edition.', 'University of Toronto Press, Toronto. 770 p.', NULL),
(2141771, 'Stancioiu, S.', '1987', 'Ihtiologie sistematica.', 'MEI-Universitatea din  Galati, Atelierul de multiplicare-legatorie, Cda. Nr. 1785/3,03,86.', NULL),
(2142214, 'Stresemann, E.', '1974', 'Exkursionsfauna für die Gebiete der DDR und der BRD. Band 3, Wirbeltiere.', 'Volk und Wissen, Volkseigener Verlag, Berlin. 370 p.', NULL),
(2145567, 'Weber, W. and R. Froese', '1993', 'Synopsis of biological data on cod <i>Gadus morhua</i> L. in the Baltic Sea using the FishBase data format.', 'ICES C.M. 1993/J:29. International Council for the Exploration of the Sea, Copenhagen.', NULL),
(2146742, 'Wu, H.L., K.-T. Shao and C.F. Lai (eds.)', '1999', 'Latin-Chinese dictionary of fishes names.', 'The Sueichan Press, Taiwan.', NULL);

-- --------------------------------------------------------

--
-- Table structure for table `reference_to_common_name`
--

CREATE TABLE IF NOT EXISTS `reference_to_common_name` (
  `reference_id` int(10) unsigned NOT NULL,
  `common_name_id` int(10) unsigned NOT NULL,
  PRIMARY KEY (`reference_id`,`common_name_id`),
  KEY `common_name_id` (`common_name_id`)
) ENGINE=InnoDB DEFAULT CHARSET=utf8 COMMENT='Links references to common names';

--
-- Dumping data for table `reference_to_common_name`
--

INSERT INTO `reference_to_common_name` (`reference_id`, `common_name_id`) VALUES
(52834, 119999),
(52836, 120019),
(130860, 394727),
(130983, 394727),
(131042, 394727),
(2137582, 2026470),
(2146742, 2026471),
(2111862, 2026472),
(2133608, 2026473),
(2133608, 2026474),
(2132408, 2026475),
(2133608, 2026476),
(2133608, 2026477),
(2139604, 2026478),
(2129160, 2026479),
(2108928, 2026480),
(2137499, 2026481),
(2116454, 2026482),
(2131829, 2026483),
(2108483, 2026492),
(2137870, 2026493),
(2105776, 2026494),
(2133608, 2026495),
(2133608, 2026496),
(2133608, 2026497),
(2141058, 2026498),
(2141058, 2026499),
(2141058, 2026500),
(2108483, 2026501),
(2108483, 2026502),
(2141058, 2026503),
(2141058, 2026504),
(2129529, 2026505),
(2141058, 2026506),
(2129529, 2026507),
(2133608, 2026508),
(2141058, 2026509),
(2141058, 2026510),
(2141058, 2026511),
(2129529, 2026512),
(2110535, 2026513),
(2129529, 2026514),
(2129529, 2026515),
(2133608, 2026516),
(2133608, 2026517),
(2141058, 2026518),
(2141058, 2026519),
(2133608, 2026520),
(2141058, 2026521),
(2129529, 2026522),
(2141058, 2026523),
(2116290, 2026524),
(2125101, 2026525),
(2141058, 2026526),
(2141058, 2026527),
(2112777, 2026528),
(2106703, 2026529),
(2110535, 2026530),
(2137127, 2026531),
(2141771, 2026532),
(2141058, 2026533),
(2141058, 2026534),
(2141058, 2026535),
(2133608, 2026536),
(2125101, 2026537),
(2141058, 2026538),
(2141058, 2026539),
(2133608, 2026540),
(2133608, 2026541),
(2141058, 2026542),
(2142214, 2026543),
(2145567, 2026544),
(2119405, 2026545),
(2119405, 2026546),
(2122840, 2026547),
(2119405, 2026548),
(2141058, 2026549),
(2141058, 2026550),
(2141058, 2026551),
(2141058, 2026552),
(2141058, 2026553),
(2141058, 2026554),
(2133608, 2026555),
(2141058, 2026556),
(2129529, 2026557),
(2133608, 2026558),
(2133608, 2026559),
(2133608, 2026560),
(2141058, 2026561),
(2133608, 2026562),
(2133608, 2026563),
(2133608, 2026564),
(2133608, 2026565),
(2133608, 2026566),
(2129529, 2026567),
(2129529, 2026568),
(2141058, 2026569),
(2141058, 2026570),
(2133608, 2026571),
(2133608, 2026572),
(2141058, 2026573),
(2133608, 2026574),
(2133608, 2026575),
(2108483, 2026576),
(2133608, 2026577),
(2133608, 2026578),
(2133608, 2026579),
(2129529, 2026580),
(2129529, 2026581),
(2141058, 2026582),
(2141058, 2026583),
(2129529, 2026584),
(2129529, 2026585),
(2133608, 2026586),
(2133608, 2026587),
(2141058, 2026588),
(2141058, 2026589),
(2133608, 2026590),
(2141058, 2026591),
(2133608, 2026592),
(2129529, 2026593),
(2141058, 2026594),
(2141058, 2026595),
(2141058, 2026596),
(2141058, 2026597),
(2129529, 2026598),
(2133608, 2026599),
(2129529, 2026600),
(2141058, 2026601),
(2141058, 2026602),
(2141058, 2026603),
(2141058, 2026604),
(2112777, 2026605),
(2112777, 2026606),
(2122058, 2026607),
(2133608, 2026608),
(2133608, 2026609),
(2133608, 2026610),
(2120485, 2026611),
(2133608, 2026612),
(2133608, 2026613),
(2133608, 2026614),
(2133608, 2026615),
(2133608, 2026616),
(2133608, 2026617),
(2133608, 2026618),
(2133608, 2026619),
(2133608, 2026620),
(2133608, 2026621),
(2141058, 2026622),
(2141058, 2026623),
(2129529, 2026624),
(2129529, 2026625),
(2141058, 2026626),
(2141058, 2026627),
(2133608, 2026628),
(2141058, 2026629),
(2141058, 2026630),
(2133608, 2026631),
(2133608, 2026632),
(2133608, 2026633),
(2129529, 2026634),
(2108483, 2026635),
(2141058, 2026636),
(2145567, 2026637),
(2141058, 2026638),
(2108483, 2026639),
(2129529, 2026640),
(2132040, 2026641),
(2115297, 2026642),
(2116454, 2026643),
(2131829, 2026644),
(2129160, 2026645),
(2125101, 2026646),
(2141058, 2026647),
(2141058, 2026648),
(2129529, 2026649),
(2141058, 2026650),
(2141058, 2026651),
(2115086, 2026652),
(2129160, 2026652),
(2141058, 2026654),
(2112714, 2026655),
(2115086, 2026655),
(2141058, 2026657),
(2133608, 2026658),
(2141058, 2026659),
(2122840, 2026660),
(2141058, 2026661),
(2141058, 2026662),
(2129529, 2026663),
(2141058, 2026664),
(2141058, 2026665),
(2129529, 2026666),
(2129529, 2026667),
(2141058, 2026668),
(2131524, 2026669),
(2141058, 2026670),
(2141058, 2026671),
(2133608, 2026672),
(2133608, 2026673),
(2133608, 2026674),
(2116321, 2026675),
(2116321, 2026676),
(2139508, 2026677),
(2122058, 2026678),
(2122060, 2026679),
(2141058, 2026680),
(2141058, 2026681),
(2141058, 2026682),
(2141058, 2026683),
(2141058, 2026684),
(2141058, 2026685),
(2141058, 2026686),
(2141058, 2026687),
(2141058, 2026688),
(2141058, 2026689),
(2141058, 2026690),
(2141058, 2026691),
(2141058, 2026692),
(2129529, 2026693),
(2129529, 2026694),
(2112777, 2026695),
(2129529, 2026696),
(2141058, 2026697),
(2129529, 2026698),
(2141058, 2026699),
(2141058, 2026700),
(2141058, 2026701),
(2141058, 2026702),
(2141058, 2026703),
(2141058, 2026704),
(2141058, 2026705),
(2141058, 2026706),
(2133608, 2026707),
(2133608, 2026708),
(2133608, 2026709),
(2133608, 2026710),
(2133608, 2026711),
(2133608, 2026712),
(2141058, 2026713),
(2133608, 2026714),
(2133608, 2026715),
(2129529, 2026716),
(2129529, 2026717),
(2141058, 2026718),
(2141058, 2026719),
(2141058, 2026720),
(2141058, 2026721),
(2109493, 2026722),
(2141058, 2026723),
(2108483, 2026724),
(2116290, 2026725),
(2129529, 2026726),
(2141058, 2026727),
(2123440, 2026728),
(2141058, 2026729),
(2129529, 2026730),
(2133608, 2026731),
(2108483, 2026732),
(2112777, 2026732),
(2129529, 2026735),
(2141058, 2026736),
(2141058, 2026737),
(2112777, 2026738),
(2124473, 2026739),
(2129529, 2026740),
(2129160, 2026741),
(2108483, 2026742),
(2133608, 2026743),
(2133608, 2026744),
(2140969, 2026745),
(2129529, 2026746),
(2133608, 2026747),
(2133608, 2026748),
(2116290, 2026749),
(2122840, 2026750),
(2145567, 2026750),
(2141058, 2026752),
(2141058, 2026753),
(2141058, 2026754),
(2133608, 2026755),
(2111862, 2080723),
(2146742, 2080723),
(2120253, 2080725);

-- --------------------------------------------------------

--
-- Table structure for table `reference_to_synonym`
--

CREATE TABLE IF NOT EXISTS `reference_to_synonym` (
  `reference_id` int(10) unsigned NOT NULL,
  `synonym_id` int(10) unsigned NOT NULL,
  PRIMARY KEY (`reference_id`,`synonym_id`),
  KEY `synonym_id` (`synonym_id`)
) ENGINE=InnoDB DEFAULT CHARSET=utf8 COMMENT='Links references to synonyms';

--
-- Dumping data for table `reference_to_synonym`
--

INSERT INTO `reference_to_synonym` (`reference_id`, `synonym_id`) VALUES
(2115972, 1),
(2112777, 3),
(2112777, 4),
(43347, 5),
(43356, 5),
(43448, 5),
(43578, 5),
(43826, 5),
(43896, 5),
(43909, 5),
(45383, 5),
(49783, 5),
(50730, 5),
(51205, 5),
(51217, 5),
(51241, 5),
(51254, 5),
(51426, 5),
(52132, 5),
(52337, 5),
(43347, 7),
(43356, 7),
(43448, 7),
(43578, 7),
(43826, 7),
(43896, 7),
(43909, 7),
(45383, 7),
(49783, 7),
(50730, 7),
(51205, 7),
(51217, 7),
(51241, 7),
(51254, 7),
(51426, 7),
(52132, 7),
(52337, 7),
(43347, 8),
(43356, 8),
(43448, 8),
(43578, 8),
(43826, 8),
(43896, 8),
(43909, 8),
(45383, 8),
(49783, 8),
(50730, 8),
(51205, 8),
(51217, 8),
(51241, 8),
(51254, 8),
(51426, 8),
(52132, 8),
(52337, 8),
(2108663, 9),
(2112777, 10),
(2112777, 11),
(2112777, 12),
(2112777, 13),
(2112777, 14),
(2112777, 15),
(2112777, 16),
(2108663, 17),
(2112777, 18),
(2112777, 19),
(2112777, 20),
(2112777, 22),
(2112777, 24),
(1295427, 25),
(1295432, 26),
(1295434, 27),
(1295433, 28),
(1295437, 29),
(1295435, 30),
(1295436, 31),
(1295428, 32),
(1295429, 33),
(1316108, 34);

-- --------------------------------------------------------

--
-- Table structure for table `reference_to_taxon`
--

CREATE TABLE IF NOT EXISTS `reference_to_taxon` (
  `reference_id` int(10) unsigned NOT NULL,
  `taxon_id` int(10) unsigned NOT NULL,
  PRIMARY KEY (`reference_id`,`taxon_id`),
  KEY `taxon_id` (`taxon_id`)
) ENGINE=InnoDB DEFAULT CHARSET=utf8 COMMENT='Links references to taxa';

--
-- Dumping data for table `reference_to_taxon`
--

INSERT INTO `reference_to_taxon` (`reference_id`, `taxon_id`) VALUES
(1101695, 46),
(2111862, 50),
(2120253, 50),
(2126894, 50),
(2146742, 50),
(2105776, 51),
(2106703, 51),
(2108483, 51),
(2108928, 51),
(2109493, 51),
(2110535, 51),
(2111151, 51),
(2111862, 51),
(2112714, 51),
(2112777, 51),
(2115086, 51),
(2115297, 51),
(2116290, 51),
(2116321, 51),
(2116454, 51),
(2119405, 51),
(2120485, 51),
(2122058, 51),
(2122060, 51),
(2122840, 51),
(2123440, 51),
(2124473, 51),
(2125101, 51),
(2129160, 51),
(2129529, 51),
(2131524, 51),
(2131829, 51),
(2132040, 51),
(2132408, 51),
(2133608, 51),
(2137127, 51),
(2137499, 51),
(2137582, 51),
(2137870, 51),
(2139508, 51),
(2139604, 51),
(2140969, 51),
(2141058, 51),
(2141771, 51),
(2142214, 51),
(2145567, 51),
(2146742, 51),
(130860, 52),
(130983, 52),
(131042, 52),
(1303283, 55),
(1307354, 56),
(1278822, 57),
(43347, 59),
(43356, 59),
(43448, 59),
(43578, 59),
(43826, 59),
(43896, 59),
(43909, 59),
(45383, 59),
(49783, 59),
(50730, 59),
(51205, 59),
(51217, 59),
(51241, 59),
(51254, 59),
(51426, 59),
(52132, 59),
(52337, 59),
(2078498, 60),
(2078553, 60);

-- --------------------------------------------------------

--
-- Table structure for table `region`
--

CREATE TABLE IF NOT EXISTS `region` (
  `id` smallint(5) unsigned NOT NULL AUTO_INCREMENT,
  `region_standard_id` tinyint(3) unsigned NOT NULL,
  `original_code` varchar(25) NOT NULL COMMENT 'Original ID or code of the region in the standard referenced in region_standard_id',
  `name` varchar(255) NOT NULL COMMENT 'Region',
  `parent_id` smallint(5) unsigned DEFAULT NULL COMMENT 'Optional parent region',
  PRIMARY KEY (`id`),
  UNIQUE KEY `unique` (`region_standard_id`,`original_code`,`name`),
  KEY `region_standard_id` (`region_standard_id`),
  KEY `original_code` (`original_code`),
  KEY `name` (`name`),
  KEY `parent_id` (`parent_id`)
) ENGINE=InnoDB  DEFAULT CHARSET=utf8 COMMENT='Predetermined list of regions used for distribution' AUTO_INCREMENT=943 ;

--
-- Dumping data for table `region`
--

INSERT INTO `region` (`id`, `region_standard_id`, `original_code`, `name`, `parent_id`) VALUES
(1, 1, 'ABT-OO', 'Alberta', NULL),
(2, 1, 'AFG-OO', 'Afghanistan', NULL),
(3, 1, 'AGE-BA', 'Buenos Aires', NULL),
(4, 1, 'AGE-CH', 'Chaco', NULL),
(5, 1, 'AGE-CN', 'Corrientes', NULL),
(6, 1, 'AGE-CO', 'Córdoba', NULL),
(7, 1, 'AGE-DF', 'Argentina Distrito Federal', NULL),
(8, 1, 'AGE-ER', 'Entre Ríos', NULL),
(9, 1, 'AGE-FO', 'Formosa', NULL),
(10, 1, 'AGE-LP', 'La Pampa', NULL),
(11, 1, 'AGE-MI', 'Misiones', NULL),
(12, 1, 'AGS-CB', 'Chubut', NULL),
(13, 1, 'AGS-NE', 'Neuquén', NULL),
(14, 1, 'AGS-RN', 'Rio Negro', NULL),
(15, 1, 'AGS-SC', 'Santa Cruz', NULL),
(16, 1, 'AGS-SF', 'Santa Fé', NULL),
(17, 1, 'AGS-TF', 'Tierra del Fuego (Argentina)', NULL),
(18, 1, 'AGW-CA', 'Catamarca', NULL),
(19, 1, 'AGW-JU', 'Jujuy', NULL),
(20, 1, 'AGW-LR', 'La Rioja', NULL),
(21, 1, 'AGW-ME', 'Mendoza', NULL),
(22, 1, 'AGW-SA', 'Salta', NULL),
(23, 1, 'AGW-SE', 'Santiago del Estero', NULL),
(24, 1, 'AGW-SJ', 'San Juan', NULL),
(25, 1, 'AGW-SL', 'San Luis', NULL),
(26, 1, 'AGW-TU', 'Tucuman', NULL),
(27, 1, 'ALA-OO', 'Alabama', NULL),
(28, 1, 'ALB-OO', 'Albania', NULL),
(29, 1, 'ALD-OO', 'Aldabra', NULL),
(30, 1, 'ALG-OO', 'Algeria', NULL),
(31, 1, 'ALT-OO', 'Altay', NULL),
(32, 1, 'ALU-OO', 'Aleutian Is.', NULL),
(33, 1, 'AMU-OO', 'Amur', NULL),
(34, 1, 'AND-AN', 'Andaman Is.', NULL),
(35, 1, 'AND-CO', 'Coco Is.', NULL),
(36, 1, 'ANG-OO', 'Angola', NULL),
(37, 1, 'ANT-OO', 'Antarctica', NULL),
(38, 1, 'ARI-OO', 'Arizona', NULL),
(39, 1, 'ARK-OO', 'Arkansas', NULL),
(40, 1, 'ARU-OO', 'Aruba', NULL),
(41, 1, 'ASC-OO', 'Ascension', NULL),
(42, 1, 'ASK-OO', 'Alaska', NULL),
(43, 1, 'ASP-OO', 'Amsterdam-St.Paul Is.', NULL),
(44, 1, 'ASS-AS', 'Assam', NULL),
(45, 1, 'ASS-MA', 'Manipur', NULL),
(46, 1, 'ASS-ME', 'Meghalaya', NULL),
(47, 1, 'ASS-MI', 'Mizoram', NULL),
(48, 1, 'ASS-NA', 'Nagaland', NULL),
(49, 1, 'ASS-TR', 'Tripura', NULL),
(50, 1, 'ATP-OO', 'Antipodean Is.', NULL),
(51, 1, 'AUT-AU', 'Austria', NULL),
(52, 1, 'AUT-LI', 'Liechtenstein', NULL),
(53, 1, 'AZO-OO', 'Açôres', NULL),
(54, 1, 'BAH-OO', 'Bahamas', NULL),
(55, 1, 'BAL-OO', 'Baleares', NULL),
(56, 1, 'BAN-OO', 'Bangladesh', NULL),
(57, 1, 'BEN-OO', 'Benin', NULL),
(58, 1, 'BER-OO', 'Bermuda', NULL),
(59, 1, 'BGM-BE', 'Belgium', NULL),
(60, 1, 'BGM-LU', 'Luxembourg', NULL),
(61, 1, 'BIS-OO', 'Bismarck Archipelago', NULL),
(62, 1, 'BKN-OO', 'Burkina', NULL),
(63, 1, 'BLR-OO', 'Belarus', NULL),
(64, 1, 'BLT-ES', 'Estonia', NULL),
(65, 1, 'BLT-KA', 'Kaliningrad', NULL),
(66, 1, 'BLT-LA', 'Latvia', NULL),
(67, 1, 'BLT-LI', 'Lithuania', NULL),
(68, 1, 'BLZ-OO', 'Belize', NULL),
(69, 1, 'BOL-OO', 'Bolivia', NULL),
(70, 1, 'BOR-BR', 'Brunei', NULL),
(71, 1, 'BOR-KA', 'Kalimantan', NULL),
(72, 1, 'BOR-SB', 'Sabah', NULL),
(73, 1, 'BOR-SR', 'Sarawak', NULL),
(74, 1, 'BOT-OO', 'Botswana', NULL),
(75, 1, 'BOU-OO', 'Bouvet I.', NULL),
(76, 1, 'BRC-OO', 'British Columbia', NULL),
(77, 1, 'BRY-OO', 'Buryatiya', NULL),
(78, 1, 'BUL-OO', 'Bulgaria', NULL),
(79, 1, 'BUR-OO', 'Burundi', NULL),
(80, 1, 'BZC-DF', 'Brazilia Distrito Federal', NULL),
(81, 1, 'BZC-GO', 'Goiás', NULL),
(82, 1, 'BZC-MS', 'Mato Grosso do Sul', NULL),
(83, 1, 'BZC-MT', 'Mato Grosso', NULL),
(84, 1, 'BZE-AL', 'Alagoas', NULL),
(85, 1, 'BZE-BA', 'Bahia', NULL),
(86, 1, 'BZE-CE', 'Ceará', NULL),
(87, 1, 'BZE-FN', 'Fernando de Noronha', NULL),
(88, 1, 'BZE-MA', 'Maranhao', NULL),
(89, 1, 'BZE-PB', 'Paraíba', NULL),
(90, 1, 'BZE-PE', 'Pernambuco', NULL),
(91, 1, 'BZE-PI', 'Piauí', NULL),
(92, 1, 'BZE-RN', 'Rio Grande do Norte', NULL),
(93, 1, 'BZE-SE', 'Sergipe', NULL),
(94, 1, 'BZL-ES', 'Espirito Santo', NULL),
(95, 1, 'BZL-MG', 'Minas Gerais', NULL),
(96, 1, 'BZL-RJ', 'Rio de Janeiro', NULL),
(97, 1, 'BZL-SP', 'São Paulo', NULL),
(98, 1, 'BZL-TR', 'Trindade', NULL),
(99, 1, 'BZN-AC', 'Acre', NULL),
(100, 1, 'BZN-AM', 'Amazonas', NULL),
(101, 1, 'BZN-AP', 'Amapá', NULL),
(102, 1, 'BZN-PA', 'Pará', NULL),
(103, 1, 'BZN-RM', 'Roraima', NULL),
(104, 1, 'BZN-RO', 'Rondônia', NULL),
(105, 1, 'BZN-TO', 'Tocantins', NULL),
(106, 1, 'BZS-PR', 'Paraná', NULL),
(107, 1, 'BZS-RS', 'Rio Grande do Sul', NULL),
(108, 1, 'BZS-SC', 'Santa Catarina', NULL),
(109, 1, 'CAB-OO', 'Cabinda', NULL),
(110, 1, 'CAF-OO', 'Central African Republic', NULL),
(111, 1, 'CAL-OO', 'California', NULL),
(112, 1, 'CAY-OO', 'Cayman Is.', NULL),
(113, 1, 'CBD-OO', 'Cambodia', NULL),
(114, 1, 'CGS-OO', 'Chagos Archipelago', NULL),
(115, 1, 'CHA-OO', 'Chad', NULL),
(116, 1, 'CHC-CQ', 'Chongqing', NULL),
(117, 1, 'CHC-GZ', 'Guizhou', NULL),
(118, 1, 'CHC-HU', 'Hubei', NULL),
(119, 1, 'CHC-SC', 'Sichuan', NULL),
(120, 1, 'CHC-YN', 'Yunnan', NULL),
(121, 1, 'CHH-OO', 'Hainan', NULL),
(122, 1, 'CHI-NM', 'Nei Mongol', NULL),
(123, 1, 'CHI-NX', 'Ningxia', NULL),
(124, 1, 'CHM-HJ', 'Heilongjiang', NULL),
(125, 1, 'CHM-JL', 'Jilin', NULL),
(126, 1, 'CHM-LN', 'Liaoning', NULL),
(127, 1, 'CHN-BJ', 'Beijing', NULL),
(128, 1, 'CHN-GS', 'Gansu', NULL),
(129, 1, 'CHN-HB', 'Hebei', NULL),
(130, 1, 'CHN-SA', 'Shaanxi', NULL),
(131, 1, 'CHN-SD', 'Shandong', NULL),
(132, 1, 'CHN-SX', 'Shanxi', NULL),
(133, 1, 'CHN-TJ', 'Tianjin', NULL),
(134, 1, 'CHQ-OO', 'Qinghai', NULL),
(135, 1, 'CHS-AH', 'Anhui', NULL),
(136, 1, 'CHS-FJ', 'Fujian', NULL),
(137, 1, 'CHS-GD', 'Guangdong', NULL),
(138, 1, 'CHS-GX', 'Guangxi', NULL),
(139, 1, 'CHS-HE', 'Henan', NULL),
(140, 1, 'CHS-HK', 'Hong Kong', NULL),
(141, 1, 'CHS-HN', 'Hunan', NULL),
(142, 1, 'CHS-JS', 'Jiangsu', NULL),
(143, 1, 'CHS-JX', 'Jiangxi', NULL),
(144, 1, 'CHS-KI', 'Kin-Men', NULL),
(145, 1, 'CHS-MA', 'Macau', NULL),
(146, 1, 'CHS-MP', 'Ma-tsu-Pai-chúan', NULL),
(147, 1, 'CHS-SH', 'Shanghai', NULL),
(148, 1, 'CHS-ZJ', 'Zhejiang', NULL),
(149, 1, 'CHT-OO', 'Tibet', NULL),
(150, 1, 'CHX-OO', 'Xinjiang', NULL),
(151, 1, 'CKI-OO', 'Cocos (Keeling) Is.', NULL),
(152, 1, 'CLC-BI', 'Biobío', NULL),
(153, 1, 'CLC-CO', 'Coquimbo', NULL),
(154, 1, 'CLC-LA', 'La Araucania', NULL),
(155, 1, 'CLC-MA', 'Maule', NULL),
(156, 1, 'CLC-OH', 'O''Higgins', NULL),
(157, 1, 'CLC-SA', 'Santiago', NULL),
(158, 1, 'CLC-VA', 'Valparaíso', NULL),
(159, 1, 'CLM-OO', 'Colombia', NULL),
(160, 1, 'CLN-AN', 'Antofagasta', NULL),
(161, 1, 'CLN-AT', 'Atacama', NULL),
(162, 1, 'CLN-TA', 'Tarapaca', NULL),
(163, 1, 'CLS-AI', 'Aisén', NULL),
(164, 1, 'CLS-LL', 'Los Lagos', NULL),
(165, 1, 'CLS-MG', 'Magellanes', NULL),
(166, 1, 'CMN-OO', 'Cameroon', NULL),
(167, 1, 'CNT-OO', 'Connecticut', NULL),
(168, 1, 'CNY-OO', 'Canary Is.', NULL),
(169, 1, 'COL-OO', 'Colorado', NULL),
(170, 1, 'COM-CO', 'Comoros', NULL),
(171, 1, 'COM-MA', 'Mayotte', NULL),
(172, 1, 'CON-OO', 'Congo', NULL),
(173, 1, 'COO-OO', 'Cook Is.', NULL),
(174, 1, 'COR-OO', 'Corse', NULL),
(175, 1, 'COS-OO', 'Costa Rica', NULL),
(176, 1, 'CPI-CL', 'Clipperton I.', NULL),
(177, 1, 'CPI-CO', 'Cocos I.', NULL),
(178, 1, 'CPI-MA', 'Malpelo I.', NULL),
(179, 1, 'CPP-EC', 'Eastern Cape Province', NULL),
(180, 1, 'CPP-NC', 'Northern Cape Province', NULL),
(181, 1, 'CPP-WC', 'Western Cape Province', NULL),
(182, 1, 'CPV-OO', 'Caprivi Strip', NULL),
(183, 1, 'CRL-MF', 'Micronesia Federated States', NULL),
(184, 1, 'CRL-PA', 'Palau', NULL),
(185, 1, 'CRZ-OO', 'Crozet Is.', NULL),
(186, 1, 'CTA-OO', 'Chita', NULL),
(187, 1, 'CTM-OO', 'Chatham Is.', NULL),
(188, 1, 'CUB-OO', 'Cuba', NULL),
(189, 1, 'CVI-OO', 'Cape Verde', NULL),
(190, 1, 'CYP-OO', 'Cyprus', NULL),
(191, 1, 'CZE-CZ', 'Czech Republic', NULL),
(192, 1, 'CZE-SK', 'Slovakia', NULL),
(193, 1, 'DEL-OO', 'Delaware', NULL),
(194, 1, 'DEN-OO', 'Denmark', NULL),
(195, 1, 'DJI-OO', 'Djibouti', NULL),
(196, 1, 'DOM-OO', 'Dominican Republic', NULL),
(197, 1, 'DSV-OO', 'Desventurados Is.', NULL),
(198, 1, 'EAI-OO', 'East Aegean Is.', NULL),
(199, 1, 'EAS-OO', 'Easter Is.', NULL),
(200, 1, 'ECU-OO', 'Ecuador', NULL),
(201, 1, 'EGY-OO', 'Egypt', NULL),
(202, 1, 'EHM-AP', 'Arunachal Pradesh', NULL),
(203, 1, 'EHM-BH', 'Bhutan', NULL),
(204, 1, 'EHM-DJ', 'Darjiling', NULL),
(205, 1, 'EHM-SI', 'Sikkim', NULL),
(206, 1, 'ELS-OO', 'El Salvador', NULL),
(207, 1, 'EQG-OO', 'Equatorial Guinea', NULL),
(208, 1, 'ERI-OO', 'Eritrea', NULL),
(209, 1, 'ETH-OO', 'Ethiopia', NULL),
(210, 1, 'FAL-OO', 'Falkland Is.', NULL),
(211, 1, 'FIJ-OO', 'Fiji', NULL),
(212, 1, 'FIN-OO', 'Finland', NULL),
(213, 1, 'FLA-OO', 'Florida', NULL),
(214, 1, 'FOR-OO', 'Føroyar', NULL),
(215, 1, 'FRA-CI', 'Channel Is.', NULL),
(216, 1, 'FRA-FR', 'France', NULL),
(217, 1, 'FRA-MO', 'Monaco', NULL),
(218, 1, 'FRG-OO', 'French Guiana', NULL),
(219, 1, 'GAB-OO', 'Gabon', NULL),
(220, 1, 'GAL-OO', 'Galápagos', NULL),
(221, 1, 'GAM-OO', 'Gambia, The', NULL),
(222, 1, 'GEO-OO', 'Georgia', NULL),
(223, 1, 'GER-OO', 'Germany', NULL),
(224, 1, 'GGI-AN', 'Annobón', NULL),
(225, 1, 'GGI-BI', 'Bioko', NULL),
(226, 1, 'GGI-PR', 'Principe', NULL),
(227, 1, 'GGI-ST', 'São Tomé', NULL),
(228, 1, 'GHA-OO', 'Ghana', NULL),
(229, 1, 'GIL-OO', 'Gilbert Is.', NULL),
(230, 1, 'GNB-OO', 'Guinea-Bissau', NULL),
(231, 1, 'GNL-OO', 'Greenland', NULL),
(232, 1, 'GRB-OO', 'Great Britain', NULL),
(233, 1, 'GRC-OO', 'Greece', NULL),
(234, 1, 'GST-BA', 'Bahrain', NULL),
(235, 1, 'GST-QA', 'Qatar', NULL),
(236, 1, 'GST-UA', 'United Arab Emirates', NULL),
(237, 1, 'GUA-OO', 'Guatemala', NULL),
(238, 1, 'GUI-OO', 'Guinea', NULL),
(239, 1, 'GUY-OO', 'Guyana', NULL),
(240, 1, 'HAI-HA', 'Haiti', NULL),
(241, 1, 'HAI-NI', 'Navassa I.', NULL),
(242, 1, 'HAW-HI', 'Hawaiian Is.', NULL),
(243, 1, 'HAW-JI', 'Johnston I.', NULL),
(244, 1, 'HAW-MI', 'Midway Is.', NULL),
(245, 1, 'HBI-OO', 'Howland-Baker Is.', NULL),
(246, 1, 'HMD-OO', 'Heard-McDonald Is.', NULL),
(247, 1, 'HON-OO', 'Honduras', NULL),
(248, 1, 'HUN-OO', 'Hungary', NULL),
(249, 1, 'ICE-OO', 'Iceland', NULL),
(250, 1, 'IDA-OO', 'Idaho', NULL),
(251, 1, 'ILL-OO', 'Illinois', NULL),
(252, 1, 'IND-AP', 'Andhra Pradesh', NULL),
(253, 1, 'IND-BI', 'Bihar', NULL),
(254, 1, 'IND-CH', 'Chandigarh', NULL),
(255, 1, 'IND-CT', 'Chattisgarh', NULL),
(256, 1, 'IND-DD', 'Dadra-Nagar-Haveli', NULL),
(257, 1, 'IND-DE', 'Delhi', NULL),
(258, 1, 'IND-DI', 'Diu', NULL),
(259, 1, 'IND-DM', 'Daman', NULL),
(260, 1, 'IND-GO', 'Goa', NULL),
(261, 1, 'IND-GU', 'Gujarat', NULL),
(262, 1, 'IND-HA', 'Haryana', NULL),
(263, 1, 'IND-JK', 'Jharkhand', NULL),
(264, 1, 'IND-KE', 'Kerala', NULL),
(265, 1, 'IND-KL', 'Karaikal', NULL),
(266, 1, 'IND-KT', 'Karnataka', NULL),
(267, 1, 'IND-MH', 'Mahé', NULL),
(268, 1, 'IND-MP', 'Madhya Pradesh', NULL),
(269, 1, 'IND-MR', 'Maharashtra', NULL),
(270, 1, 'IND-OR', 'Orissa', NULL),
(271, 1, 'IND-PO', 'Pondicherry', NULL),
(272, 1, 'IND-PU', 'Punjab', NULL),
(273, 1, 'IND-RA', 'Rajasthan', NULL),
(274, 1, 'IND-TN', 'Tamil Nadu', NULL),
(275, 1, 'IND-UP', 'Uttar Pradesh', NULL),
(276, 1, 'IND-WB', 'West Bengal', NULL),
(277, 1, 'IND-YA', 'Yanam', NULL),
(278, 1, 'INI-OO', 'Indiana', NULL),
(279, 1, 'IOW-OO', 'Iowa', NULL),
(280, 1, 'IRE-IR', 'Ireland', NULL),
(281, 1, 'IRE-NI', 'Northern Ireland', NULL),
(282, 1, 'IRK-OO', 'Irkutsk', NULL),
(283, 1, 'IRN-OO', 'Iran', NULL),
(284, 1, 'IRQ-OO', 'Iraq', NULL),
(285, 1, 'ITA-IT', 'Italy', NULL),
(286, 1, 'ITA-SM', 'San Marino', NULL),
(287, 1, 'ITA-VC', 'Vatican City', NULL),
(288, 1, 'IVO-OO', 'Ivory Coast', NULL),
(289, 1, 'JAM-OO', 'Jamaica', NULL),
(290, 1, 'JAP-HK', 'Hokkaido', NULL),
(291, 1, 'JAP-HN', 'Honshu', NULL),
(292, 1, 'JAP-KY', 'Kyushu', NULL),
(293, 1, 'JAP-SH', 'Shikoku', NULL),
(294, 1, 'JAW-OO', 'Jawa', NULL),
(295, 1, 'JNF-OO', 'Juan Fernández Is.', NULL),
(296, 1, 'KAM-OO', 'Kamchatka', NULL),
(297, 1, 'KAN-OO', 'Kansas', NULL),
(298, 1, 'KAZ-OO', 'Kazakhstan', NULL),
(299, 1, 'KEG-OO', 'Kerguelen', NULL),
(300, 1, 'KEN-OO', 'Kenya', NULL),
(301, 1, 'KER-OO', 'Kermadec Is.', NULL),
(302, 1, 'KGZ-OO', 'Kirgizistan', NULL),
(303, 1, 'KHA-OO', 'Khabarovsk', NULL),
(304, 1, 'KOR-NK', 'North Korea', NULL),
(305, 1, 'KOR-SK', 'South Korea', NULL),
(306, 1, 'KRA-OO', 'Krasnoyarsk', NULL),
(307, 1, 'KRI-OO', 'Kriti', NULL),
(308, 1, 'KRY-OO', 'Krym', NULL),
(309, 1, 'KTY-OO', 'Kentucky', NULL),
(310, 1, 'KUR-OO', 'Kuril Is.', NULL),
(311, 1, 'KUW-OO', 'Kuwait', NULL),
(312, 1, 'KZN-OO', 'Kazan-retto', NULL),
(313, 1, 'LAB-OO', 'Labrador', NULL),
(314, 1, 'LAO-OO', 'Laos', NULL),
(315, 1, 'LBR-OO', 'Liberia', NULL),
(316, 1, 'LBS-LB', 'Lebanon', NULL),
(317, 1, 'LBS-SY', 'Syria', NULL),
(318, 1, 'LBY-OO', 'Libya', NULL),
(319, 1, 'LDV-OO', 'Laccadive Is.', NULL),
(320, 1, 'LEE-AB', 'Antigua-Barbuda', NULL),
(321, 1, 'LEE-AG', 'Anguilla', NULL),
(322, 1, 'LEE-AV', 'Aves I.', NULL),
(323, 1, 'LEE-BV', 'British Virgin Is.', NULL),
(324, 1, 'LEE-GU', 'Guadeloupe', NULL),
(325, 1, 'LEE-MO', 'Montserrat', NULL),
(326, 1, 'LEE-NL', 'Netherlands Leeward Is.', NULL),
(327, 1, 'LEE-SK', 'St.Kitts-Nevis', NULL),
(328, 1, 'LEE-SM', 'St.Martin-St.Barthélémy', NULL),
(329, 1, 'LEE-VI', 'Virgin Is.', NULL),
(330, 1, 'LES-OO', 'Lesotho', NULL),
(331, 1, 'LIN-KI', 'Kiribati Line Is.', NULL),
(332, 1, 'LIN-US', 'U.S. Line Is.', NULL),
(333, 1, 'LOU-OO', 'Louisiana', NULL),
(334, 1, 'LSI-BA', 'Bali', NULL),
(335, 1, 'LSI-ET', 'East Timor', NULL),
(336, 1, 'LSI-LS', 'Lesser Sunda Is.', NULL),
(337, 1, 'MAG-OO', 'Magadan', NULL),
(338, 1, 'MAI-OO', 'Maine', NULL),
(339, 1, 'MAN-OO', 'Manitoba', NULL),
(340, 1, 'MAQ-OO', 'Macquarie Is.', NULL),
(341, 1, 'MAS-OO', 'Masachusettes', NULL),
(342, 1, 'MAU-OO', 'Mauritius', NULL),
(343, 1, 'MCI-OO', 'Mozambique Channel Is.', NULL),
(344, 1, 'MCS-OO', 'Marcus I.', NULL),
(345, 1, 'MDG-OO', 'Madagascar', NULL),
(346, 1, 'MDR-OO', 'Madeira', NULL),
(347, 1, 'MDV-OO', 'Maldives', NULL),
(348, 1, 'MIC-OO', 'Michigan', NULL),
(349, 1, 'MIN-OO', 'Minnesota', NULL),
(350, 1, 'MLI-OO', 'Mali', NULL),
(351, 1, 'MLW-OO', 'Malawi', NULL),
(352, 1, 'MLY-PM', 'Peninsular Malaysia', NULL),
(353, 1, 'MLY-SI', 'Singapore', NULL),
(354, 1, 'MNT-OO', 'Montana', NULL),
(355, 1, 'MOL-OO', 'Maluku', NULL),
(356, 1, 'MON-OO', 'Mongolia', NULL),
(357, 1, 'MOR-MO', 'Morocco', NULL),
(358, 1, 'MOR-SP', 'Spanish North African Territories', NULL),
(359, 1, 'MOZ-OO', 'Mozambique', NULL),
(360, 1, 'MPE-OO', 'Marion-Prince Edward Is.', NULL),
(361, 1, 'MRN-GU', 'Guam', NULL),
(362, 1, 'MRN-NM', 'Northern Marianas', NULL),
(363, 1, 'MRQ-OO', 'Marquesas', NULL),
(364, 1, 'MRS-OO', 'Marshall Is.', NULL),
(365, 1, 'MRY-OO', 'Maryland', NULL),
(366, 1, 'MSI-OO', 'Mississippi', NULL),
(367, 1, 'MSO-OO', 'Missouri', NULL),
(368, 1, 'MTN-OO', 'Mauritania', NULL),
(369, 1, 'MXC-DF', 'Mexico Distrito Federal', NULL),
(370, 1, 'MXC-ME', 'México State', NULL),
(371, 1, 'MXC-MO', 'Morelos', NULL),
(372, 1, 'MXC-PU', 'Puebla', NULL),
(373, 1, 'MXC-TL', 'Tlaxcala', NULL),
(374, 1, 'MXE-AG', 'Aguascalientes', NULL),
(375, 1, 'MXE-CO', 'Coahuila', NULL),
(376, 1, 'MXE-CU', 'Chihuahua', NULL),
(377, 1, 'MXE-DU', 'Durango', NULL),
(378, 1, 'MXE-GU', 'Guanajuato', NULL),
(379, 1, 'MXE-HI', 'Hidalgo', NULL),
(380, 1, 'MXE-NL', 'Nuevo León', NULL),
(381, 1, 'MXE-QU', 'Querétaro', NULL),
(382, 1, 'MXE-SL', 'San Luis Potosí', NULL),
(383, 1, 'MXE-TA', 'Tamaulipas', NULL),
(384, 1, 'MXE-ZA', 'Zacatecas', NULL),
(385, 1, 'MXG-VC', 'Veracruz', NULL),
(386, 1, 'MXI-GU', 'Guadalupe I.', NULL),
(387, 1, 'MXI-RA', 'Rocas Alijos', NULL),
(388, 1, 'MXI-RG', 'Revillagigedo Is.', NULL),
(389, 1, 'MXN-BC', 'Baja California', NULL),
(390, 1, 'MXN-BS', 'Baja California Sur', NULL),
(391, 1, 'MXN-SI', 'Sinaloa', NULL),
(392, 1, 'MXN-SO', 'Sonora', NULL),
(393, 1, 'MXS-CL', 'Colima', NULL),
(394, 1, 'MXS-GR', 'Guerrero', NULL),
(395, 1, 'MXS-JA', 'Jalisco', NULL),
(396, 1, 'MXS-MI', 'Michoacán', NULL),
(397, 1, 'MXS-NA', 'Nayarit', NULL),
(398, 1, 'MXS-OA', 'Oaxaca', NULL),
(399, 1, 'MXT-CA', 'Campeche', NULL),
(400, 1, 'MXT-CI', 'Chiapas', NULL),
(401, 1, 'MXT-QR', 'Quintana Roo', NULL),
(402, 1, 'MXT-TB', 'Tabasco', NULL),
(403, 1, 'MXT-YU', 'Yucatán', NULL),
(404, 1, 'MYA-OO', 'Myanmar', NULL),
(405, 1, 'NAM-OO', 'Namibia', NULL),
(406, 1, 'NAT-OO', 'KwaZulu-Natal', NULL),
(407, 1, 'NBR-OO', 'New Brunswick', NULL),
(408, 1, 'NCA-OO', 'North Carolina', NULL),
(409, 1, 'NCB-OO', 'Nicobar Is.', NULL),
(410, 1, 'NCS-CH', 'Chechnya', NULL),
(411, 1, 'NCS-DA', 'Dagestan', NULL),
(412, 1, 'NCS-IN', 'Ingushetiya', NULL),
(413, 1, 'NCS-KB', 'Kabardino-Balkariya', NULL),
(414, 1, 'NCS-KC', 'Karacheyevo-Cherkessiya', NULL),
(415, 1, 'NCS-KR', 'Krasnodar', NULL),
(416, 1, 'NCS-SO', 'Severo-Osetiya', NULL),
(417, 1, 'NCS-ST', 'Stavropol', NULL),
(418, 1, 'NDA-OO', 'North Dakota', NULL),
(419, 1, 'NEB-OO', 'Nebraska', NULL),
(420, 1, 'NEP-OO', 'Nepal', NULL),
(421, 1, 'NET-OO', 'Netherlands', NULL),
(422, 1, 'NEV-OO', 'Nevada', NULL),
(423, 1, 'NFK-LH', 'Lord Howe I.', NULL),
(424, 1, 'NFK-NI', 'Norfolk I.', NULL),
(425, 1, 'NFL-NE', 'Newfoundland', NULL),
(426, 1, 'NFL-SP', 'St.Pierre-Miquelon', NULL),
(427, 1, 'NGA-OO', 'Nigeria', NULL),
(428, 1, 'NGR-OO', 'Niger', NULL),
(429, 1, 'NIC-OO', 'Nicaragua', NULL),
(430, 1, 'NLA-BO', 'Bonaire', NULL),
(431, 1, 'NLA-CU', 'Curaçao', NULL),
(432, 1, 'NNS-OO', 'Nansei-shoto', NULL),
(433, 1, 'NOR-OO', 'Norway', NULL),
(434, 1, 'NRU-OO', 'Nauru', NULL),
(435, 1, 'NSC-OO', 'Nova Scotia', NULL),
(436, 1, 'NSW-CT', 'Australian Capital Territory', NULL),
(437, 1, 'NSW-NS', 'New South Wales', NULL),
(438, 1, 'NTA-OO', 'Northern Territory', NULL),
(439, 1, 'NUE-OO', 'Niue', NULL),
(440, 1, 'NUN-OO', 'Nunavut', NULL),
(441, 1, 'NWC-OO', 'New Caledonia', NULL),
(442, 1, 'NWG-IJ', 'Irian Jaya', NULL),
(443, 1, 'NWG-PN', 'Papua New Guinea', NULL),
(444, 1, 'NWH-OO', 'New Hampshire', NULL),
(445, 1, 'NWJ-OO', 'New Jersey', NULL),
(446, 1, 'NWM-OO', 'New Mexico', NULL),
(447, 1, 'NWT-OO', 'Northwest Territories', NULL),
(448, 1, 'NWY-OO', 'New York', NULL),
(449, 1, 'NZN-OO', 'New Zealand North', NULL),
(450, 1, 'NZS-OO', 'New Zealand South', NULL),
(451, 1, 'OFS-OO', 'Free State', NULL),
(452, 1, 'OGA-OO', 'Ogasawara-shoto', NULL),
(453, 1, 'OHI-OO', 'Ohio', NULL),
(454, 1, 'OKL-OO', 'Oklahoma', NULL),
(455, 1, 'OMA-OO', 'Oman', NULL),
(456, 1, 'ONT-OO', 'Ontario', NULL),
(457, 1, 'ORE-OO', 'Oregon', NULL),
(458, 1, 'PAK-OO', 'Pakistan', NULL),
(459, 1, 'PAL-IS', 'Israel', NULL),
(460, 1, 'PAL-JO', 'Jordan', NULL),
(461, 1, 'PAN-OO', 'Panamá', NULL),
(462, 1, 'PAR-OO', 'Paraguay', NULL),
(463, 1, 'PEI-OO', 'Prince Edward I.', NULL),
(464, 1, 'PEN-OO', 'Pennsylvania', NULL),
(465, 1, 'PER-OO', 'Peru', NULL),
(466, 1, 'PHI-OO', 'Philippines', NULL),
(467, 1, 'PHX-OO', 'Phoenix Is.', NULL),
(468, 1, 'PIT-OO', 'Pitcairn Is.', NULL),
(469, 1, 'POL-OO', 'Poland', NULL),
(470, 1, 'POR-OO', 'Portugal', NULL),
(471, 1, 'PRM-OO', 'Primorye', NULL),
(472, 1, 'PUE-OO', 'Puerto Rico', NULL),
(473, 1, 'QLD-CS', 'Coral Sea Is. Territory', NULL),
(474, 1, 'QLD-QU', 'Queensland', NULL),
(475, 1, 'QUE-OO', 'Québec', NULL),
(476, 1, 'REU-OO', 'Réunion', NULL),
(477, 1, 'RHO-OO', 'Rhode I.', NULL),
(478, 1, 'ROD-OO', 'Rodrigues', NULL),
(479, 1, 'ROM-OO', 'Romania', NULL),
(480, 1, 'RUC-OO', 'Central European Russia', NULL),
(481, 1, 'RUE-OO', 'East European Russia', NULL),
(482, 1, 'RUN-OO', 'North European Russia', NULL),
(483, 1, 'RUS-OO', 'South European Russia', NULL),
(484, 1, 'RUW-OO', 'Northwest European Russia', NULL),
(485, 1, 'RWA-OO', 'Rwanda', NULL),
(486, 1, 'SAK-OO', 'Sakhalin', NULL),
(487, 1, 'SAM-AS', 'American Samoa', NULL),
(488, 1, 'SAM-WS', 'Samoa', NULL),
(489, 1, 'SAR-OO', 'Sardegna', NULL),
(490, 1, 'SAS-OO', 'Saskatchewan', NULL),
(491, 1, 'SAU-OO', 'Saudi Arabia', NULL),
(492, 1, 'SCA-OO', 'South Carolina', NULL),
(493, 1, 'SCI-OO', 'Society Is.', NULL),
(494, 1, 'SCS-PI', 'Paracel Is.', NULL),
(495, 1, 'SCS-SI', 'Spratly Is.', NULL),
(496, 1, 'SCZ-OO', 'Santa Cruz Is.', NULL),
(497, 1, 'SDA-OO', 'South Dakota', NULL),
(498, 1, 'SEL-OO', 'Selvagens', NULL),
(499, 1, 'SEN-OO', 'Senegal', NULL),
(500, 1, 'SEY-OO', 'Seychelles', NULL),
(501, 1, 'SGE-OO', 'South Georgia', NULL),
(502, 1, 'SIC-MA', 'Malta', NULL),
(503, 1, 'SIC-SI', 'Sicilia', NULL),
(504, 1, 'SIE-OO', 'Sierra Leone', NULL),
(505, 1, 'SIN-OO', 'Sinai', NULL),
(506, 1, 'SOA-OO', 'South Australia', NULL),
(507, 1, 'SOC-OO', 'Socotra', NULL),
(508, 1, 'SOL-NO', 'North Solomons', NULL),
(509, 1, 'SOL-SO', 'South Solomons', NULL),
(510, 1, 'SOM-OO', 'Somalia', NULL),
(511, 1, 'SPA-AN', 'Andorra', NULL),
(512, 1, 'SPA-GI', 'Gilbraltar', NULL),
(513, 1, 'SPA-SP', 'Spain', NULL),
(514, 1, 'SRL-OO', 'Sri Lanka', NULL),
(515, 1, 'SSA-OO', 'South Sandwich Is.', NULL),
(516, 1, 'STH-OO', 'St.Helena', NULL),
(517, 1, 'SUD-OO', 'Sudan', NULL),
(518, 1, 'SUL-OO', 'Sulawesi', NULL),
(519, 1, 'SUM-OO', 'Sumatera', NULL),
(520, 1, 'SUR-OO', 'Surinam', NULL),
(521, 1, 'SVA-OO', 'Svalbard', NULL),
(522, 1, 'SWC-CC', 'Colombian Caribbean Is.', NULL),
(523, 1, 'SWC-HC', 'Honduran Caribbean Is.', NULL),
(524, 1, 'SWC-NC', 'Nicaraguan Caribbean Is.', NULL),
(525, 1, 'SWE-OO', 'Sweden', NULL),
(526, 1, 'SWI-OO', 'Switzerland', NULL),
(527, 1, 'SWZ-OO', 'Swaziland', NULL),
(528, 1, 'TAI-OO', 'Taiwan', NULL),
(529, 1, 'TAN-OO', 'Tanzania', NULL),
(530, 1, 'TAS-OO', 'Tasmania', NULL),
(531, 1, 'TCI-OO', 'Turks-Caicos Is.', NULL),
(532, 1, 'TCS-AB', 'Abkhaziya', NULL),
(533, 1, 'TCS-AD', 'Adzhariya', NULL),
(534, 1, 'TCS-AR', 'Armenia', NULL),
(535, 1, 'TCS-AZ', 'Azerbaijan', NULL),
(536, 1, 'TCS-GR', 'Georgia', NULL),
(537, 1, 'TCS-NA', 'Nakhichevan', NULL),
(538, 1, 'TCS-NK', 'Nagorno Karabakh', NULL),
(539, 1, 'TDC-OO', 'Tristan da Cunha', NULL),
(540, 1, 'TEN-OO', 'Tennessee', NULL),
(541, 1, 'TEX-OO', 'Texas', NULL),
(542, 1, 'THA-OO', 'Thailand', NULL),
(543, 1, 'TKM-OO', 'Turkmenistan', NULL),
(544, 1, 'TOG-OO', 'Togo', NULL),
(545, 1, 'TOK-MA', 'Manihiki Is.', NULL),
(546, 1, 'TOK-SW', 'Swains I.', NULL),
(547, 1, 'TOK-TO', 'Tokelau', NULL),
(548, 1, 'TON-OO', 'Tonga', NULL),
(549, 1, 'TRT-OO', 'Trinidad-Tobago', NULL),
(550, 1, 'TUA-OO', 'Tuamotu', NULL),
(551, 1, 'TUB-OO', 'Tubuai Is.', NULL),
(552, 1, 'TUE-OO', 'Turkey-in-Europe', NULL),
(553, 1, 'TUN-OO', 'Tunisia', NULL),
(554, 1, 'TUR-OO', 'Turkey', NULL),
(555, 1, 'TUV-OO', 'Tuvalu', NULL),
(556, 1, 'TVA-OO', 'Tuva', NULL),
(557, 1, 'TVL-GA', 'Gauteng', NULL),
(558, 1, 'TVL-MP', 'Mpumalanga', NULL),
(559, 1, 'TVL-NP', 'Northern Province', NULL),
(560, 1, 'TVL-NW', 'North-West Province', NULL),
(561, 1, 'TZK-OO', 'Tadzhikistan', NULL),
(562, 1, 'UGA-OO', 'Uganda', NULL),
(563, 1, 'UKR-MO', 'Moldova', NULL),
(564, 1, 'UKR-UK', 'Ukraine', NULL),
(565, 1, 'URU-OO', 'Uruguay', NULL),
(566, 1, 'UTA-OO', 'Utah', NULL),
(567, 1, 'UZB-OO', 'Uzbekistan', NULL),
(568, 1, 'VAN-OO', 'Vanuatu', NULL),
(569, 1, 'VEN-OO', 'Venezuela', NULL),
(570, 1, 'VER-OO', 'Vermont', NULL),
(571, 1, 'VIC-OO', 'Victoria', NULL),
(572, 1, 'VIE-OO', 'Vietnam', NULL),
(573, 1, 'VNA-OO', 'Venezuelan Antilles', NULL),
(574, 1, 'VRG-OO', 'Virginia', NULL),
(575, 1, 'WAK-OO', 'Wake I.', NULL),
(576, 1, 'WAL-OO', 'Wallis-Futuna Is.', NULL),
(577, 1, 'WAS-OO', 'Washington', NULL),
(578, 1, 'WAU-AC', 'Ashmore-Cartier Is.', NULL),
(579, 1, 'WAU-WA', 'Western Australia', NULL),
(580, 1, 'WDC-OO', 'District of Columbia', NULL),
(581, 1, 'WHM-HP', 'Himachal Pradesh', NULL),
(582, 1, 'WHM-JK', 'Jammu-Kashmir', NULL),
(583, 1, 'WHM-UT', 'Uttaranchal', NULL),
(584, 1, 'WIN-BA', 'Barbados', NULL),
(585, 1, 'WIN-DO', 'Dominica', NULL),
(586, 1, 'WIN-GR', 'Grenada', NULL),
(587, 1, 'WIN-MA', 'Martinique', NULL),
(588, 1, 'WIN-SL', 'St.Lucia', NULL),
(589, 1, 'WIN-SV', 'St.Vincent', NULL),
(590, 1, 'WIS-OO', 'Wisconsin', NULL),
(591, 1, 'WSA-OO', 'Western Sahara', NULL),
(592, 1, 'WSB-OO', 'West Siberia', NULL),
(593, 1, 'WVA-OO', 'West Virginia', NULL),
(594, 1, 'WYO-OO', 'Wyoming', NULL),
(595, 1, 'XMS-OO', 'Christmas I.', NULL),
(596, 1, 'YAK-OO', 'Yakutskiya', NULL),
(597, 1, 'YEM-NY', 'North Yemen', NULL),
(598, 1, 'YEM-SY', 'South Yemen', NULL),
(599, 1, 'YUG-BH', 'Bosnia-Herzegovina', NULL),
(600, 1, 'YUG-CR', 'Croatia', NULL),
(601, 1, 'YUG-KO', 'Kosovo', NULL),
(602, 1, 'YUG-MA', 'Macedonia', NULL),
(603, 1, 'YUG-MN', 'Montenegro', NULL),
(604, 1, 'YUG-SE', 'Serbia', NULL),
(605, 1, 'YUG-SL', 'Slovenia', NULL),
(606, 1, 'YUK-OO', 'Yukon', NULL),
(607, 1, 'ZAI-OO', 'Zaire', NULL),
(608, 1, 'ZAM-OO', 'Zambia', NULL),
(609, 1, 'ZIM-OO', 'Zimbabwe', NULL),
(610, 2, '18', 'Inner Seas off the West Coast of Scotland', NULL),
(611, 2, '28A', 'Mediterranean Sea - Western Basin', NULL),
(612, 2, '28B', 'Mediterranean Sea - Eastern Basin', NULL),
(613, 2, '29', 'Sea of Marmara', NULL),
(614, 2, '30', 'Black Sea', NULL),
(615, 2, '31', 'Sea of Azov', NULL),
(616, 2, '19', 'Irish Sea and St. George''s Channel', NULL),
(617, 2, '20', 'Bristol Channel', NULL),
(618, 2, '21', 'English Channel', NULL),
(619, 2, '22', 'Bay of Biscay', NULL),
(620, 2, '21A', 'Celtic Sea', NULL),
(621, 2, '2', 'Kattegat', NULL),
(622, 2, '3', 'Skaggerak', NULL),
(623, 2, '4', 'North Sea', NULL),
(624, 2, '5', 'Greenland Sea', NULL),
(625, 2, '6', 'Norwegian Sea', NULL),
(626, 2, '8', 'White Sea', NULL),
(627, 2, '7', 'Barentsz Sea', NULL),
(628, 2, '9', 'Kara Sea', NULL),
(629, 2, '10', 'Laptev Sea', NULL),
(630, 2, '11', 'East Siberian Sea', NULL),
(631, 2, '12', 'Chukchi Sea', NULL),
(632, 2, '17A', 'Lincoln Sea', NULL),
(633, 2, '13', 'Beaufort Sea', NULL),
(634, 2, '17', 'Arctic Ocean', NULL),
(635, 2, '14', 'Northwestern Passages', NULL),
(636, 2, '14A', 'Baffin Bay', NULL),
(637, 2, '16', 'Hudson Bay', NULL),
(638, 2, '16A', 'Hudson Strait', NULL),
(639, 2, '15', 'Davis Strait', NULL),
(640, 2, '15A', 'Labrador Sea', NULL),
(641, 2, '24', 'Gulf of St-Lawrence', NULL),
(642, 2, '25', 'Bay of Fundy', NULL),
(643, 2, '26', 'Gulf of Mexico', NULL),
(644, 2, '27', 'Caribbean Sea', NULL),
(645, 2, '23', 'North Atlantic Ocean', NULL),
(646, 2, '33', 'Rio de La Plata', NULL),
(647, 2, '34', 'Gulf of Guinea', NULL),
(648, 2, '35', 'Gulf of Suez', NULL),
(649, 2, '36', 'Gulf of Aqaba', NULL),
(650, 2, '37', 'Red Sea', NULL),
(651, 2, '38', 'Gulf of Aden', NULL),
(652, 2, '40', 'Gulf of Oman', NULL),
(653, 2, '41', 'Persian Gulf', NULL),
(654, 2, '42', 'Laccadive Sea', NULL),
(655, 2, '39', 'Arabian Sea', NULL),
(656, 2, '45A', 'Mozambique Channel', NULL),
(657, 2, '43', 'Bay of Bengal', NULL),
(658, 2, '44', 'Andaman or Burma Sea', NULL),
(659, 2, '46A', 'Malacca Strait', NULL),
(660, 2, '46B', 'Singapore Strait', NULL),
(661, 2, '47', 'Gulf of Thailand', NULL),
(662, 2, '49', 'South China Sea', NULL),
(663, 2, '50', 'Eastern China Sea', NULL),
(664, 2, '51', 'Yellow Sea', NULL),
(665, 2, '62', 'Great Australian Bight', NULL),
(666, 2, '62A', 'Bass Strait', NULL),
(667, 2, '63', 'Tasman Sea', NULL),
(668, 2, '64', 'Coral Sea', NULL),
(669, 2, '66', 'Bismarck Sea', NULL),
(670, 2, '65', 'Solomon Sea', NULL),
(671, 2, '53', 'Inland Sea', NULL),
(672, 2, '56', 'Philippine Sea', NULL),
(673, 2, '52', 'Japan Sea', NULL),
(674, 2, '54', 'Sea of Okhotsk', NULL),
(675, 2, '55', 'Bering Sea', NULL),
(676, 2, '58', 'Gulf of Alaska', NULL),
(677, 2, '59', 'The Coastal Waters of Southeast Alaska and British Columbia', NULL),
(678, 2, '60', 'Gulf of California', NULL),
(679, 2, '32', 'South Atlantic Ocean', NULL),
(680, 2, '45', 'Indian Ocean', NULL),
(681, 2, '57', 'North Pacific Ocean', NULL),
(682, 2, '1a', 'Gulf of Bothnia', NULL),
(683, 2, '1b', 'Gulf of Finland', NULL),
(684, 2, '1c', 'Gulf of Riga', NULL),
(685, 2, '28a', 'Strait of Gibraltar', NULL),
(686, 2, '28b', 'Alboran Sea', NULL),
(687, 2, '28c', 'Balearic Sea', NULL),
(688, 2, '28d', 'Ligurian Sea', NULL),
(689, 2, '28e', 'Tyrrhenian Sea', NULL),
(690, 2, '28g', 'Adriatic Sea', NULL),
(691, 2, '28f', 'Ionian Sea', NULL),
(692, 2, '28h', 'Aegean Sea', NULL),
(693, 2, '61', 'South Pacific Ocean', NULL),
(694, 2, '67', 'Southern Ocean', NULL),
(695, 2, '1', 'Baltic Sea', NULL),
(696, 2, '48a', 'Sulu Sea', NULL),
(697, 2, '48b', 'Celebes Sea', NULL),
(698, 2, '48c', 'Molukka Sea', NULL),
(699, 2, '48d', 'Gulf of Tomini', NULL),
(700, 2, '48e', 'Halamahera Sea', NULL),
(701, 2, '48f', 'Ceram Sea', NULL),
(702, 2, '48g', 'Banda Sea', NULL),
(703, 2, '48h', 'Arafura Sea', NULL),
(704, 2, '48i', 'Timor Sea', NULL),
(705, 2, '48j', 'Flores Sea', NULL),
(706, 2, '48k', 'Gulf of Boni', NULL),
(707, 2, '48l', 'Bali Sea', NULL),
(708, 2, '48m', 'Makassar Strait', NULL),
(709, 2, '48n', 'Java Sea', NULL),
(710, 2, '48o', 'Savu Sea', NULL),
(711, 3, '163', 'Alaskan Exclusive Economic Zone', NULL),
(712, 3, '82', 'Albanian Exclusive Economic Zone', NULL),
(713, 3, '84', 'Algerian Exclusive Economic Zone', NULL),
(714, 3, '163', 'American Samoa Exclusive Economic Zone', NULL),
(715, 3, '179', 'Amsterdam Island & St. Paul Island Exclusive Economic Zone', NULL),
(716, 3, '203', 'Andaman and Nicobar Islands Exclusive Economic Zone', NULL),
(717, 3, '200', 'Angolan Exclusive Economic Zone', NULL),
(718, 3, '180', 'Anguilla Exclusive Economic Zone', NULL),
(719, 3, '213', 'Antarctic 200NM zone beyond the coastline', NULL),
(720, 3, '120', 'Antigua and Barbuda Exclusive Economic Zone', NULL),
(721, 3, '0', 'Area en controversia', NULL),
(722, 3, '172', 'Argentinean Exclusive Economic Zone', NULL),
(723, 3, '180', 'Ascension Exclusive Economic Zone', NULL),
(724, 3, '16', 'Australian Exclusive Economic Zone', NULL),
(725, 3, '183', 'Azores Exclusive Economic Zone', NULL),
(726, 3, '110', 'Bahamas Exclusive Economic Zone', NULL),
(727, 3, '52', 'Bahraini Exclusive Economic Zone', NULL),
(728, 3, '204', 'Bangladeshi Exclusive Economic Zone', NULL),
(729, 3, '124', 'Barbados Exclusive Economic Zone', NULL),
(730, 3, '179', 'Bassas da India Exclusive Economic Zone', NULL),
(731, 3, '59', 'Belgian Exclusive Economic Zone', NULL),
(732, 3, '164', 'Belizean Exclusive Economic Zone', NULL),
(733, 3, '99', 'Beninese Exclusive Economic Zone', NULL),
(734, 3, '180', 'Bermudian Exclusive Economic Zone', NULL),
(735, 3, '175', 'Bornholm Exclusive Economic Zone', NULL),
(736, 3, '232', 'Bosnian and Herzegovinian Exclusive Economic Zone', NULL),
(737, 3, '223', 'Bouvet Island Exclusive Economic Zone', NULL),
(738, 3, '171', 'Brazilian Exclusive Economic Zone', NULL),
(739, 3, '180', 'British Indian Ocean Territory Exclusive Economic Zone', NULL),
(740, 3, '180', 'British Virgin Islands Exclusive Economic Zone', NULL),
(741, 3, '71', 'Bulgarian Exclusive Economic Zone', NULL),
(742, 3, '24', 'Cambodian Exclusive Economic Zone', NULL),
(743, 3, '197', 'Cameroonian Exclusive Economic Zone', NULL),
(744, 3, '218', 'Canadian Exclusive Economic Zone', NULL),
(745, 3, '182', 'Canary Islands Exclusive Economic Zone', NULL),
(746, 3, '56', 'Cape Verdean Exclusive Economic Zone', NULL),
(747, 3, '180', 'Cayman Islands Exclusive Economic Zone', NULL),
(748, 3, '224', 'Chilean Exclusive Economic Zone', NULL),
(749, 3, '209', 'Chinese Exclusive Economic Zone', NULL),
(750, 3, '16', 'Christmas Island Exclusive Economic Zone', NULL),
(751, 3, '179', 'Clipperton Island Exclusive Economic Zone', NULL),
(752, 3, '16', 'Cocos Islands Exclusive Economic Zone', NULL),
(753, 3, '0', 'Colombia - Jamaica (Joint Regime)', NULL),
(754, 3, '132', 'Colombian Exclusive Economic Zone', NULL),
(755, 3, '28', 'Comoran Exclusive Economic Zone', NULL),
(756, 3, '0', 'Conflict Zone', NULL),
(757, 3, '100', 'Congolese Exclusive Economic Zone', NULL),
(758, 3, '162', 'Cook Islands Exclusive Economic Zone', NULL),
(759, 3, '130', 'Costa Rican Exclusive Economic Zone', NULL),
(760, 3, '187', 'Croatian Exclusive Economic Zone', NULL),
(761, 3, '179', 'Crozet Islands Exclusive Economic Zone', NULL),
(762, 3, '112', 'Cuban Exclusive Economic Zone', NULL),
(763, 3, '81', 'Cypriote Exclusive Economic Zone', NULL),
(764, 3, '175', 'Danish Exclusive Economic Zone', NULL),
(765, 3, '199', 'Democratic Republic of the Congo Exclusive Economic Zone', NULL),
(766, 3, '46', 'Djiboutian Exclusive Economic Zone', NULL),
(767, 3, '123', 'Dominican Exclusive Economic Zone', NULL),
(768, 3, '115', 'Dominican Republic Exclusive Economic Zone', NULL),
(769, 3, '177', 'Dutch Exclusive Economic Zone', NULL),
(770, 3, '231', 'East Timor Exclusive Economic Zone', NULL),
(771, 3, '224', 'Easter Island Exclusive Economic Zone', NULL),
(772, 3, '137', 'Ecuadorean Exclusive Economic Zone', NULL),
(773, 3, '214', 'Egyptian Exclusive Economic Zone', NULL),
(774, 3, '134', 'El Salvador Exclusive Economic Zone', NULL),
(775, 3, '104', 'Equatorial Guinean Exclusive Economic Zone', NULL),
(776, 3, '45', 'Eritrean Exclusive Economic Zone', NULL),
(777, 3, '70', 'Estonian Exclusive Economic Zone', NULL),
(778, 3, '175', 'Faeroe Islands Exclusive Economic Zone', NULL),
(779, 3, '180', 'Falkland Islands Exclusive Economic Zone', NULL),
(780, 3, '18', 'Fijian Exclusive Economic Zone', NULL),
(781, 3, '174', 'Finnish Exclusive Economic Zone', NULL),
(782, 3, '179', 'French Exclusive Economic Zone', NULL),
(783, 3, '179', 'French Guiana Exclusive Economic Zone', NULL),
(784, 3, '179', 'French Polynesian Exclusive Economic Zone', NULL),
(785, 3, '198', 'Gabonese Exclusive Economic Zone', NULL),
(786, 3, '137', 'Galapagos Exclusive Economic Zone', NULL),
(787, 3, '65', 'Gambian Exclusive Economic Zone', NULL),
(788, 3, '74', 'Georgian Exclusive Economic Zone', NULL),
(789, 3, '176', 'German Exclusive Economic Zone', NULL),
(790, 3, '106', 'Ghanaian Exclusive Economic Zone', NULL),
(791, 3, '180', 'Gibraltarian Exclusive Economic Zone', NULL),
(792, 3, '179', 'Glorioso Exclusive Economic Zone', NULL),
(793, 3, '80', 'Grecian Exclusive Economic Zone', NULL),
(794, 3, '175', 'Greenlandic Exclusive Economic Zone', NULL),
(795, 3, '125', 'Grenadian Exclusive Economic Zone', NULL),
(796, 3, '179', 'Guadeloupe and Martinique Exclusive Economic Zone', NULL),
(797, 3, '136', 'Guatemalan Exclusive Economic Zone', NULL),
(798, 3, '180', 'Guernsey Exclusive Economic Zone', NULL),
(799, 3, '193', 'Guinea Bissau Exclusive Economic Zone', NULL),
(800, 3, '194', 'Guinean Exclusive Economic Zone', NULL),
(801, 3, '167', 'Guyanese Exclusive Economic Zone', NULL),
(802, 3, '114', 'Haitian Exclusive Economic Zone', NULL),
(803, 3, '163', 'Hawaiian Exclusive Economic Zone', NULL),
(804, 3, '16', 'Heard and McDonald Islands Exclusive Economic Zone', NULL),
(805, 3, '133', 'Honduran Exclusive Economic Zone', NULL),
(806, 3, '163', 'Howland and Baker Island Exclusive Economic Zone', NULL),
(807, 3, '143', 'Icelandic Exclusive Economic Zone', NULL),
(808, 3, '179', 'Ile Europa Exclusive Economic Zone', NULL),
(809, 3, '179', 'Ile Tromelin Exclusive Economic Zone', NULL),
(810, 3, '203', 'Indian Exclusive Economic Zone', NULL),
(811, 3, '216', 'Indonesian Exclusive Economic Zone', NULL),
(812, 3, '191', 'Iranian Exclusive Economic Zone', NULL),
(813, 3, '192', 'Iraqi Exclusive Economic Zone', NULL),
(814, 3, '181', 'Irish Exclusive Economic Zone', NULL),
(815, 3, '79', 'Israeli Exclusive Economic Zone', NULL),
(816, 3, '184', 'Italian Exclusive Economic Zone', NULL),
(817, 3, '195', 'Ivory Coast Exclusive Economic Zone', NULL),
(818, 3, '166', 'Jamaican Exclusive Economic Zone', NULL),
(819, 3, '223', 'Jan Mayen Exclusive Economic Zone', NULL),
(820, 3, '0', 'Japan - South Korea Conflict Zone', NULL),
(821, 3, '210', 'Japanese Exclusive Economic Zone', NULL),
(822, 3, '163', 'Jarvis Island Exclusive Economic Zone', NULL),
(823, 3, '180', 'Jersey Exclusive Economic Zone', NULL),
(824, 3, '163', 'Johnston Atoll Exclusive Economic Zone', NULL),
(825, 3, '0', 'Joint Development Area Australia - East Timor', NULL),
(826, 3, '0', 'Joint Japan - Korea', NULL),
(827, 3, '179', 'Juan de Nova Exclusive Economic Zone', NULL),
(828, 3, '43', 'Kenyan Exclusive Economic Zone', NULL),
(829, 3, '179', 'Kerguelen Islands Exclusive Economic Zone', NULL),
(830, 3, '212', 'Kiribati Exclusive Economic Zone', NULL),
(831, 3, '51', 'Kuwaiti Exclusive Economic Zone', NULL),
(832, 3, '69', 'Latvian Exclusive Economic Zone', NULL),
(833, 3, '78', 'Lebanese Exclusive Economic Zone', NULL),
(834, 3, '97', 'Liberian Exclusive Economic Zone', NULL),
(835, 3, '67', 'Libyan Exclusive Economic Zone', NULL),
(836, 3, '212', 'Line Group Exclusive Economic Zone', NULL),
(837, 3, '189', 'Lithuanian Exclusive Economic Zone', NULL),
(838, 3, '16', 'Macquarie Island Exclusive Economic Zone', NULL),
(839, 3, '42', 'Madagascan Exclusive Economic Zone', NULL),
(840, 3, '183', 'Madeiran Exclusive Economic Zone', NULL),
(841, 3, '206', 'Malaysian Exclusive Economic Zone', NULL),
(842, 3, '39', 'Maldives Exclusive Economic Zone', NULL),
(843, 3, '68', 'Maltese Exclusive Economic Zone', NULL),
(844, 3, '11', 'Marshall Islands Exclusive Economic Zone', NULL),
(845, 3, '64', 'Mauritanian Exclusive Economic Zone', NULL),
(846, 3, '37', 'Mauritian Exclusive Economic Zone', NULL),
(847, 3, '179', 'Mayotte Exclusive Economic Zone', NULL),
(848, 3, '135', 'Mexican Exclusive Economic Zone', NULL),
(849, 3, '9', 'Micronesian Exclusive Economic Zone', NULL),
(850, 3, '180', 'Montserrat Exclusive Economic Zone', NULL),
(851, 3, '185', 'MonÈgasque Exclusive Economic Zone', NULL),
(852, 3, '62', 'Moroccan Exclusive Economic Zone', NULL),
(853, 3, '41', 'Mozambican Exclusive Economic Zone', NULL),
(854, 3, '205', 'Myanmar Exclusive Economic Zone', NULL),
(855, 3, '101', 'Namibian Exclusive Economic Zone', NULL),
(856, 3, '10', 'Nauruan Exclusive Economic Zone', NULL),
(857, 3, '177', 'Netherlands Antilles Exclusive Economic Zone', NULL),
(858, 3, '179', 'New Caledonian Exclusive Economic Zone', NULL),
(859, 3, '162', 'New Zealand Exclusive Economic Zone', NULL),
(860, 3, '131', 'Nicaraguan Exclusive Economic Zone', NULL),
(861, 3, '0', 'Nigeria - Sao Tome and Principe Joint', NULL),
(862, 3, '196', 'Nigerian Exclusive Economic Zone', NULL),
(863, 3, '162', 'Niue Exclusive Economic Zone', NULL),
(864, 3, '16', 'Norfolk Island Exclusive Economic Zone', NULL),
(865, 3, '21', 'North Korean Exclusive Economic Zone', NULL),
(866, 3, '163', 'Northern Mariana Islands and Guam Exclusive Economic Zone', NULL),
(867, 3, '223', 'Norwegian Exclusive Economic Zone', NULL),
(868, 3, '231', 'Oecussi Ambeno Exclusive Economic Zone', NULL),
(869, 3, '48', 'Omani Exclusive Economic Zone', NULL),
(870, 3, '53', 'Pakistani Exclusive Economic Zone', NULL),
(871, 3, '8', 'Palau Exclusive Economic Zone', NULL),
(872, 3, '163', 'Palmyra Atoll Exclusive Economic Zone', NULL),
(873, 3, '129', 'Panamanian Exclusive Economic Zone', NULL),
(874, 3, '17', 'Papua New Guinean Exclusive Economic Zone', NULL),
(875, 3, '0', 'Paracel Islands Exclusive Economic Zone', NULL),
(876, 3, '138', 'Peruvian Exclusive Economic Zone', NULL),
(877, 3, '15', 'Philippines Exclusive Economic Zone', NULL),
(878, 3, '212', 'Phoenix Group Exclusive Economic Zone', NULL),
(879, 3, '180', 'Pitcairn Exclusive Economic Zone', NULL),
(880, 3, '178', 'Polish Exclusive Economic Zone', NULL),
(881, 3, '183', 'Portuguese Exclusive Economic Zone', NULL),
(882, 3, '102', 'Prince Edward Islands Exclusive Economic Zone', NULL),
(883, 3, '16', 'Protected Zone established under the Torres Strait Treaty', NULL),
(884, 3, '163', 'Puerto Rican Exclusive Economic Zone', NULL),
(885, 3, '190', 'Qatari Exclusive Economic Zone', NULL),
(886, 3, '72', 'Romanian Exclusive Economic Zone', NULL),
(887, 3, '0', 'Russia-Japan conflict Zone', NULL),
(888, 3, '73', 'Russian Exclusive Economic Zone', NULL),
(889, 3, '179', 'RÈunion Exclusive Economic Zone', NULL),
(890, 3, '119', 'Saint Kitts and Nevis Exclusive Economic Zone', NULL),
(891, 3, '122', 'Saint Lucia Exclusive Economic Zone', NULL),
(892, 3, '127', 'Saint Vincent and the Grenadines Exclusive Economic Zone', NULL),
(893, 3, '179', 'Saint-Martin Exclusive Economic Zone', NULL),
(894, 3, '179', 'Saint-Pierre and Miquelon Exclusive Economic Zone', NULL),
(895, 3, '152', 'Samoan Exclusive Economic Zone', NULL),
(896, 3, '103', 'Sao Tome and Principe Exclusive Economic Zone', NULL),
(897, 3, '50', 'Saudi Arabian Exclusive Economic Zone', NULL),
(898, 3, '66', 'Senegalese Exclusive Economic Zone', NULL),
(899, 3, '186', 'Serbia-Montenegrian Exclusive Economic Zone', NULL),
(900, 3, '31', 'Seychellois Exclusive Economic Zone', NULL),
(901, 3, '96', 'Sierra Leonian Exclusive Economic Zone', NULL),
(902, 3, '208', 'Singaporean Exclusive Economic Zone', NULL),
(903, 3, '177', 'Sint-Maarten Exclusive Economic Zone', NULL),
(904, 3, '188', 'Slovenian Exclusive Economic Zone', NULL),
(905, 3, '7', 'Solomon Islands Exclusive Economic Zone', NULL),
(906, 3, '44', 'Somali Exclusive Economic Zone', NULL),
(907, 3, '102', 'South African Exclusive Economic Zone', NULL),
(908, 3, '180', 'South Georgian Exclusive Economic Zone', NULL),
(909, 3, '20', 'South Korean Exclusive Economic Zone', NULL),
(910, 3, '182', 'Spanish Exclusive Economic Zone', NULL),
(911, 3, '0', 'Spratly Islands Exclusive Economic Zone', NULL),
(912, 3, '40', 'Sri Lankan Exclusive Economic Zone', NULL),
(913, 3, '180', 'St. Helena Exclusive Economic Zone', NULL),
(914, 3, '49', 'Sudanese Exclusive Economic Zone', NULL),
(915, 3, '168', 'Surinamese Exclusive Economic Zone', NULL),
(916, 3, '222', 'Swedish Exclusive Economic Zone', NULL),
(917, 3, '77', 'Syrian Exclusive Economic Zone', NULL),
(918, 3, '14', 'Taiwanese Exclusive Economic Zone', NULL),
(919, 3, '202', 'Tanzanian Exclusive Economic Zone', NULL),
(920, 3, '25', 'Thailand Exclusive Economic Zone', NULL),
(921, 3, '98', 'Togolese Exclusive Economic Zone', NULL),
(922, 3, '162', 'Tokelau Exclusive Economic Zone', NULL),
(923, 3, '155', 'Tongan Exclusive Economic Zone', NULL),
(924, 3, '171', 'Trindade Exclusive Economic Zone', NULL),
(925, 3, '126', 'Trinidad and Tobago Exclusive Economic Zone', NULL),
(926, 3, '180', 'Tristan Da Cunha Exclusive Economic Zone', NULL),
(927, 3, '61', 'Tunisian Exclusive Economic Zone', NULL),
(928, 3, '76', 'Turkish Exclusive Economic Zone', NULL),
(929, 3, '180', 'Turks and Caicos Exclusive Economic Zone', NULL),
(930, 3, '19', 'Tuvaluan Exclusive Economic Zone', NULL),
(931, 3, '75', 'Ukrainian Exclusive Economic Zone', NULL),
(932, 3, '54', 'United Arab Emirates Exclusive Economic Zone', NULL),
(933, 3, '180', 'United Kingdom Exclusive Economic Zone', NULL),
(934, 3, '163', 'United States Exclusive Economic Zone', NULL),
(935, 3, '173', 'Uruguayan Exclusive Economic Zone', NULL),
(936, 3, '6', 'Vanuatu Exclusive Economic Zone', NULL),
(937, 3, '139', 'Venezuelan Exclusive Economic Zone', NULL),
(938, 3, '207', 'Vietnamese Exclusive Economic Zone', NULL),
(939, 3, '163', 'Wake Island Exclusive Economic Zone', NULL),
(940, 3, '179', 'Wallis and Futuna Exclusive Economic Zone', NULL),
(941, 3, '62', 'Western Saharan Exclusive Economic Zone', NULL),
(942, 3, '47', 'Yemeni Exclusive Economic Zone', NULL);

-- --------------------------------------------------------

--
-- Table structure for table `region_standard`
--

CREATE TABLE IF NOT EXISTS `region_standard` (
  `id` tinyint(3) unsigned NOT NULL AUTO_INCREMENT,
  `standard` varchar(50) NOT NULL COMMENT 'Standard used to describe the region',
  `version` varchar(10) DEFAULT NULL COMMENT 'Version of the standard used',
  PRIMARY KEY (`id`),
  UNIQUE KEY `standard` (`standard`)
) ENGINE=InnoDB  DEFAULT CHARSET=utf8 COMMENT='Standards used for region table' AUTO_INCREMENT=4 ;

--
-- Dumping data for table `region_standard`
--

INSERT INTO `region_standard` (`id`, `standard`, `version`) VALUES
(1, 'TDWG Regions Level 4', '0.1'),
(2, 'IHO Sea Areas', '1.0'),
(3, 'World Exclusive Economic Zones', '5.0');

-- --------------------------------------------------------

--
-- Table structure for table `scientific_name_element`
--

CREATE TABLE IF NOT EXISTS `scientific_name_element` (
  `id` int(10) unsigned NOT NULL AUTO_INCREMENT,
  `name_element` varchar(100) NOT NULL COMMENT 'Basic element of a scientific name; e.g. the epithet argentatus as used in Larus argentatus argenteus',
  PRIMARY KEY (`id`),
  UNIQUE KEY `name_element` (`name_element`)
) ENGINE=InnoDB  DEFAULT CHARSET=utf8 COMMENT='Individual elements used to generate a scientific name' AUTO_INCREMENT=190 ;

--
-- Dumping data for table `scientific_name_element`
--

INSERT INTO `scientific_name_element` (`id`, `name_element`) VALUES
(95, 'Acanthococcus'),
(96, 'Actinopterygii '),
(97, 'albotomentella'),
(98, 'americana'),
(99, 'Animalia '),
(100, 'Apoidea '),
(101, 'arenosus'),
(102, 'Arthropoda '),
(103, 'Asellus'),
(104, 'australis'),
(105, 'Bacteria '),
(106, 'Barbus'),
(107, 'besseri'),
(108, 'Bivalvia '),
(109, 'callarias'),
(110, 'Cerambycidae '),
(111, 'Chlorophyceae '),
(112, 'Chlorophyta '),
(113, 'Chordata '),
(114, 'Chroococcales '),
(115, 'Coccoidea '),
(116, 'Coleoptera '),
(117, 'cor'),
(118, 'Crambidae '),
(119, 'crispa'),
(120, 'Cyanobacteria '),
(121, 'Cyprinidae '),
(122, 'Cypriniformes '),
(123, 'Dichochroma'),
(124, 'disjuncta'),
(125, 'Eriococcidae '),
(126, 'Eriococcus'),
(127, 'Fusconaia'),
(128, 'fuscotomentella'),
(129, 'Gadidae '),
(130, 'Gadiformes '),
(131, 'Gadus'),
(132, 'glabra'),
(133, 'glabrescens'),
(134, 'Glaphyra'),
(135, 'granulata'),
(136, 'granulatus'),
(137, 'Hemiptera '),
(138, 'heteroglossus'),
(139, 'hiemalis'),
(140, 'hieronymi'),
(141, 'Hymenoptera '),
(142, 'hypoleuca'),
(143, 'Insecta '),
(144, 'kildinensis'),
(145, 'lanata'),
(146, 'Lepidoptera '),
(147, 'Magnoliophyta '),
(148, 'Magnoliopsida '),
(149, 'major'),
(150, 'Megachilidae '),
(151, 'Microcystaceae '),
(152, 'Mollusca '),
(153, 'Morhua'),
(154, 'Morrhua'),
(155, 'muralis'),
(156, 'nanus'),
(157, 'Nidularia'),
(158, 'Not assigned '),
(159, 'Osmia'),
(189, 'pimpinellifolia'),
(160, 'Plantae '),
(161, 'pleurogramma'),
(162, 'Polylepis'),
(188, 'pomifera'),
(163, 'Potamogeton'),
(164, 'praelongus'),
(165, 'Prasiola'),
(166, 'Prasiolaceae '),
(167, 'Prasiolales '),
(168, 'pubescens'),
(169, 'pubinervia'),
(170, 'punctatus'),
(171, 'Pyraloidea '),
(172, 'racemosa'),
(173, 'Rhizococcus'),
(187, 'Rosa'),
(174, 'Rosaceae '),
(175, 'Rosales '),
(176, 'ruber'),
(177, 'rupestris'),
(178, 'shimai'),
(179, 'subresinosa'),
(180, 'tomentosa'),
(181, 'triacontandra'),
(182, 'Trochiscia'),
(183, 'Unionidae '),
(184, 'Unionoida '),
(185, 'vertagus'),
(186, 'vulgaris');

-- --------------------------------------------------------

--
-- Table structure for table `scientific_name_status`
--

CREATE TABLE IF NOT EXISTS `scientific_name_status` (
  `id` tinyint(2) unsigned NOT NULL AUTO_INCREMENT,
  `name_status` varchar(50) NOT NULL COMMENT 'Name status of a taxon',
  PRIMARY KEY (`id`),
  UNIQUE KEY `name_status` (`name_status`)
) ENGINE=InnoDB  DEFAULT CHARSET=utf8 COMMENT='Predetermined list of name statuses' AUTO_INCREMENT=6 ;

--
-- Dumping data for table `scientific_name_status`
--

INSERT INTO `scientific_name_status` (`id`, `name_status`) VALUES
(1, 'accepted name'),
(2, 'ambiguous synonym'),
(3, 'misapplied name'),
(4, 'provisionally accepted name'),
(5, 'synonym');

-- --------------------------------------------------------

--
-- Table structure for table `scrutiny`
--

CREATE TABLE IF NOT EXISTS `scrutiny` (
  `id` int(10) unsigned NOT NULL AUTO_INCREMENT,
  `scrutiny_date` date DEFAULT NULL COMMENT 'Most recent date a taxon name was verified',
  `specialist_id` int(10) unsigned DEFAULT NULL COMMENT 'Link to the specialist who examined the validity of a taxon',
  PRIMARY KEY (`id`),
  UNIQUE KEY `unique` (`scrutiny_date`,`specialist_id`),
  KEY `scrutiny_date` (`scrutiny_date`),
  KEY `specialist_id` (`specialist_id`)
) ENGINE=InnoDB  DEFAULT CHARSET=utf8 COMMENT='Latest scrutiny date of a taxon' AUTO_INCREMENT=12 ;

--
-- Dumping data for table `scrutiny`
--

INSERT INTO `scrutiny` (`id`, `scrutiny_date`, `specialist_id`) VALUES
(5, NULL, NULL),
(10, NULL, 12),
(8, NULL, 23),
(4, NULL, 345),
(2, NULL, 371),
(1, NULL, 695),
(6, '1994-09-06', NULL),
(7, '2001-10-17', NULL),
(9, '2007-01-01', 721),
(3, '2008-09-30', NULL),
(11, '2009-01-01', 721);

-- --------------------------------------------------------

--
-- Table structure for table `source_database`
--

CREATE TABLE IF NOT EXISTS `source_database` (
  `id` int(10) unsigned NOT NULL AUTO_INCREMENT,
  `name` varchar(255) NOT NULL COMMENT 'Full name of the source database',
  `abbreviated_name` varchar(50) DEFAULT NULL COMMENT 'Abbreviated name of the source database',
  `group_name_in_english` varchar(255) DEFAULT NULL COMMENT 'Name in English of the group(s) treated in the database',
  `authors_and_editors` varchar(255) DEFAULT NULL COMMENT 'Optional author(s) and editor(s) of the source database',
  `organisation` varchar(255) DEFAULT NULL COMMENT 'Optional organisation which has compiled or is owning the source database',
  `contact_person` varchar(255) DEFAULT NULL COMMENT 'Optional contact person of the source database',
  `version` varchar(25) DEFAULT NULL COMMENT 'Optional version number of the source database',
  `release_date` date DEFAULT NULL COMMENT 'Optional most recent release date of the source database',
  `abstract` text COMMENT 'Optional free text field describing the source database',
  PRIMARY KEY (`id`),
  UNIQUE KEY `name` (`name`,`abbreviated_name`)
) ENGINE=InnoDB  DEFAULT CHARSET=utf8 COMMENT='Information about source databases' AUTO_INCREMENT=68 ;

--
-- Dumping data for table `source_database`
--

INSERT INTO `source_database` (`id`, `name`, `abbreviated_name`, `group_name_in_english`, `authors_and_editors`, `organisation`, `contact_person`, `version`, `release_date`, `abstract`) VALUES
(2, 'AlgaeBase', 'AlgaeBase', NULL, 'M Guiry', 'Martin Ryan Institute, National University of Ireland, Galway, Ireland', 'M Guiry', '3.0, Dec 2004', '2004-12-14', 'Algaebase aspires to include all organisms regarded as algae, including the Cyanophyta (or Cyanobacteria). Primarily a taxonomic database, it has diverse information on freshwater, marine (seaweeds) and terrestrial algae, including uses and many pictures. Seagrasses are also included for the present. About 55,000 names are currently documented. AlgaeBase was developed at the Martin Ryan Institute, National University of Ireland, Galway, with support from the Higher Education Authority (Irish Department of Education and Science) and the European Commission.'),
(10, 'FishBase', 'FishBase', NULL, 'R Froese & D Pauly (eds)', 'WorldFish; FAO;  IfM-GEOMAR;  FC-UBC; MNHN; RMCA; NRM; AUTH; CAFS', 'R Froese & D Pauly (eds)', 'Dec 2008', '2008-12-30', 'FishBase is a global information system with extensive information on all species of fish. In addition to the data contributed to the Catalogue of Life, the original FishBase database also includes descriptive, physiological and conservation data and onward links to information in many other databases. It is supported by a consortium of nine institutions including the Food and Agriculture Organization of the United Nations. Data entry and maintenance is done mainly at the WorldFish Center in the Philippines, in collaboration with many other partners, and with support from the European Commission.'),
(16, 'IOPI Global Plant Checklist', 'IOPI-GPC', NULL, 'KL Wilson and WG Berendsohn (eds)', 'International Organization for Plant Information (IOPI)', 'KL Wilson and WG Berendsohn (eds)', '10.0, Aug 2007', '2007-08-01', 'The International Organization for Plant Information (IOPI) aims to produce a database of all vascular plant species and other products such as a World Flora. The checklist currently holds over 200,000 names and implements the innovative potential taxon concept. Data for the cycads and 6 flowering plant families are included in this Annual Checklist. Cycad data come from World List of Cycads (htttp://plantnet.rbgsyd.nsw.gov.au/PlantNet/cycad/) maintained by KD Hill (NSW) & DW Stevenson (New York Botanical Garden), 2004. Casuarinaceace data supplied by KL Wilson and LAS Johnson (†) (Royal Botanic Gardens Sydney), 1996. Chrysobalanaceae data supplied by GT Prance & CA Sothers (Royal Botanic Gardens Kew), 2005. Eucalypt data supplied by KD Hill & LC Stanberg (Royal Botanic Gardens Sydney), 2004. Irvingiaceae data supplied by DJ Harris (Royal Botanic Garden, Edinburgh), 1999. Juncaceae data compiled by J Kirschner (Institute of Botany, Pruhonice), 2004. Rosaceae data added by R Pankhurst (Royal Botanic Garden, Edinburgh) in 2005, revised in 2006/7.'),
(17, 'The Integrated Taxonomic Information System', 'ITIS', NULL, 'T Orrell (custodian)', 'The Integrated Taxonomic Information System (ITIS)', 'T Orrell (custodian)', 'Nov 2008', '2008-11-12', 'ITIS supplies both global and New World groups to the Catalogue of Life – with emphasis on GSDs. ITIS develops taxonomic coverage of all biota of interest to North America and contains over 591,000 scientific and common names and has either a global or New World treatment of many groups.'),
(18, 'The Global Lepidoptera Names Index', 'LepIndex', NULL, 'GW Beccaloni, MJ Scoble, GS Robinson & B Pitkin', 'Natural History Museum, London, UK', 'GW Beccaloni, MJ Scoble, GS Robinson & B Pitkin', '12.2, Jun 2005', '2005-06-15', 'LepIndex is a digitised and updated version of the unique index card archive to the scientific names of the living and fossil butterflies and moths of the world at the Natural History Museum (London). This card index was produced by the museum’s lepidopterists over many decades and it contains about 9 % of all published Lepidoptera names (90,099 in total), including misspellings and misidentifications.'),
(26, 'Systematic Database of the Scale Insects of the World', 'ScaleNet', NULL, 'Y Ben-Dov & DR Miller', 'Agricultural Research Organization, Bet Dagan, Israel; USDA, Systematic Entomology Laboratory, Beltsville, USA', 'Y Ben-Dov & DR Miller', 'Dec 2004', '2004-12-05', 'The ScaleNet site provides comprehensive information on the scale insects (Hemiptera: Coccoidea) of the world, including queriable information on their classification, nomenclatural history, geographical distribution, host plants, natural enemies, economic importance and literature. Currently information can be retrieved for 27 families, and data of about 21,000 references dating from 1758 to the present. Ultimately, information will be provided for all 28 families of scale insects, comprising more than 7,500 species.'),
(32, 'Cerambycidae database', 'TITAN', NULL, 'G Tavakilian', 'Institut de Recherche pour le Développement (IRD), Paris, France', 'G Tavakilian', 'Oct 2006', '2005-10-25', 'This database is gathering the complete bibliography of the American species of Cerambycidae (sensu lato), Timber beetles. The main references for European species (completely represented) and many for the species from other continents are being added gradually. There are currently more than 29,000 taxa included and 21,000 types, as well as their host plants if known.'),
(67, 'ITIS World Bee Checklist', 'ITIS Bees', NULL, 'T Orrell (custodian)', 'The Integrated Taxonomic Information System (ITIS)', 'T Orrell (custodian)', 'Nov 2008', '2008-11-01', 'Together with specialists around the world, ITIS has completed a checklist of the bee species of the world. The checklist (with some synonyms and subspecies) is integrated into the ITIS database. Project led by M Ruggiero (ITIS). Principal scientific contributors: JS Ascher (AMNH, USA), C Eardley (PPRI, South Africa), T Griswold (USDA, USA), G Melo (Federal University of Parana, Brazil), A Polaszek (NHM, UK), O Tadauchi (University of Kyushu, Japan), K Walker (Museum Victoria, Australia), N Warrit (NMNH, USA), and P Williams (NHM, UK). Principal technical contributors: D Nicolson (USGS, USA); J Pickering (Discover Life and University of Georgia, USA) and D Remsen (GBIF, Denmark).');

-- --------------------------------------------------------

--
-- Table structure for table `specialist`
--

CREATE TABLE IF NOT EXISTS `specialist` (
  `id` int(10) unsigned NOT NULL AUTO_INCREMENT,
  `name` varchar(100) NOT NULL,
  PRIMARY KEY (`id`),
  UNIQUE KEY `name` (`name`)
) ENGINE=InnoDB  DEFAULT CHARSET=utf8 COMMENT='Specialists who have verified the validity of taxa' AUTO_INCREMENT=722 ;

--
-- Dumping data for table `specialist`
--

INSERT INTO `specialist` (`id`, `name`) VALUES
(345, 'Beccaloni G.'),
(12, 'Guiry M.D.'),
(371, 'Miller G.'),
(721, 'Pankhurst R.'),
(23, 'Rindi F.'),
(695, 'Tavakilian G.');

-- --------------------------------------------------------

--
-- Table structure for table `synonym`
--

CREATE TABLE IF NOT EXISTS `synonym` (
  `id` int(10) unsigned NOT NULL AUTO_INCREMENT,
  `taxon_id` int(10) unsigned NOT NULL COMMENT 'Link to valid taxon to which the synonym relates',
  `author_string_id` int(10) unsigned DEFAULT NULL COMMENT 'Link to author citation of the synonym',
  `scientific_name_status_id` tinyint(2) unsigned NOT NULL COMMENT 'Link to the name status of the synonym',
  PRIMARY KEY (`id`),
  KEY `taxon_id` (`taxon_id`),
  KEY `author_string_id` (`author_string_id`),
  KEY `scientific_name_status_id` (`scientific_name_status_id`)
) ENGINE=InnoDB  DEFAULT CHARSET=utf8 COMMENT='Synonym details linked to a valid taxon' AUTO_INCREMENT=35 ;

--
-- Dumping data for table `synonym`
--

INSERT INTO `synonym` (`id`, `taxon_id`, `author_string_id`, `scientific_name_status_id`) VALUES
(1, 51, NULL, 2),
(2, 51, 14, 5),
(3, 51, 6, 5),
(4, 51, 15, 5),
(5, 53, 16, 5),
(6, 59, 17, 5),
(7, 59, 18, 5),
(8, 59, 19, 5),
(9, 51, 20, 5),
(10, 51, 20, 5),
(11, 51, 21, 5),
(12, 51, 20, 5),
(13, 51, 22, 5),
(14, 51, 14, 5),
(15, 51, 23, 2),
(16, 51, 24, 5),
(17, 51, 6, 5),
(18, 51, 6, 5),
(19, 51, 22, 5),
(20, 51, 6, 5),
(21, 51, 15, 5),
(22, 51, 14, 5),
(23, 51, 6, 5),
(24, 51, 15, 5),
(25, 57, 25, 5),
(26, 57, 25, 5),
(27, 57, 25, 5),
(28, 57, 25, 5),
(29, 57, 25, 5),
(30, 57, 25, 5),
(31, 57, 25, 5),
(32, 58, 25, 5),
(33, 58, 25, 5),
(34, 55, 26, 5);

-- --------------------------------------------------------

--
-- Table structure for table `synonym_name_element`
--

CREATE TABLE IF NOT EXISTS `synonym_name_element` (
  `id` int(10) NOT NULL,
  `taxonomic_rank_id` tinyint(3) unsigned NOT NULL,
  `scientific_name_element_id` int(10) unsigned NOT NULL,
  `synonym_id` int(10) unsigned NOT NULL,
  `hybrid_order` tinyint(1) unsigned DEFAULT NULL COMMENT 'Order of parents if synonym is a hybrid; see documentation for details',
  PRIMARY KEY (`id`),
  UNIQUE KEY `unique` (`taxonomic_rank_id`,`scientific_name_element_id`,`synonym_id`),
  KEY `taxonomic_rank_id` (`taxonomic_rank_id`),
  KEY `scientific_name_element_id` (`scientific_name_element_id`),
  KEY `synonym_id` (`synonym_id`)
) ENGINE=InnoDB DEFAULT CHARSET=utf8 COMMENT='Name elements of a complete synonym';

--
-- Dumping data for table `synonym_name_element`
--

INSERT INTO `synonym_name_element` (`id`, `taxonomic_rank_id`, `scientific_name_element_id`, `synonym_id`, `hybrid_order`) VALUES
(1, 20, 103, 1, NULL),
(2, 83, 149, 1, NULL),
(3, 20, 131, 2, NULL),
(4, 83, 101, 2, NULL),
(5, 20, 131, 3, NULL),
(6, 83, 109, 3, NULL),
(7, 20, 131, 4, NULL),
(8, 83, 109, 4, NULL),
(9, 49, 144, 4, NULL),
(10, 20, 126, 5, NULL),
(11, 83, 136, 5, NULL),
(12, 20, 173, 6, NULL),
(13, 83, 136, 6, NULL),
(14, 20, 157, 7, NULL),
(15, 83, 136, 7, NULL),
(16, 20, 126, 8, NULL),
(17, 83, 136, 8, NULL),
(18, 20, 153, 9, NULL),
(19, 83, 186, 9, NULL),
(20, 20, 153, 10, NULL),
(21, 83, 170, 10, NULL),
(22, 20, 154, 11, NULL),
(23, 83, 98, 11, NULL),
(24, 20, 154, 12, NULL),
(25, 83, 186, 12, NULL),
(26, 20, 131, 13, NULL),
(27, 83, 185, 13, NULL),
(28, 20, 131, 14, NULL),
(29, 83, 177, 14, NULL),
(30, 20, 131, 15, NULL),
(31, 83, 176, 15, NULL),
(32, 20, 131, 16, NULL),
(33, 83, 156, 16, NULL),
(34, 20, 131, 17, NULL),
(35, 83, 154, 17, NULL),
(36, 20, 131, 18, NULL),
(37, 83, 153, 18, NULL),
(38, 49, 153, 18, NULL),
(39, 20, 131, 19, NULL),
(40, 83, 138, 19, NULL),
(41, 20, 131, 20, NULL),
(42, 83, 153, 20, NULL),
(43, 104, 109, 20, NULL),
(44, 20, 131, 21, NULL),
(45, 83, 109, 21, NULL),
(46, 104, 144, 21, NULL),
(47, 20, 131, 22, NULL),
(48, 83, 101, 22, NULL),
(49, 20, 131, 23, NULL),
(50, 83, 109, 23, NULL),
(51, 20, 131, 24, NULL),
(52, 83, 153, 24, NULL),
(53, 104, 144, 24, NULL),
(54, 20, 162, 25, NULL),
(55, 83, 172, 25, NULL),
(56, 129, 97, 25, NULL),
(57, 20, 162, 26, NULL),
(58, 83, 172, 26, NULL),
(59, 129, 128, 26, NULL),
(60, 20, 162, 27, NULL),
(61, 83, 172, 27, NULL),
(62, 129, 132, 27, NULL),
(63, 20, 162, 28, NULL),
(64, 83, 172, 28, NULL),
(65, 129, 133, 28, NULL),
(66, 20, 162, 29, NULL),
(67, 83, 172, 29, NULL),
(68, 129, 168, 29, NULL),
(69, 20, 162, 30, NULL),
(70, 83, 172, 30, NULL),
(71, 129, 169, 30, NULL),
(72, 20, 162, 31, NULL),
(73, 83, 172, 31, NULL),
(74, 129, 179, 31, NULL),
(75, 20, 162, 32, NULL),
(76, 83, 172, 32, NULL),
(77, 129, 145, 32, NULL),
(78, 20, 162, 33, NULL),
(79, 83, 172, 33, NULL),
(80, 129, 180, 33, NULL),
(81, 20, 162, 34, NULL),
(82, 83, 172, 34, NULL),
(83, 129, 142, 34, NULL);

-- --------------------------------------------------------

--
-- Table structure for table `taxon`
--

CREATE TABLE IF NOT EXISTS `taxon` (
  `id` int(10) unsigned NOT NULL AUTO_INCREMENT,
  `taxonomic_rank_id` tinyint(3) unsigned NOT NULL,
  `source_database_id` int(10) unsigned DEFAULT NULL,
  PRIMARY KEY (`id`),
  KEY `taxonomic_rank_id` (`taxonomic_rank_id`),
  KEY `source_database_id` (`source_database_id`)
) ENGINE=InnoDB  DEFAULT CHARSET=utf8 COMMENT='Scientific name elements and hierarchy of a taxon' AUTO_INCREMENT=68 ;

--
-- Dumping data for table `taxon`
--

INSERT INTO `taxon` (`id`, `taxonomic_rank_id`, `source_database_id`) VALUES
(1, 54, NULL),
(2, 54, NULL),
(3, 54, NULL),
(4, 76, NULL),
(5, 76, NULL),
(6, 76, NULL),
(7, 76, NULL),
(8, 76, NULL),
(9, 76, NULL),
(10, 6, NULL),
(11, 6, NULL),
(12, 6, NULL),
(13, 6, NULL),
(14, 6, NULL),
(15, 6, NULL),
(16, 72, NULL),
(17, 72, NULL),
(18, 72, NULL),
(19, 72, NULL),
(20, 72, NULL),
(21, 72, NULL),
(22, 72, NULL),
(23, 72, NULL),
(24, 72, NULL),
(25, 72, NULL),
(26, 17, NULL),
(27, 112, NULL),
(28, 112, NULL),
(29, 112, NULL),
(30, 17, NULL),
(31, 17, NULL),
(32, 17, NULL),
(33, 17, NULL),
(34, 17, NULL),
(35, 17, NULL),
(36, 20, 32),
(37, 17, NULL),
(38, 17, NULL),
(39, 17, NULL),
(40, 20, 10),
(41, 20, 10),
(42, 20, 17),
(43, 20, 2),
(44, 20, 2),
(45, 20, 16),
(46, 83, 32),
(47, 20, 26),
(48, 20, 67),
(49, 20, 18),
(50, 83, 10),
(51, 83, 10),
(52, 83, 17),
(53, 83, 2),
(54, 83, 2),
(55, 83, 16),
(56, 83, 16),
(57, 83, 16),
(58, 83, 16),
(59, 83, 26),
(60, 83, 67),
(61, 83, 18),
(62, 19, 2),
(63, 104, 16),
(64, 20, 16),
(65, 83, 16),
(66, 83, 16),
(67, 30, 16);

-- --------------------------------------------------------

--
-- Table structure for table `taxonomic_rank`
--

CREATE TABLE IF NOT EXISTS `taxonomic_rank` (
  `id` tinyint(3) unsigned NOT NULL AUTO_INCREMENT,
  `rank` varchar(50) NOT NULL COMMENT 'Taxonomic rank (e.g. family, subspecies)',
  PRIMARY KEY (`id`),
  UNIQUE KEY `rank` (`rank`)
) ENGINE=InnoDB  DEFAULT CHARSET=utf8 COMMENT='Predetermined list of taxonomic ranks' AUTO_INCREMENT=130 ;

--
-- Dumping data for table `taxonomic_rank`
--

INSERT INTO `taxonomic_rank` (`id`, `rank`) VALUES
(1, 'aggregate'),
(2, 'bio-variety'),
(3, 'branch'),
(4, 'candidate'),
(5, 'capaxorder'),
(6, 'class'),
(7, 'cohort'),
(8, 'complex'),
(9, 'convar'),
(10, 'cultivar'),
(11, 'cultivar-group'),
(12, 'denominationclass'),
(13, 'division'),
(14, 'domain'),
(15, 'empire'),
(16, 'epifamily'),
(17, 'family'),
(18, 'family group'),
(19, 'form'),
(20, 'genus'),
(21, 'genus group'),
(22, 'gigafamily'),
(23, 'gigaorder'),
(24, 'grade'),
(25, 'graft-chimaera'),
(26, 'grandfamily'),
(27, 'grandorder'),
(28, 'grex'),
(29, 'group'),
(30, 'hybrid'),
(31, 'hyperfamily'),
(32, 'hyperorder'),
(33, 'hypoorder'),
(34, 'incertae sedie'),
(35, 'infraclass'),
(36, 'infracohort'),
(37, 'infradivision'),
(38, 'infradomain'),
(39, 'infrafamily'),
(40, 'infraform'),
(41, 'infragenerictaxon'),
(42, 'infragenus'),
(43, 'infrakingdom'),
(44, 'infralegion'),
(45, 'infraorder'),
(46, 'infraphylum'),
(47, 'infrasection'),
(48, 'infraseries'),
(49, 'infraspecies'),
(50, 'infraspecifictaxon'),
(51, 'infratribe'),
(52, 'infravariety'),
(53, 'interkingdom'),
(54, 'kingdom'),
(55, 'legion'),
(56, 'magnorder'),
(57, 'megafamily'),
(58, 'megaorder'),
(59, 'microorder'),
(60, 'microphylum'),
(61, 'microspecies'),
(62, 'midkingdom'),
(63, 'midphylum'),
(64, 'minorder'),
(65, 'mirorder'),
(66, 'monster'),
(67, 'morph'),
(68, 'morphovar'),
(69, 'mutant'),
(70, 'nanorder'),
(71, 'near'),
(72, 'order'),
(73, 'parvclass'),
(74, 'parvorder'),
(75, 'patho-variety'),
(76, 'phylum'),
(77, 'prole'),
(78, 'race'),
(79, 'section'),
(80, 'series'),
(81, 'serovar'),
(82, 'specialform'),
(83, 'species'),
(84, 'species group'),
(85, 'speciesaggregate'),
(86, 'strain'),
(87, 'sub-sub-variety'),
(88, 'sub-variety'),
(89, 'subclass'),
(90, 'subcohort'),
(91, 'subdivision'),
(92, 'subdomain'),
(93, 'subfamily'),
(94, 'subfamily group'),
(95, 'subform'),
(96, 'subgenus'),
(97, 'subgroup'),
(98, 'subkingdom'),
(99, 'sublegion'),
(100, 'suborder'),
(101, 'subphylum'),
(102, 'subsection'),
(103, 'subseries'),
(104, 'subspecies'),
(105, 'subspecificaggregate'),
(106, 'subsubform'),
(107, 'subtribe'),
(108, 'superclass'),
(109, 'supercohort'),
(110, 'superdivision'),
(111, 'superdomain'),
(112, 'superfamily'),
(113, 'superform'),
(114, 'supergenus'),
(115, 'superkingdom'),
(116, 'superlegion'),
(117, 'superorder'),
(118, 'superphylum'),
(119, 'supersection'),
(120, 'superseries'),
(121, 'superspecies'),
(122, 'supertribe'),
(123, 'supervariety'),
(124, 'supragenerictaxon'),
(125, 'suprakingdom'),
(126, 'supraphylum'),
(127, 'tribe'),
(128, 'uncatalogued ranks'),
(129, 'variety');

-- --------------------------------------------------------

--
-- Table structure for table `taxon_detail`
--

CREATE TABLE IF NOT EXISTS `taxon_detail` (
  `taxon_id` int(10) unsigned NOT NULL,
  `author_string_id` int(10) unsigned DEFAULT NULL COMMENT 'Link to author citation of the taxon',
  `scientific_name_status_id` tinyint(2) unsigned NOT NULL,
  `scrutiny_id` int(10) unsigned NOT NULL,
  `additional_data` text COMMENT 'Optional free text field describing the taxon',
  PRIMARY KEY (`taxon_id`),
  UNIQUE KEY `unique` (`author_string_id`,`scientific_name_status_id`,`scrutiny_id`),
  KEY `author_string_id` (`author_string_id`),
  KEY `taxononomic_status_id` (`scientific_name_status_id`),
  KEY `scrutiny_id` (`scrutiny_id`)
) ENGINE=InnoDB DEFAULT CHARSET=utf8 COMMENT='Details pertaining to species and infraspecies';

--
-- Dumping data for table `taxon_detail`
--

INSERT INTO `taxon_detail` (`taxon_id`, `author_string_id`, `scientific_name_status_id`, `scrutiny_id`, `additional_data`) VALUES
(46, 1, 1, 1, ''),
(50, 5, 1, 5, ''),
(51, 6, 1, 6, 'Incorrectly spelled as <i>mor*r*hua</i> by many authors (Ref. 56787).'),
(52, 7, 1, 7, ''),
(53, 8, 1, 8, ''),
(54, 30, 1, 10, NULL),
(55, 9, 1, 9, ''),
(56, 10, 4, 9, ''),
(57, 11, 1, 9, ''),
(58, 12, 4, 9, ''),
(59, 2, 1, 2, ''),
(60, 3, 1, 3, ''),
(61, 4, 1, 4, ''),
(62, 13, 1, 10, ''),
(63, 29, 4, 11, NULL),
(65, 27, 4, 9, ''),
(66, 28, 4, 9, '');

-- --------------------------------------------------------

--
-- Table structure for table `taxon_name_element`
--

CREATE TABLE IF NOT EXISTS `taxon_name_element` (
  `taxon_id` int(10) unsigned NOT NULL,
  `scientific_name_element_id` int(10) unsigned NOT NULL,
  `parent_id` int(10) unsigned DEFAULT NULL,
  PRIMARY KEY (`taxon_id`),
  KEY `scientific_name_element_id` (`scientific_name_element_id`),
  KEY `parent_id` (`parent_id`)
) ENGINE=InnoDB DEFAULT CHARSET=utf8;

--
-- Dumping data for table `taxon_name_element`
--

INSERT INTO `taxon_name_element` (`taxon_id`, `scientific_name_element_id`, `parent_id`) VALUES
(1, 99, NULL),
(2, 105, NULL),
(3, 160, NULL),
(4, 102, 1),
(5, 113, 1),
(6, 152, 1),
(7, 120, 2),
(8, 112, 3),
(9, 147, 3),
(10, 143, 4),
(11, 96, 5),
(12, 108, 6),
(13, 158, 7),
(14, 111, 8),
(15, 148, 9),
(16, 116, 10),
(17, 137, 10),
(18, 141, 10),
(19, 146, 10),
(20, 122, 11),
(21, 130, 11),
(22, 184, 12),
(23, 114, 13),
(24, 167, 14),
(25, 175, 15),
(26, 110, 16),
(27, 115, 17),
(28, 100, 18),
(29, 171, 19),
(30, 121, 20),
(31, 129, 21),
(32, 183, 22),
(33, 151, 23),
(34, 166, 24),
(35, 174, 25),
(36, 134, 26),
(37, 125, 27),
(38, 150, 28),
(39, 118, 29),
(40, 106, 30),
(41, 131, 31),
(42, 127, 32),
(43, 182, 33),
(44, 165, 34),
(45, 162, 35),
(46, 178, 36),
(47, 126, 37),
(48, 159, 38),
(49, 123, 39),
(50, 161, 40),
(51, 153, 41),
(52, 117, 42),
(53, 135, 43),
(54, 119, 44),
(55, 140, 45),
(56, 172, 45),
(57, 104, 45),
(58, 107, 45),
(59, 136, 47),
(60, 124, 48),
(61, 155, 49),
(62, 155, 54),
(63, 145, 56),
(64, 187, 35),
(65, 188, 64),
(66, 189, 64);

-- --------------------------------------------------------

--
-- Table structure for table `temp_search_table`
--

CREATE TABLE IF NOT EXISTS `temp_search_table` (
  `id` int(10) NOT NULL,
  `name_element` varchar(255) NOT NULL,
  `name` varchar(255) NOT NULL,
  `rank` varchar(255) NOT NULL,
  `name_status` varchar(255) NOT NULL,
  `name_status_suffix` varchar(255) NOT NULL,
  `group` varchar(255) NOT NULL,
  `source_database` varchar(255) NOT NULL
) ENGINE=InnoDB DEFAULT CHARSET=utf8;

--
-- Dumping data for table `temp_search_table`
--

INSERT INTO `temp_search_table` (`id`, `name_element`, `name`, `rank`, `name_status`, `name_status_suffix`, `group`, `source_database`) VALUES
(10, 'Insecta ', 'Insecta ', 'class', '', '', 'Animalia ', ''),
(11, 'Actinopterygii ', 'Actinopterygii ', 'class', '', '', 'Animalia ', ''),
(12, 'Bivalvia ', 'Bivalvia ', 'class', '', '', 'Animalia ', ''),
(13, 'Not assigned ', 'Not assigned ', 'class', '', '', 'Bacteria ', ''),
(14, 'Chlorophyceae ', 'Chlorophyceae ', 'class', '', '', 'Plantae ', ''),
(15, 'Magnoliopsida ', 'Magnoliopsida ', 'class', '', '', 'Plantae ', ''),
(26, 'Cerambycidae ', 'Cerambycidae ', 'family', '', '', 'Animalia ', ''),
(30, 'Cyprinidae ', 'Cyprinidae ', 'family', '', '', 'Animalia ', ''),
(31, 'Gadidae ', 'Gadidae ', 'family', '', '', 'Animalia ', ''),
(32, 'Unionidae ', 'Unionidae ', 'family', '', '', 'Animalia ', ''),
(33, 'Microcystaceae ', 'Microcystaceae ', 'family', '', '', 'Bacteria ', ''),
(34, 'Prasiolaceae ', 'Prasiolaceae ', 'family', '', '', 'Plantae ', ''),
(35, 'Rosaceae ', 'Rosaceae ', 'family', '', '', 'Plantae ', ''),
(37, 'Eriococcidae ', 'Eriococcidae ', 'family', '', '', 'Animalia ', ''),
(38, 'Megachilidae ', 'Megachilidae ', 'family', '', '', 'Animalia ', ''),
(39, 'Crambidae ', 'Crambidae ', 'family', '', '', 'Animalia ', ''),
(36, 'Glaphyra', 'Glaphyra', 'genus', '', '', 'Animalia ', 'Cerambycidae database'),
(40, 'Barbus', 'Barbus', 'genus', '', '', 'Animalia ', 'FishBase'),
(41, 'Gadus', 'Gadus', 'genus', '', '', 'Animalia ', 'FishBase'),
(42, 'Fusconaia', 'Fusconaia', 'genus', '', '', 'Animalia ', 'The Integrated Taxonomic Information System'),
(43, 'Trochiscia', 'Trochiscia', 'genus', '', '', 'Bacteria ', 'AlgaeBase'),
(44, 'Prasiola', 'Prasiola', 'genus', '', '', 'Plantae ', 'AlgaeBase'),
(45, 'Polylepis', 'Polylepis', 'genus', '', '', 'Plantae ', 'IOPI Global Plant Checklist'),
(47, 'Eriococcus', 'Eriococcus', 'genus', '', '', 'Animalia ', 'Systematic Database of the Scale Insects of the World'),
(48, 'Osmia', 'Osmia', 'genus', '', '', 'Animalia ', 'ITIS World Bee Checklist'),
(49, 'Dichochroma', 'Dichochroma', 'genus', '', '', 'Animalia ', 'The Global Lepidoptera Names Index'),
(64, 'Rosa', 'Rosa', 'genus', '', '', 'Plantae ', 'IOPI Global Plant Checklist'),
(1, 'Animalia ', 'Animalia ', 'kingdom', '', '', 'Animalia ', ''),
(2, 'Bacteria ', 'Bacteria ', 'kingdom', '', '', 'Bacteria ', ''),
(3, 'Plantae ', 'Plantae ', 'kingdom', '', '', 'Plantae ', ''),
(16, 'Coleoptera ', 'Coleoptera ', 'order', '', '', 'Animalia ', ''),
(17, 'Hemiptera ', 'Hemiptera ', 'order', '', '', 'Animalia ', ''),
(18, 'Hymenoptera ', 'Hymenoptera ', 'order', '', '', 'Animalia ', ''),
(19, 'Lepidoptera ', 'Lepidoptera ', 'order', '', '', 'Animalia ', ''),
(20, 'Cypriniformes ', 'Cypriniformes ', 'order', '', '', 'Animalia ', ''),
(21, 'Gadiformes ', 'Gadiformes ', 'order', '', '', 'Animalia ', ''),
(22, 'Unionoida ', 'Unionoida ', 'order', '', '', 'Animalia ', ''),
(23, 'Chroococcales ', 'Chroococcales ', 'order', '', '', 'Bacteria ', ''),
(24, 'Prasiolales ', 'Prasiolales ', 'order', '', '', 'Plantae ', ''),
(25, 'Rosales ', 'Rosales ', 'order', '', '', 'Plantae ', ''),
(4, 'Arthropoda ', 'Arthropoda ', 'phylum', '', '', 'Animalia ', ''),
(5, 'Chordata ', 'Chordata ', 'phylum', '', '', 'Animalia ', ''),
(6, 'Mollusca ', 'Mollusca ', 'phylum', '', '', 'Animalia ', ''),
(7, 'Cyanobacteria ', 'Cyanobacteria ', 'phylum', '', '', 'Bacteria ', ''),
(8, 'Chlorophyta ', 'Chlorophyta ', 'phylum', '', '', 'Plantae ', ''),
(9, 'Magnoliophyta ', 'Magnoliophyta ', 'phylum', '', '', 'Plantae ', ''),
(27, 'Coccoidea ', 'Coccoidea ', 'superfamily', '', '', 'Animalia ', ''),
(28, 'Apoidea ', 'Apoidea ', 'superfamily', '', '', 'Animalia ', ''),
(29, 'Pyraloidea ', 'Pyraloidea ', 'superfamily', '', '', 'Animalia ', ''),
(46, 'shimai', 'Glaphyra shimai', 'species', 'accepted name', '', 'Animalia ', 'Cerambycidae database'),
(50, 'pleurogramma', 'Barbus pleurogramma', 'species', 'accepted name', '', 'Animalia ', 'FishBase'),
(51, 'Morhua', 'Gadus Morhua', 'species', 'accepted name', '', 'Animalia ', 'FishBase'),
(52, 'cor', 'Fusconaia cor', 'species', 'accepted name', '', 'Animalia ', 'The Integrated Taxonomic Information System'),
(53, 'granulata', 'Trochiscia granulata', 'species', 'accepted name', '', 'Bacteria ', 'AlgaeBase'),
(54, 'crispa', 'Prasiola crispa', 'species', 'accepted name', '', 'Plantae ', 'AlgaeBase'),
(55, 'hieronymi', 'Polylepis hieronymi', 'species', 'accepted name', '', 'Plantae ', 'IOPI Global Plant Checklist'),
(57, 'australis', 'Polylepis australis', 'species', 'accepted name', '', 'Plantae ', 'IOPI Global Plant Checklist'),
(59, 'granulatus', 'Eriococcus granulatus', 'species', 'accepted name', '', 'Animalia ', 'Systematic Database of the Scale Insects of the World'),
(60, 'disjuncta', 'Osmia disjuncta', 'species', 'accepted name', '', 'Animalia ', 'ITIS World Bee Checklist'),
(61, 'muralis', 'Dichochroma muralis', 'species', 'accepted name', '', 'Animalia ', 'The Global Lepidoptera Names Index'),
(56, 'racemosa', 'Polylepis racemosa', 'species', 'provisionally accepted name', '', 'Plantae ', 'IOPI Global Plant Checklist'),
(58, 'besseri', 'Polylepis besseri', 'species', 'provisionally accepted name', '', 'Plantae ', 'IOPI Global Plant Checklist'),
(65, 'pomifera', 'Rosa pomifera', 'species', 'provisionally accepted name', '', 'Plantae ', 'IOPI Global Plant Checklist'),
(66, 'pimpinellifolia', 'Rosa pimpinellifolia', 'species', 'provisionally accepted name', '', 'Plantae ', 'IOPI Global Plant Checklist'),
(46, 'Glaphyra', 'Glaphyra shimai', 'species', 'accepted name', '', 'Animalia ', 'Cerambycidae database'),
(50, 'Barbus', 'Barbus pleurogramma', 'species', 'accepted name', '', 'Animalia ', 'FishBase'),
(51, 'Gadus', 'Gadus Morhua', 'species', 'accepted name', '', 'Animalia ', 'FishBase'),
(52, 'Fusconaia', 'Fusconaia cor', 'species', 'accepted name', '', 'Animalia ', 'The Integrated Taxonomic Information System'),
(53, 'Trochiscia', 'Trochiscia granulata', 'species', 'accepted name', '', 'Bacteria ', 'AlgaeBase'),
(54, 'Prasiola', 'Prasiola crispa', 'species', 'accepted name', '', 'Plantae ', 'AlgaeBase'),
(55, 'Polylepis', 'Polylepis hieronymi', 'species', 'accepted name', '', 'Plantae ', 'IOPI Global Plant Checklist'),
(57, 'Polylepis', 'Polylepis australis', 'species', 'accepted name', '', 'Plantae ', 'IOPI Global Plant Checklist'),
(59, 'Eriococcus', 'Eriococcus granulatus', 'species', 'accepted name', '', 'Animalia ', 'Systematic Database of the Scale Insects of the World'),
(60, 'Osmia', 'Osmia disjuncta', 'species', 'accepted name', '', 'Animalia ', 'ITIS World Bee Checklist'),
(61, 'Dichochroma', 'Dichochroma muralis', 'species', 'accepted name', '', 'Animalia ', 'The Global Lepidoptera Names Index'),
(56, 'Polylepis', 'Polylepis racemosa', 'species', 'provisionally accepted name', '', 'Plantae ', 'IOPI Global Plant Checklist'),
(58, 'Polylepis', 'Polylepis besseri', 'species', 'provisionally accepted name', '', 'Plantae ', 'IOPI Global Plant Checklist'),
(65, 'Rosa', 'Rosa pomifera', 'species', 'provisionally accepted name', '', 'Plantae ', 'IOPI Global Plant Checklist'),
(66, 'Rosa', 'Rosa pimpinellifolia', 'species', 'provisionally accepted name', '', 'Plantae ', 'IOPI Global Plant Checklist'),
(62, 'muralis', 'Prasiola crispa muralis', 'form', 'accepted name', '', 'Plantae ', 'AlgaeBase'),
(63, 'lanata', 'Polylepis racemosa lanata', 'subspecies', 'provisionally accepted name', '', 'Plantae ', 'IOPI Global Plant Checklist'),
(62, 'crispa', 'Prasiola crispa muralis', 'form', 'accepted name', '', 'Plantae ', 'AlgaeBase'),
(63, 'racemosa', 'Polylepis racemosa lanata', 'subspecies', 'provisionally accepted name', '', 'Plantae ', 'IOPI Global Plant Checklist'),
(62, 'Prasiola', 'Prasiola crispa muralis', 'form', 'accepted name', '', 'Plantae ', 'AlgaeBase'),
(63, 'Polylepis', 'Polylepis racemosa lanata', 'subspecies', 'provisionally accepted name', '', 'Plantae ', 'IOPI Global Plant Checklist'),
(5, 'Eriococcus', 'Eriococcus granulatus', 'species', 'synonym', 'Microcystaceae  Trochiscia granulata', 'Bacteria ', 'AlgaeBase'),
(5, 'granulatus', 'Eriococcus granulatus', 'species', 'synonym', 'Microcystaceae  Trochiscia granulata', 'Bacteria ', 'AlgaeBase'),
(1, 'Asellus', 'Asellus major', 'species', 'ambiguous synonym', 'Gadidae  Gadus Morhua', 'Animalia ', 'FishBase'),
(1, 'major', 'Asellus major', 'species', 'ambiguous synonym', 'Gadidae  Gadus Morhua', 'Animalia ', 'FishBase'),
(2, 'Gadus', 'Gadus arenosus', 'species', 'synonym', 'Gadidae  Gadus Morhua', 'Animalia ', 'FishBase'),
(2, 'arenosus', 'Gadus arenosus', 'species', 'synonym', 'Gadidae  Gadus Morhua', 'Animalia ', 'FishBase'),
(3, 'Gadus', 'Gadus callarias', 'species', 'synonym', 'Gadidae  Gadus Morhua', 'Animalia ', 'FishBase'),
(3, 'callarias', 'Gadus callarias', 'species', 'synonym', 'Gadidae  Gadus Morhua', 'Animalia ', 'FishBase'),
(4, 'Gadus', 'Gadus callarias kildinensis', 'infraspecies', 'synonym', 'Gadidae  Gadus Morhua', 'Animalia ', 'FishBase'),
(4, 'callarias', 'Gadus callarias kildinensis', 'infraspecies', 'synonym', 'Gadidae  Gadus Morhua', 'Animalia ', 'FishBase'),
(4, 'kildinensis', 'Gadus callarias kildinensis', 'infraspecies', 'synonym', 'Gadidae  Gadus Morhua', 'Animalia ', 'FishBase'),
(9, 'Morhua', 'Morhua vulgaris', 'species', 'synonym', 'Gadidae  Gadus Morhua', 'Animalia ', 'FishBase'),
(9, 'vulgaris', 'Morhua vulgaris', 'species', 'synonym', 'Gadidae  Gadus Morhua', 'Animalia ', 'FishBase'),
(10, 'Morhua', 'Morhua punctatus', 'species', 'synonym', 'Gadidae  Gadus Morhua', 'Animalia ', 'FishBase'),
(10, 'punctatus', 'Morhua punctatus', 'species', 'synonym', 'Gadidae  Gadus Morhua', 'Animalia ', 'FishBase'),
(11, 'Morrhua', 'Morrhua americana', 'species', 'synonym', 'Gadidae  Gadus Morhua', 'Animalia ', 'FishBase'),
(11, 'americana', 'Morrhua americana', 'species', 'synonym', 'Gadidae  Gadus Morhua', 'Animalia ', 'FishBase'),
(12, 'Morrhua', 'Morrhua vulgaris', 'species', 'synonym', 'Gadidae  Gadus Morhua', 'Animalia ', 'FishBase'),
(12, 'vulgaris', 'Morrhua vulgaris', 'species', 'synonym', 'Gadidae  Gadus Morhua', 'Animalia ', 'FishBase'),
(13, 'Gadus', 'Gadus vertagus', 'species', 'synonym', 'Gadidae  Gadus Morhua', 'Animalia ', 'FishBase'),
(13, 'vertagus', 'Gadus vertagus', 'species', 'synonym', 'Gadidae  Gadus Morhua', 'Animalia ', 'FishBase'),
(14, 'Gadus', 'Gadus rupestris', 'species', 'synonym', 'Gadidae  Gadus Morhua', 'Animalia ', 'FishBase'),
(14, 'rupestris', 'Gadus rupestris', 'species', 'synonym', 'Gadidae  Gadus Morhua', 'Animalia ', 'FishBase'),
(15, 'Gadus', 'Gadus ruber', 'species', 'ambiguous synonym', 'Gadidae  Gadus Morhua', 'Animalia ', 'FishBase'),
(15, 'ruber', 'Gadus ruber', 'species', 'ambiguous synonym', 'Gadidae  Gadus Morhua', 'Animalia ', 'FishBase'),
(16, 'Gadus', 'Gadus nanus', 'species', 'synonym', 'Gadidae  Gadus Morhua', 'Animalia ', 'FishBase'),
(16, 'nanus', 'Gadus nanus', 'species', 'synonym', 'Gadidae  Gadus Morhua', 'Animalia ', 'FishBase'),
(17, 'Gadus', 'Gadus Morrhua', 'species', 'synonym', 'Gadidae  Gadus Morhua', 'Animalia ', 'FishBase'),
(17, 'Morrhua', 'Gadus Morrhua', 'species', 'synonym', 'Gadidae  Gadus Morhua', 'Animalia ', 'FishBase'),
(18, 'Gadus', 'Gadus Morhua Morhua', 'infraspecies', 'synonym', 'Gadidae  Gadus Morhua', 'Animalia ', 'FishBase'),
(18, 'Morhua', 'Gadus Morhua Morhua', 'infraspecies', 'synonym', 'Gadidae  Gadus Morhua', 'Animalia ', 'FishBase'),
(19, 'Gadus', 'Gadus heteroglossus', 'species', 'synonym', 'Gadidae  Gadus Morhua', 'Animalia ', 'FishBase'),
(19, 'heteroglossus', 'Gadus heteroglossus', 'species', 'synonym', 'Gadidae  Gadus Morhua', 'Animalia ', 'FishBase'),
(20, 'Gadus', 'Gadus Morhua callarias', 'subspecies', 'synonym', 'Gadidae  Gadus Morhua', 'Animalia ', 'FishBase'),
(20, 'Morhua', 'Gadus Morhua callarias', 'subspecies', 'synonym', 'Gadidae  Gadus Morhua', 'Animalia ', 'FishBase'),
(20, 'callarias', 'Gadus Morhua callarias', 'subspecies', 'synonym', 'Gadidae  Gadus Morhua', 'Animalia ', 'FishBase'),
(21, 'Gadus', 'Gadus callarias kildinensis', 'subspecies', 'synonym', 'Gadidae  Gadus Morhua', 'Animalia ', 'FishBase'),
(21, 'callarias', 'Gadus callarias kildinensis', 'subspecies', 'synonym', 'Gadidae  Gadus Morhua', 'Animalia ', 'FishBase'),
(21, 'kildinensis', 'Gadus callarias kildinensis', 'subspecies', 'synonym', 'Gadidae  Gadus Morhua', 'Animalia ', 'FishBase'),
(22, 'Gadus', 'Gadus arenosus', 'species', 'synonym', 'Gadidae  Gadus Morhua', 'Animalia ', 'FishBase'),
(22, 'arenosus', 'Gadus arenosus', 'species', 'synonym', 'Gadidae  Gadus Morhua', 'Animalia ', 'FishBase'),
(23, 'Gadus', 'Gadus callarias', 'species', 'synonym', 'Gadidae  Gadus Morhua', 'Animalia ', 'FishBase'),
(23, 'callarias', 'Gadus callarias', 'species', 'synonym', 'Gadidae  Gadus Morhua', 'Animalia ', 'FishBase'),
(24, 'Gadus', 'Gadus Morhua kildinensis', 'subspecies', 'synonym', 'Gadidae  Gadus Morhua', 'Animalia ', 'FishBase'),
(24, 'Morhua', 'Gadus Morhua kildinensis', 'subspecies', 'synonym', 'Gadidae  Gadus Morhua', 'Animalia ', 'FishBase'),
(24, 'kildinensis', 'Gadus Morhua kildinensis', 'subspecies', 'synonym', 'Gadidae  Gadus Morhua', 'Animalia ', 'FishBase'),
(34, 'Polylepis', 'Polylepis racemosa hypoleuca', 'variety', 'synonym', 'Rosaceae  Polylepis hieronymi', 'Plantae ', 'IOPI Global Plant Checklist'),
(34, 'racemosa', 'Polylepis racemosa hypoleuca', 'variety', 'synonym', 'Rosaceae  Polylepis hieronymi', 'Plantae ', 'IOPI Global Plant Checklist'),
(34, 'hypoleuca', 'Polylepis racemosa hypoleuca', 'variety', 'synonym', 'Rosaceae  Polylepis hieronymi', 'Plantae ', 'IOPI Global Plant Checklist'),
(25, 'Polylepis', 'Polylepis racemosa albotomentella', 'variety', 'synonym', 'Rosaceae  Polylepis australis', 'Plantae ', 'IOPI Global Plant Checklist'),
(25, 'racemosa', 'Polylepis racemosa albotomentella', 'variety', 'synonym', 'Rosaceae  Polylepis australis', 'Plantae ', 'IOPI Global Plant Checklist'),
(25, 'albotomentella', 'Polylepis racemosa albotomentella', 'variety', 'synonym', 'Rosaceae  Polylepis australis', 'Plantae ', 'IOPI Global Plant Checklist'),
(26, 'Polylepis', 'Polylepis racemosa fuscotomentella', 'variety', 'synonym', 'Rosaceae  Polylepis australis', 'Plantae ', 'IOPI Global Plant Checklist'),
(26, 'racemosa', 'Polylepis racemosa fuscotomentella', 'variety', 'synonym', 'Rosaceae  Polylepis australis', 'Plantae ', 'IOPI Global Plant Checklist'),
(26, 'fuscotomentella', 'Polylepis racemosa fuscotomentella', 'variety', 'synonym', 'Rosaceae  Polylepis australis', 'Plantae ', 'IOPI Global Plant Checklist'),
(27, 'Polylepis', 'Polylepis racemosa glabra', 'variety', 'synonym', 'Rosaceae  Polylepis australis', 'Plantae ', 'IOPI Global Plant Checklist'),
(27, 'racemosa', 'Polylepis racemosa glabra', 'variety', 'synonym', 'Rosaceae  Polylepis australis', 'Plantae ', 'IOPI Global Plant Checklist'),
(27, 'glabra', 'Polylepis racemosa glabra', 'variety', 'synonym', 'Rosaceae  Polylepis australis', 'Plantae ', 'IOPI Global Plant Checklist'),
(28, 'Polylepis', 'Polylepis racemosa glabrescens', 'variety', 'synonym', 'Rosaceae  Polylepis australis', 'Plantae ', 'IOPI Global Plant Checklist'),
(28, 'racemosa', 'Polylepis racemosa glabrescens', 'variety', 'synonym', 'Rosaceae  Polylepis australis', 'Plantae ', 'IOPI Global Plant Checklist'),
(28, 'glabrescens', 'Polylepis racemosa glabrescens', 'variety', 'synonym', 'Rosaceae  Polylepis australis', 'Plantae ', 'IOPI Global Plant Checklist'),
(29, 'Polylepis', 'Polylepis racemosa pubescens', 'variety', 'synonym', 'Rosaceae  Polylepis australis', 'Plantae ', 'IOPI Global Plant Checklist'),
(29, 'racemosa', 'Polylepis racemosa pubescens', 'variety', 'synonym', 'Rosaceae  Polylepis australis', 'Plantae ', 'IOPI Global Plant Checklist'),
(29, 'pubescens', 'Polylepis racemosa pubescens', 'variety', 'synonym', 'Rosaceae  Polylepis australis', 'Plantae ', 'IOPI Global Plant Checklist'),
(30, 'Polylepis', 'Polylepis racemosa pubinervia', 'variety', 'synonym', 'Rosaceae  Polylepis australis', 'Plantae ', 'IOPI Global Plant Checklist'),
(30, 'racemosa', 'Polylepis racemosa pubinervia', 'variety', 'synonym', 'Rosaceae  Polylepis australis', 'Plantae ', 'IOPI Global Plant Checklist'),
(30, 'pubinervia', 'Polylepis racemosa pubinervia', 'variety', 'synonym', 'Rosaceae  Polylepis australis', 'Plantae ', 'IOPI Global Plant Checklist'),
(31, 'Polylepis', 'Polylepis racemosa subresinosa', 'variety', 'synonym', 'Rosaceae  Polylepis australis', 'Plantae ', 'IOPI Global Plant Checklist'),
(31, 'racemosa', 'Polylepis racemosa subresinosa', 'variety', 'synonym', 'Rosaceae  Polylepis australis', 'Plantae ', 'IOPI Global Plant Checklist'),
(31, 'subresinosa', 'Polylepis racemosa subresinosa', 'variety', 'synonym', 'Rosaceae  Polylepis australis', 'Plantae ', 'IOPI Global Plant Checklist'),
(32, 'Polylepis', 'Polylepis racemosa lanata', 'variety', 'synonym', 'Rosaceae  Polylepis besseri', 'Plantae ', 'IOPI Global Plant Checklist'),
(32, 'racemosa', 'Polylepis racemosa lanata', 'variety', 'synonym', 'Rosaceae  Polylepis besseri', 'Plantae ', 'IOPI Global Plant Checklist'),
(32, 'lanata', 'Polylepis racemosa lanata', 'variety', 'synonym', 'Rosaceae  Polylepis besseri', 'Plantae ', 'IOPI Global Plant Checklist'),
(33, 'Polylepis', 'Polylepis racemosa tomentosa', 'variety', 'synonym', 'Rosaceae  Polylepis besseri', 'Plantae ', 'IOPI Global Plant Checklist'),
(33, 'racemosa', 'Polylepis racemosa tomentosa', 'variety', 'synonym', 'Rosaceae  Polylepis besseri', 'Plantae ', 'IOPI Global Plant Checklist'),
(33, 'tomentosa', 'Polylepis racemosa tomentosa', 'variety', 'synonym', 'Rosaceae  Polylepis besseri', 'Plantae ', 'IOPI Global Plant Checklist'),
(6, 'Rhizococcus', 'Rhizococcus granulatus', 'species', 'synonym', 'Eriococcidae  Eriococcus granulatus', 'Animalia ', 'Systematic Database of the Scale Insects of the World'),
(6, 'granulatus', 'Rhizococcus granulatus', 'species', 'synonym', 'Eriococcidae  Eriococcus granulatus', 'Animalia ', 'Systematic Database of the Scale Insects of the World'),
(7, 'Nidularia', 'Nidularia granulatus', 'species', 'synonym', 'Eriococcidae  Eriococcus granulatus', 'Animalia ', 'Systematic Database of the Scale Insects of the World'),
(7, 'granulatus', 'Nidularia granulatus', 'species', 'synonym', 'Eriococcidae  Eriococcus granulatus', 'Animalia ', 'Systematic Database of the Scale Insects of the World'),
(8, 'Eriococcus', 'Eriococcus granulatus', 'species', 'synonym', 'Eriococcidae  Eriococcus granulatus', 'Animalia ', 'Systematic Database of the Scale Insects of the World'),
(8, 'granulatus', 'Eriococcus granulatus', 'species', 'synonym', 'Eriococcidae  Eriococcus granulatus', 'Animalia ', 'Systematic Database of the Scale Insects of the World'),
(119999, 'mona', 'mona', 'species', 'common name', 'Gadus Morhua', 'Animalia ', 'FishBase'),
(120019, 'rock cod', 'rock', 'species', 'common name', 'Gadus Morhua', 'Animalia ', 'FishBase'),
(120019, 'rock cod', 'cod', 'species', 'common name', 'Gadus Morhua', 'Animalia ', 'FishBase'),
(394727, 'shiny pigtoe', 'shiny', 'species', 'common name', 'Fusconaia cor', 'Animalia ', 'The Integrated Taxonomic Information System'),
(394727, 'shiny pigtoe', 'pigtoe', 'species', 'common name', 'Fusconaia cor', 'Animalia ', 'The Integrated Taxonomic Information System'),
(2026470, 'треска', 'треска', 'species', 'common name', 'Gadus Morhua', 'Animalia ', 'FishBase'),
(2026471, '大西洋鱈', '大西洋鱈', 'species', 'common name', 'Gadus Morhua', 'Animalia ', 'FishBase'),
(2026472, '大西洋鳕', '大西洋鳕', 'species', 'common name', 'Gadus Morhua', 'Animalia ', 'FishBase'),
(2026473, 'Balik köftesi', 'Balik', 'species', 'common name', 'Gadus Morhua', 'Animalia ', 'FishBase'),
(2026473, 'Balik köftesi', 'köftesi', 'species', 'common name', 'Gadus Morhua', 'Animalia ', 'FishBase'),
(2026474, 'Albondiga de pescado', 'Albondiga', 'species', 'common name', 'Gadus Morhua', 'Animalia ', 'FishBase'),
(2026474, 'Albondiga de pescado', 'de', 'species', 'common name', 'Gadus Morhua', 'Animalia ', 'FishBase'),
(2026474, 'Albondiga de pescado', 'pescado', 'species', 'common name', 'Gadus Morhua', 'Animalia ', 'FishBase'),
(2026475, 'Almindelig torsk', 'Almindelig', 'species', 'common name', 'Gadus Morhua', 'Animalia ', 'FishBase'),
(2026475, 'Almindelig torsk', 'torsk', 'species', 'common name', 'Gadus Morhua', 'Animalia ', 'FishBase'),
(2026476, 'Almôndega de peixe', 'Almôndega', 'species', 'common name', 'Gadus Morhua', 'Animalia ', 'FishBase'),
(2026476, 'Almôndega de peixe', 'de', 'species', 'common name', 'Gadus Morhua', 'Animalia ', 'FishBase'),
(2026476, 'Almôndega de peixe', 'peixe', 'species', 'common name', 'Gadus Morhua', 'Animalia ', 'FishBase'),
(2026477, 'Amarelo cure', 'Amarelo', 'species', 'common name', 'Gadus Morhua', 'Animalia ', 'FishBase'),
(2026477, 'Amarelo cure', 'cure', 'species', 'common name', 'Gadus Morhua', 'Animalia ', 'FishBase'),
(2026480, 'Atlantic cod', 'Atlantic', 'species', 'common name', 'Gadus Morhua', 'Animalia ', 'FishBase'),
(2026480, 'Atlantic cod', 'cod', 'species', 'common name', 'Gadus Morhua', 'Animalia ', 'FishBase'),
(2026484, 'Atlanticheskaya treska', 'Atlanticheskaya', 'species', 'common name', 'Gadus Morhua', 'Animalia ', 'FishBase'),
(2026484, 'Atlanticheskaya treska', 'treska', 'species', 'common name', 'Gadus Morhua', 'Animalia ', 'FishBase'),
(2026485, 'Atlantisk Torsk', 'Atlantisk', 'species', 'common name', 'Gadus Morhua', 'Animalia ', 'FishBase'),
(2026485, 'Atlantisk Torsk', 'Torsk', 'species', 'common name', 'Gadus Morhua', 'Animalia ', 'FishBase'),
(2026486, 'Bacalao', 'Bacalao', 'species', 'common name', 'Gadus Morhua', 'Animalia ', 'FishBase'),
(2026487, 'Bacalao', 'Bacalao', 'species', 'common name', 'Gadus Morhua', 'Animalia ', 'FishBase'),
(2026489, 'Bacalao del Atlántico', 'Bacalao', 'species', 'common name', 'Gadus Morhua', 'Animalia ', 'FishBase'),
(2026489, 'Bacalao del Atlántico', 'del', 'species', 'common name', 'Gadus Morhua', 'Animalia ', 'FishBase'),
(2026489, 'Bacalao del Atlántico', 'Atlántico', 'species', 'common name', 'Gadus Morhua', 'Animalia ', 'FishBase'),
(2026490, 'Bacalao salado amarillo', 'Bacalao', 'species', 'common name', 'Gadus Morhua', 'Animalia ', 'FishBase'),
(2026490, 'Bacalao salado amarillo', 'salado', 'species', 'common name', 'Gadus Morhua', 'Animalia ', 'FishBase'),
(2026490, 'Bacalao salado amarillo', 'amarillo', 'species', 'common name', 'Gadus Morhua', 'Animalia ', 'FishBase'),
(2026491, 'Bacaleau', 'Bacaleau', 'species', 'common name', 'Gadus Morhua', 'Animalia ', 'FishBase'),
(2026492, 'Bacaleau', 'Bacaleau', 'species', 'common name', 'Gadus Morhua', 'Animalia ', 'FishBase'),
(2026493, 'Bacalhau-do-Atlântico', 'Bacalhau-do-Atlântico', 'species', 'common name', 'Gadus Morhua', 'Animalia ', 'FishBase'),
(2026494, 'Bacallà', 'Bacallà', 'species', 'common name', 'Gadus Morhua', 'Animalia ', 'FishBase'),
(2026495, 'Baccalà bianco portoghese', 'Baccalà', 'species', 'common name', 'Gadus Morhua', 'Animalia ', 'FishBase'),
(2026495, 'Baccalà bianco portoghese', 'bianco', 'species', 'common name', 'Gadus Morhua', 'Animalia ', 'FishBase'),
(2026495, 'Baccalà bianco portoghese', 'portoghese', 'species', 'common name', 'Gadus Morhua', 'Animalia ', 'FishBase'),
(2026496, 'Baccalà portoghese giallo', 'Baccalà', 'species', 'common name', 'Gadus Morhua', 'Animalia ', 'FishBase'),
(2026496, 'Baccalà portoghese giallo', 'portoghese', 'species', 'common name', 'Gadus Morhua', 'Animalia ', 'FishBase'),
(2026496, 'Baccalà portoghese giallo', 'giallo', 'species', 'common name', 'Gadus Morhua', 'Animalia ', 'FishBase'),
(2026497, 'Baccalà san Giovanni', 'Baccalà', 'species', 'common name', 'Gadus Morhua', 'Animalia ', 'FishBase'),
(2026497, 'Baccalà san Giovanni', 'san', 'species', 'common name', 'Gadus Morhua', 'Animalia ', 'FishBase'),
(2026497, 'Baccalà san Giovanni', 'Giovanni', 'species', 'common name', 'Gadus Morhua', 'Animalia ', 'FishBase'),
(2026498, 'Baccalao', 'Baccalao', 'species', 'common name', 'Gadus Morhua', 'Animalia ', 'FishBase'),
(2026499, 'Baccale', 'Baccale', 'species', 'common name', 'Gadus Morhua', 'Animalia ', 'FishBase'),
(2026500, 'Baccalo', 'Baccalo', 'species', 'common name', 'Gadus Morhua', 'Animalia ', 'FishBase'),
(2026501, 'Bakalar', 'Bakalar', 'species', 'common name', 'Gadus Morhua', 'Animalia ', 'FishBase'),
(2026502, 'Bakaliáros', 'Bakaliáros', 'species', 'common name', 'Gadus Morhua', 'Animalia ', 'FishBase'),
(2026503, 'Bank cod', 'Bank', 'species', 'common name', 'Gadus Morhua', 'Animalia ', 'FishBase'),
(2026503, 'Bank cod', 'cod', 'species', 'common name', 'Gadus Morhua', 'Animalia ', 'FishBase'),
(2026504, 'Bank fish', 'Bank', 'species', 'common name', 'Gadus Morhua', 'Animalia ', 'FishBase'),
(2026504, 'Bank fish', 'fish', 'species', 'common name', 'Gadus Morhua', 'Animalia ', 'FishBase'),
(2026505, 'Bankfiskur', 'Bankfiskur', 'species', 'common name', 'Gadus Morhua', 'Animalia ', 'FishBase'),
(2026506, 'Bastard', 'Bastard', 'species', 'common name', 'Gadus Morhua', 'Animalia ', 'FishBase'),
(2026507, 'Berggylta', 'Berggylta', 'species', 'common name', 'Gadus Morhua', 'Animalia ', 'FishBase'),
(2026508, 'Bernfisk', 'Bernfisk', 'species', 'common name', 'Gadus Morhua', 'Animalia ', 'FishBase'),
(2026509, 'Berry fish', 'Berry', 'species', 'common name', 'Gadus Morhua', 'Animalia ', 'FishBase'),
(2026509, 'Berry fish', 'fish', 'species', 'common name', 'Gadus Morhua', 'Animalia ', 'FishBase'),
(2026510, 'Bim fish', 'Bim', 'species', 'common name', 'Gadus Morhua', 'Animalia ', 'FishBase'),
(2026510, 'Bim fish', 'fish', 'species', 'common name', 'Gadus Morhua', 'Animalia ', 'FishBase'),
(2026511, 'BlackBerry fish', 'BlackBerry', 'species', 'common name', 'Gadus Morhua', 'Animalia ', 'FishBase'),
(2026511, 'BlackBerry fish', 'fish', 'species', 'common name', 'Gadus Morhua', 'Animalia ', 'FishBase'),
(2026512, 'Blankur fiskur', 'Blankur', 'species', 'common name', 'Gadus Morhua', 'Animalia ', 'FishBase'),
(2026512, 'Blankur fiskur', 'fiskur', 'species', 'common name', 'Gadus Morhua', 'Animalia ', 'FishBase'),
(2026513, 'Boiddagh', 'Boiddagh', 'species', 'common name', 'Gadus Morhua', 'Animalia ', 'FishBase'),
(2026514, 'Bollingur', 'Bollingur', 'species', 'common name', 'Gadus Morhua', 'Animalia ', 'FishBase'),
(2026515, 'Bøllingur', 'Bøllingur', 'species', 'common name', 'Gadus Morhua', 'Animalia ', 'FishBase'),
(2026516, 'Branco cure', 'Branco', 'species', 'common name', 'Gadus Morhua', 'Animalia ', 'FishBase'),
(2026516, 'Branco cure', 'cure', 'species', 'common name', 'Gadus Morhua', 'Animalia ', 'FishBase'),
(2026517, 'Brandade', 'Brandade', 'species', 'common name', 'Gadus Morhua', 'Animalia ', 'FishBase'),
(2026518, 'Brazil fish', 'Brazil', 'species', 'common name', 'Gadus Morhua', 'Animalia ', 'FishBase'),
(2026518, 'Brazil fish', 'fish', 'species', 'common name', 'Gadus Morhua', 'Animalia ', 'FishBase'),
(2026519, 'Breeder', 'Breeder', 'species', 'common name', 'Gadus Morhua', 'Animalia ', 'FishBase'),
(2026520, 'Brisoletten', 'Brisoletten', 'species', 'common name', 'Gadus Morhua', 'Animalia ', 'FishBase'),
(2026521, 'Broken fish', 'Broken', 'species', 'common name', 'Gadus Morhua', 'Animalia ', 'FishBase'),
(2026521, 'Broken fish', 'fish', 'species', 'common name', 'Gadus Morhua', 'Animalia ', 'FishBase'),
(2026522, 'Brondingur', 'Brondingur', 'species', 'common name', 'Gadus Morhua', 'Animalia ', 'FishBase'),
(2026523, 'Bull dog', 'Bull', 'species', 'common name', 'Gadus Morhua', 'Animalia ', 'FishBase'),
(2026523, 'Bull dog', 'dog', 'species', 'common name', 'Gadus Morhua', 'Animalia ', 'FishBase'),
(2026524, 'Buoiddesguolli', 'Buoiddesguolli', 'species', 'common name', 'Gadus Morhua', 'Animalia ', 'FishBase'),
(2026525, 'Cabillaud', 'Cabillaud', 'species', 'common name', 'Gadus Morhua', 'Animalia ', 'FishBase'),
(2026526, 'Christmas fish', 'Christmas', 'species', 'common name', 'Gadus Morhua', 'Animalia ', 'FishBase'),
(2026526, 'Christmas fish', 'fish', 'species', 'common name', 'Gadus Morhua', 'Animalia ', 'FishBase'),
(2026532, 'Cod', 'Cod', 'species', 'common name', 'Gadus Morhua', 'Animalia ', 'FishBase'),
(2026527, 'Cod', 'Cod', 'species', 'common name', 'Gadus Morhua', 'Animalia ', 'FishBase'),
(2026533, 'Codd', 'Codd', 'species', 'common name', 'Gadus Morhua', 'Animalia ', 'FishBase'),
(2026534, 'Codde', 'Codde', 'species', 'common name', 'Gadus Morhua', 'Animalia ', 'FishBase'),
(2026535, 'Cod-fish', 'Cod-fish', 'species', 'common name', 'Gadus Morhua', 'Animalia ', 'FishBase'),
(2026536, 'Codfish brick', 'Codfish', 'species', 'common name', 'Gadus Morhua', 'Animalia ', 'FishBase'),
(2026536, 'Codfish brick', 'brick', 'species', 'common name', 'Gadus Morhua', 'Animalia ', 'FishBase'),
(2026537, 'Codling', 'Codling', 'species', 'common name', 'Gadus Morhua', 'Animalia ', 'FishBase'),
(2026538, 'Core fish', 'Core', 'species', 'common name', 'Gadus Morhua', 'Animalia ', 'FishBase'),
(2026538, 'Core fish', 'fish', 'species', 'common name', 'Gadus Morhua', 'Animalia ', 'FishBase'),
(2026539, 'Corre fish', 'Corre', 'species', 'common name', 'Gadus Morhua', 'Animalia ', 'FishBase'),
(2026539, 'Corre fish', 'fish', 'species', 'common name', 'Gadus Morhua', 'Animalia ', 'FishBase'),
(2026540, 'Cura branca', 'Cura', 'species', 'common name', 'Gadus Morhua', 'Animalia ', 'FishBase'),
(2026540, 'Cura branca', 'branca', 'species', 'common name', 'Gadus Morhua', 'Animalia ', 'FishBase'),
(2026541, 'Cura do gaspé', 'Cura', 'species', 'common name', 'Gadus Morhua', 'Animalia ', 'FishBase'),
(2026541, 'Cura do gaspé', 'do', 'species', 'common name', 'Gadus Morhua', 'Animalia ', 'FishBase'),
(2026541, 'Cura do gaspé', 'gaspé', 'species', 'common name', 'Gadus Morhua', 'Animalia ', 'FishBase'),
(2026542, 'Cut-tail', 'Cut-tail', 'species', 'common name', 'Gadus Morhua', 'Animalia ', 'FishBase'),
(2026543, 'Dorsch', 'Dorsch', 'species', 'common name', 'Gadus Morhua', 'Animalia ', 'FishBase'),
(2026544, 'Dorsz', 'Dorsz', 'species', 'common name', 'Gadus Morhua', 'Animalia ', 'FishBase'),
(2026545, 'Dorsz a. watlusz', 'Dorsz', 'species', 'common name', 'Gadus Morhua', 'Animalia ', 'FishBase'),
(2026545, 'Dorsz a. watlusz', 'a.', 'species', 'common name', 'Gadus Morhua', 'Animalia ', 'FishBase'),
(2026545, 'Dorsz a. watlusz', 'watlusz', 'species', 'common name', 'Gadus Morhua', 'Animalia ', 'FishBase'),
(2026546, 'Dorsz atlantycki', 'Dorsz', 'species', 'common name', 'Gadus Morhua', 'Animalia ', 'FishBase'),
(2026546, 'Dorsz atlantycki', 'atlantycki', 'species', 'common name', 'Gadus Morhua', 'Animalia ', 'FishBase'),
(2026547, 'Dorsz baltycki', 'Dorsz', 'species', 'common name', 'Gadus Morhua', 'Animalia ', 'FishBase'),
(2026547, 'Dorsz baltycki', 'baltycki', 'species', 'common name', 'Gadus Morhua', 'Animalia ', 'FishBase'),
(2026548, 'Dorsz kildynski', 'Dorsz', 'species', 'common name', 'Gadus Morhua', 'Animalia ', 'FishBase'),
(2026548, 'Dorsz kildynski', 'kildynski', 'species', 'common name', 'Gadus Morhua', 'Animalia ', 'FishBase'),
(2026549, 'Dry fish', 'Dry', 'species', 'common name', 'Gadus Morhua', 'Animalia ', 'FishBase'),
(2026549, 'Dry fish', 'fish', 'species', 'common name', 'Gadus Morhua', 'Animalia ', 'FishBase'),
(2026550, 'Duffy', 'Duffy', 'species', 'common name', 'Gadus Morhua', 'Animalia ', 'FishBase'),
(2026551, 'Dum fish', 'Dum', 'species', 'common name', 'Gadus Morhua', 'Animalia ', 'FishBase'),
(2026551, 'Dum fish', 'fish', 'species', 'common name', 'Gadus Morhua', 'Animalia ', 'FishBase'),
(2026552, 'Dumb fish', 'Dumb', 'species', 'common name', 'Gadus Morhua', 'Animalia ', 'FishBase'),
(2026552, 'Dumb fish', 'fish', 'species', 'common name', 'Gadus Morhua', 'Animalia ', 'FishBase'),
(2026553, 'Dun fish', 'Dun', 'species', 'common name', 'Gadus Morhua', 'Animalia ', 'FishBase'),
(2026553, 'Dun fish', 'fish', 'species', 'common name', 'Gadus Morhua', 'Animalia ', 'FishBase'),
(2026554, 'Eating fish', 'Eating', 'species', 'common name', 'Gadus Morhua', 'Animalia ', 'FishBase'),
(2026554, 'Eating fish', 'fish', 'species', 'common name', 'Gadus Morhua', 'Animalia ', 'FishBase'),
(2026555, 'Fall cure', 'Fall', 'species', 'common name', 'Gadus Morhua', 'Animalia ', 'FishBase'),
(2026555, 'Fall cure', 'cure', 'species', 'common name', 'Gadus Morhua', 'Animalia ', 'FishBase'),
(2026556, 'Fall fish', 'Fall', 'species', 'common name', 'Gadus Morhua', 'Animalia ', 'FishBase'),
(2026556, 'Fall fish', 'fish', 'species', 'common name', 'Gadus Morhua', 'Animalia ', 'FishBase'),
(2026557, 'Fellistoskur', 'Fellistoskur', 'species', 'common name', 'Gadus Morhua', 'Animalia ', 'FishBase'),
(2026558, 'Fischfrikadellen', 'Fischfrikadellen', 'species', 'common name', 'Gadus Morhua', 'Animalia ', 'FishBase'),
(2026559, 'Fischklops', 'Fischklops', 'species', 'common name', 'Gadus Morhua', 'Animalia ', 'FishBase'),
(2026560, 'Fischkloss', 'Fischkloss', 'species', 'common name', 'Gadus Morhua', 'Animalia ', 'FishBase'),
(2026561, 'Fish', 'Fish', 'species', 'common name', 'Gadus Morhua', 'Animalia ', 'FishBase'),
(2026562, 'Fish ball', 'Fish', 'species', 'common name', 'Gadus Morhua', 'Animalia ', 'FishBase'),
(2026562, 'Fish ball', 'ball', 'species', 'common name', 'Gadus Morhua', 'Animalia ', 'FishBase'),
(2026563, 'Fish dumpling', 'Fish', 'species', 'common name', 'Gadus Morhua', 'Animalia ', 'FishBase'),
(2026563, 'Fish dumpling', 'dumpling', 'species', 'common name', 'Gadus Morhua', 'Animalia ', 'FishBase'),
(2026564, 'Fiskbullar', 'Fiskbullar', 'species', 'common name', 'Gadus Morhua', 'Animalia ', 'FishBase'),
(2026565, 'Fiskeboller', 'Fiskeboller', 'species', 'common name', 'Gadus Morhua', 'Animalia ', 'FishBase'),
(2026566, 'Fiskibollur', 'Fiskibollur', 'species', 'common name', 'Gadus Morhua', 'Animalia ', 'FishBase'),
(2026567, 'Fiskur', 'Fiskur', 'species', 'common name', 'Gadus Morhua', 'Animalia ', 'FishBase'),
(2026568, 'Flakningur', 'Flakningur', 'species', 'common name', 'Gadus Morhua', 'Animalia ', 'FishBase'),
(2026569, 'Floater fish', 'Floater', 'species', 'common name', 'Gadus Morhua', 'Animalia ', 'FishBase'),
(2026569, 'Floater fish', 'fish', 'species', 'common name', 'Gadus Morhua', 'Animalia ', 'FishBase'),
(2026570, 'Floaters fish', 'Floaters', 'species', 'common name', 'Gadus Morhua', 'Animalia ', 'FishBase'),
(2026570, 'Floaters fish', 'fish', 'species', 'common name', 'Gadus Morhua', 'Animalia ', 'FishBase'),
(2026571, 'Foots', 'Foots', 'species', 'common name', 'Gadus Morhua', 'Animalia ', 'FishBase'),
(2026572, 'Fot', 'Fot', 'species', 'common name', 'Gadus Morhua', 'Animalia ', 'FishBase'),
(2026573, 'Foxy tom-cod', 'Foxy', 'species', 'common name', 'Gadus Morhua', 'Animalia ', 'FishBase'),
(2026573, 'Foxy tom-cod', 'tom-cod', 'species', 'common name', 'Gadus Morhua', 'Animalia ', 'FishBase'),
(2026574, 'Full cured fish', 'Full', 'species', 'common name', 'Gadus Morhua', 'Animalia ', 'FishBase'),
(2026574, 'Full cured fish', 'cured', 'species', 'common name', 'Gadus Morhua', 'Animalia ', 'FishBase'),
(2026574, 'Full cured fish', 'fish', 'species', 'common name', 'Gadus Morhua', 'Animalia ', 'FishBase'),
(2026575, 'Full pickle fish', 'Full', 'species', 'common name', 'Gadus Morhua', 'Animalia ', 'FishBase'),
(2026575, 'Full pickle fish', 'pickle', 'species', 'common name', 'Gadus Morhua', 'Animalia ', 'FishBase'),
(2026575, 'Full pickle fish', 'fish', 'species', 'common name', 'Gadus Morhua', 'Animalia ', 'FishBase'),
(2026576, 'Gádos', 'Gádos', 'species', 'common name', 'Gadus Morhua', 'Animalia ', 'FishBase'),
(2026577, 'Gaspé cure', 'Gaspé', 'species', 'common name', 'Gadus Morhua', 'Animalia ', 'FishBase'),
(2026577, 'Gaspé cure', 'cure', 'species', 'common name', 'Gadus Morhua', 'Animalia ', 'FishBase'),
(2026578, 'Gaspévirket klipfisk', 'Gaspévirket', 'species', 'common name', 'Gadus Morhua', 'Animalia ', 'FishBase'),
(2026578, 'Gaspévirket klipfisk', 'klipfisk', 'species', 'common name', 'Gadus Morhua', 'Animalia ', 'FishBase'),
(2026579, 'Geweekte stokvis', 'Geweekte', 'species', 'common name', 'Gadus Morhua', 'Animalia ', 'FishBase'),
(2026579, 'Geweekte stokvis', 'stokvis', 'species', 'common name', 'Gadus Morhua', 'Animalia ', 'FishBase'),
(2026580, 'Gloypingur', 'Gloypingur', 'species', 'common name', 'Gadus Morhua', 'Animalia ', 'FishBase'),
(2026581, 'Gráur fiskur', 'Gráur', 'species', 'common name', 'Gadus Morhua', 'Animalia ', 'FishBase'),
(2026581, 'Gráur fiskur', 'fiskur', 'species', 'common name', 'Gadus Morhua', 'Animalia ', 'FishBase'),
(2026582, 'Green fish', 'Green', 'species', 'common name', 'Gadus Morhua', 'Animalia ', 'FishBase'),
(2026582, 'Green fish', 'fish', 'species', 'common name', 'Gadus Morhua', 'Animalia ', 'FishBase'),
(2026583, 'Grog fish', 'Grog', 'species', 'common name', 'Gadus Morhua', 'Animalia ', 'FishBase'),
(2026583, 'Grog fish', 'fish', 'species', 'common name', 'Gadus Morhua', 'Animalia ', 'FishBase'),
(2026584, 'Grunnafiskur', 'Grunnafiskur', 'species', 'common name', 'Gadus Morhua', 'Animalia ', 'FishBase'),
(2026585, 'Grunningur', 'Grunningur', 'species', 'common name', 'Gadus Morhua', 'Animalia ', 'FishBase'),
(2026586, 'Gyodan', 'Gyodan', 'species', 'common name', 'Gadus Morhua', 'Animalia ', 'FishBase'),
(2026587, 'Haberdine', 'Haberdine', 'species', 'common name', 'Gadus Morhua', 'Animalia ', 'FishBase'),
(2026588, 'Half-saved', 'Half-saved', 'species', 'common name', 'Gadus Morhua', 'Animalia ', 'FishBase'),
(2026589, 'Harbour tom-cod', 'Harbour', 'species', 'common name', 'Gadus Morhua', 'Animalia ', 'FishBase'),
(2026589, 'Harbour tom-cod', 'tom-cod', 'species', 'common name', 'Gadus Morhua', 'Animalia ', 'FishBase'),
(2026590, 'Hard cure', 'Hard', 'species', 'common name', 'Gadus Morhua', 'Animalia ', 'FishBase'),
(2026590, 'Hard cure', 'cure', 'species', 'common name', 'Gadus Morhua', 'Animalia ', 'FishBase'),
(2026591, 'Hard-dry', 'Hard-dry', 'species', 'common name', 'Gadus Morhua', 'Animalia ', 'FishBase'),
(2026592, 'Hartsalzung', 'Hartsalzung', 'species', 'common name', 'Gadus Morhua', 'Animalia ', 'FishBase'),
(2026593, 'Havtoskur', 'Havtoskur', 'species', 'common name', 'Gadus Morhua', 'Animalia ', 'FishBase'),
(2026594, 'Heavy fish', 'Heavy', 'species', 'common name', 'Gadus Morhua', 'Animalia ', 'FishBase'),
(2026594, 'Heavy fish', 'fish', 'species', 'common name', 'Gadus Morhua', 'Animalia ', 'FishBase'),
(2026595, 'Heavy salt', 'Heavy', 'species', 'common name', 'Gadus Morhua', 'Animalia ', 'FishBase'),
(2026595, 'Heavy salt', 'salt', 'species', 'common name', 'Gadus Morhua', 'Animalia ', 'FishBase'),
(2026596, 'Heavy salted', 'Heavy', 'species', 'common name', 'Gadus Morhua', 'Animalia ', 'FishBase'),
(2026596, 'Heavy salted', 'salted', 'species', 'common name', 'Gadus Morhua', 'Animalia ', 'FishBase'),
(2026597, 'Hen', 'Hen', 'species', 'common name', 'Gadus Morhua', 'Animalia ', 'FishBase'),
(2026598, 'Heystfiskur', 'Heystfiskur', 'species', 'common name', 'Gadus Morhua', 'Animalia ', 'FishBase'),
(2026599, 'Hvidvirket klipfisk', 'Hvidvirket', 'species', 'common name', 'Gadus Morhua', 'Animalia ', 'FishBase'),
(2026599, 'Hvidvirket klipfisk', 'klipfisk', 'species', 'common name', 'Gadus Morhua', 'Animalia ', 'FishBase'),
(2026600, 'Hvítur fiskur', 'Hvítur', 'species', 'common name', 'Gadus Morhua', 'Animalia ', 'FishBase'),
(2026600, 'Hvítur fiskur', 'fiskur', 'species', 'common name', 'Gadus Morhua', 'Animalia ', 'FishBase'),
(2026601, 'Inshore cod', 'Inshore', 'species', 'common name', 'Gadus Morhua', 'Animalia ', 'FishBase'),
(2026601, 'Inshore cod', 'cod', 'species', 'common name', 'Gadus Morhua', 'Animalia ', 'FishBase'),
(2026602, 'Italian', 'Italian', 'species', 'common name', 'Gadus Morhua', 'Animalia ', 'FishBase'),
(2026603, 'Jersey fish', 'Jersey', 'species', 'common name', 'Gadus Morhua', 'Animalia ', 'FishBase'),
(2026603, 'Jersey fish', 'fish', 'species', 'common name', 'Gadus Morhua', 'Animalia ', 'FishBase'),
(2026604, 'Jigger fish', 'Jigger', 'species', 'common name', 'Gadus Morhua', 'Animalia ', 'FishBase'),
(2026604, 'Jigger fish', 'fish', 'species', 'common name', 'Gadus Morhua', 'Animalia ', 'FishBase'),
(2026605, 'Kabeljau', 'Kabeljau', 'species', 'common name', 'Gadus Morhua', 'Animalia ', 'FishBase'),
(2026606, 'Kabeljauw', 'Kabeljauw', 'species', 'common name', 'Gadus Morhua', 'Animalia ', 'FishBase'),
(2026607, 'Kabliau', 'Kabliau', 'species', 'common name', 'Gadus Morhua', 'Animalia ', 'FishBase'),
(2026608, 'Kalapulla', 'Kalapulla', 'species', 'common name', 'Gadus Morhua', 'Animalia ', 'FishBase'),
(2026609, 'Kalliokala', 'Kalliokala', 'species', 'common name', 'Gadus Morhua', 'Animalia ', 'FishBase'),
(2026610, 'Kanyu no niziru', 'Kanyu', 'species', 'common name', 'Gadus Morhua', 'Animalia ', 'FishBase'),
(2026610, 'Kanyu no niziru', 'no', 'species', 'common name', 'Gadus Morhua', 'Animalia ', 'FishBase'),
(2026610, 'Kanyu no niziru', 'niziru', 'species', 'common name', 'Gadus Morhua', 'Animalia ', 'FishBase'),
(2026611, 'Kil''din cod', 'Kil''din', 'species', 'common name', 'Gadus Morhua', 'Animalia ', 'FishBase'),
(2026611, 'Kil''din cod', 'cod', 'species', 'common name', 'Gadus Morhua', 'Animalia ', 'FishBase'),
(2026612, 'Klipfish', 'Klipfish', 'species', 'common name', 'Gadus Morhua', 'Animalia ', 'FishBase'),
(2026613, 'Klipfisk', 'Klipfisk', 'species', 'common name', 'Gadus Morhua', 'Animalia ', 'FishBase'),
(2026614, 'Klippfisch', 'Klippfisch', 'species', 'common name', 'Gadus Morhua', 'Animalia ', 'FishBase'),
(2026615, 'Klippfish', 'Klippfish', 'species', 'common name', 'Gadus Morhua', 'Animalia ', 'FishBase'),
(2026616, 'Klippfisk', 'Klippfisk', 'species', 'common name', 'Gadus Morhua', 'Animalia ', 'FishBase'),
(2026617, 'Klipvis', 'Klipvis', 'species', 'common name', 'Gadus Morhua', 'Animalia ', 'FishBase'),
(2026618, 'Labberdaan', 'Labberdaan', 'species', 'common name', 'Gadus Morhua', 'Animalia ', 'FishBase'),
(2026619, 'Laberdan', 'Laberdan', 'species', 'common name', 'Gadus Morhua', 'Animalia ', 'FishBase'),
(2026620, 'Labrador cure', 'Labrador', 'species', 'common name', 'Gadus Morhua', 'Animalia ', 'FishBase'),
(2026620, 'Labrador cure', 'cure', 'species', 'common name', 'Gadus Morhua', 'Animalia ', 'FishBase'),
(2026621, 'Labrador fish', 'Labrador', 'species', 'common name', 'Gadus Morhua', 'Animalia ', 'FishBase'),
(2026621, 'Labrador fish', 'fish', 'species', 'common name', 'Gadus Morhua', 'Animalia ', 'FishBase'),
(2026622, 'Lady day fish', 'Lady', 'species', 'common name', 'Gadus Morhua', 'Animalia ', 'FishBase'),
(2026622, 'Lady day fish', 'day', 'species', 'common name', 'Gadus Morhua', 'Animalia ', 'FishBase'),
(2026622, 'Lady day fish', 'fish', 'species', 'common name', 'Gadus Morhua', 'Animalia ', 'FishBase'),
(2026623, 'Laggy', 'Laggy', 'species', 'common name', 'Gadus Morhua', 'Animalia ', 'FishBase'),
(2026624, 'Landfiskur', 'Landfiskur', 'species', 'common name', 'Gadus Morhua', 'Animalia ', 'FishBase'),
(2026625, 'Landskránur', 'Landskránur', 'species', 'common name', 'Gadus Morhua', 'Animalia ', 'FishBase'),
(2026626, 'Lap tail', 'Lap', 'species', 'common name', 'Gadus Morhua', 'Animalia ', 'FishBase'),
(2026626, 'Lap tail', 'tail', 'species', 'common name', 'Gadus Morhua', 'Animalia ', 'FishBase'),
(2026627, 'Leggy', 'Leggy', 'species', 'common name', 'Gadus Morhua', 'Animalia ', 'FishBase'),
(2026628, 'Lipeäkala', 'Lipeäkala', 'species', 'common name', 'Gadus Morhua', 'Animalia ', 'FishBase'),
(2026629, 'Loader', 'Loader', 'species', 'common name', 'Gadus Morhua', 'Animalia ', 'FishBase'),
(2026630, 'Logy fish', 'Logy', 'species', 'common name', 'Gadus Morhua', 'Animalia ', 'FishBase'),
(2026630, 'Logy fish', 'fish', 'species', 'common name', 'Gadus Morhua', 'Animalia ', 'FishBase'),
(2026631, 'Lutefisk', 'Lutefisk', 'species', 'common name', 'Gadus Morhua', 'Animalia ', 'FishBase'),
(2026632, 'Lutfisk', 'Lutfisk', 'species', 'common name', 'Gadus Morhua', 'Animalia ', 'FishBase'),
(2026633, 'Lutfiskur', 'Lutfiskur', 'species', 'common name', 'Gadus Morhua', 'Animalia ', 'FishBase'),
(2026634, 'Lutningur', 'Lutningur', 'species', 'common name', 'Gadus Morhua', 'Animalia ', 'FishBase'),
(2026635, 'Madara', 'Madara', 'species', 'common name', 'Gadus Morhua', 'Animalia ', 'FishBase'),
(2026636, 'Madeira', 'Madeira', 'species', 'common name', 'Gadus Morhua', 'Animalia ', 'FishBase'),
(2026637, 'Menca', 'Menca', 'species', 'common name', 'Gadus Morhua', 'Animalia ', 'FishBase'),
(2026638, 'Merchantable', 'Merchantable', 'species', 'common name', 'Gadus Morhua', 'Animalia ', 'FishBase'),
(2026639, 'Merluzzo bianco', 'Merluzzo', 'species', 'common name', 'Gadus Morhua', 'Animalia ', 'FishBase'),
(2026639, 'Merluzzo bianco', 'bianco', 'species', 'common name', 'Gadus Morhua', 'Animalia ', 'FishBase'),
(2026640, 'Miðafiskur', 'Miðafiskur', 'species', 'common name', 'Gadus Morhua', 'Animalia ', 'FishBase'),
(2026641, 'Morue', 'Morue', 'species', 'common name', 'Gadus Morhua', 'Animalia ', 'FishBase'),
(2026642, 'Morue commune', 'Morue', 'species', 'common name', 'Gadus Morhua', 'Animalia ', 'FishBase'),
(2026642, 'Morue commune', 'commune', 'species', 'common name', 'Gadus Morhua', 'Animalia ', 'FishBase'),
(2026643, 'Morue de l''Atlantique', 'Morue', 'species', 'common name', 'Gadus Morhua', 'Animalia ', 'FishBase'),
(2026643, 'Morue de l''Atlantique', 'de', 'species', 'common name', 'Gadus Morhua', 'Animalia ', 'FishBase'),
(2026643, 'Morue de l''Atlantique', 'l''Atlantique', 'species', 'common name', 'Gadus Morhua', 'Animalia ', 'FishBase'),
(2026644, 'Morue franche', 'Morue', 'species', 'common name', 'Gadus Morhua', 'Animalia ', 'FishBase'),
(2026644, 'Morue franche', 'franche', 'species', 'common name', 'Gadus Morhua', 'Animalia ', 'FishBase'),
(2026647, 'Mother fish', 'Mother', 'species', 'common name', 'Gadus Morhua', 'Animalia ', 'FishBase'),
(2026647, 'Mother fish', 'fish', 'species', 'common name', 'Gadus Morhua', 'Animalia ', 'FishBase'),
(2026648, 'Mud fish', 'Mud', 'species', 'common name', 'Gadus Morhua', 'Animalia ', 'FishBase'),
(2026648, 'Mud fish', 'fish', 'species', 'common name', 'Gadus Morhua', 'Animalia ', 'FishBase'),
(2026649, 'Nabbafiskur', 'Nabbafiskur', 'species', 'common name', 'Gadus Morhua', 'Animalia ', 'FishBase'),
(2026650, 'Newfoundland fish', 'Newfoundland', 'species', 'common name', 'Gadus Morhua', 'Animalia ', 'FishBase'),
(2026650, 'Newfoundland fish', 'fish', 'species', 'common name', 'Gadus Morhua', 'Animalia ', 'FishBase'),
(2026651, 'Northern cod', 'Northern', 'species', 'common name', 'Gadus Morhua', 'Animalia ', 'FishBase'),
(2026651, 'Northern cod', 'cod', 'species', 'common name', 'Gadus Morhua', 'Animalia ', 'FishBase'),
(2026652, 'Ogac', 'Ogac', 'species', 'common name', 'Gadus Morhua', 'Animalia ', 'FishBase'),
(2026654, 'Old soaker', 'Old', 'species', 'common name', 'Gadus Morhua', 'Animalia ', 'FishBase'),
(2026654, 'Old soaker', 'soaker', 'species', 'common name', 'Gadus Morhua', 'Animalia ', 'FishBase'),
(2026655, 'Ovak', 'Ovak', 'species', 'common name', 'Gadus Morhua', 'Animalia ', 'FishBase'),
(2026657, 'Pea', 'Pea', 'species', 'common name', 'Gadus Morhua', 'Animalia ', 'FishBase'),
(2026658, 'Pesce lesso in pallette', 'Pesce', 'species', 'common name', 'Gadus Morhua', 'Animalia ', 'FishBase'),
(2026658, 'Pesce lesso in pallette', 'lesso', 'species', 'common name', 'Gadus Morhua', 'Animalia ', 'FishBase'),
(2026658, 'Pesce lesso in pallette', 'in', 'species', 'common name', 'Gadus Morhua', 'Animalia ', 'FishBase'),
(2026658, 'Pesce lesso in pallette', 'pallette', 'species', 'common name', 'Gadus Morhua', 'Animalia ', 'FishBase'),
(2026659, 'Pink fish', 'Pink', 'species', 'common name', 'Gadus Morhua', 'Animalia ', 'FishBase'),
(2026659, 'Pink fish', 'fish', 'species', 'common name', 'Gadus Morhua', 'Animalia ', 'FishBase'),
(2026660, 'Pomuchel', 'Pomuchel', 'species', 'common name', 'Gadus Morhua', 'Animalia ', 'FishBase'),
(2026661, 'Poor john', 'Poor', 'species', 'common name', 'Gadus Morhua', 'Animalia ', 'FishBase'),
(2026661, 'Poor john', 'john', 'species', 'common name', 'Gadus Morhua', 'Animalia ', 'FishBase'),
(2026662, 'Puerto rico fish', 'Puerto', 'species', 'common name', 'Gadus Morhua', 'Animalia ', 'FishBase'),
(2026662, 'Puerto rico fish', 'rico', 'species', 'common name', 'Gadus Morhua', 'Animalia ', 'FishBase'),
(2026662, 'Puerto rico fish', 'fish', 'species', 'common name', 'Gadus Morhua', 'Animalia ', 'FishBase'),
(2026663, 'Raktoskur', 'Raktoskur', 'species', 'common name', 'Gadus Morhua', 'Animalia ', 'FishBase'),
(2026664, 'Red-cod', 'Red-cod', 'species', 'common name', 'Gadus Morhua', 'Animalia ', 'FishBase'),
(2026665, 'Refuse fish', 'Refuse', 'species', 'common name', 'Gadus Morhua', 'Animalia ', 'FishBase'),
(2026665, 'Refuse fish', 'fish', 'species', 'common name', 'Gadus Morhua', 'Animalia ', 'FishBase'),
(2026666, 'Reyðbelta', 'Reyðbelta', 'species', 'common name', 'Gadus Morhua', 'Animalia ', 'FishBase'),
(2026667, 'Reyðfiskur', 'Reyðfiskur', 'species', 'common name', 'Gadus Morhua', 'Animalia ', 'FishBase'),
(2026668, 'Rounder', 'Rounder', 'species', 'common name', 'Gadus Morhua', 'Animalia ', 'FishBase'),
(2026669, 'Saarullik', 'Saarullik', 'species', 'common name', 'Gadus Morhua', 'Animalia ', 'FishBase'),
(2026670, 'Salt fish', 'Salt', 'species', 'common name', 'Gadus Morhua', 'Animalia ', 'FishBase'),
(2026670, 'Salt fish', 'fish', 'species', 'common name', 'Gadus Morhua', 'Animalia ', 'FishBase'),
(2026671, 'Salt-bulk', 'Salt-bulk', 'species', 'common name', 'Gadus Morhua', 'Animalia ', 'FishBase'),
(2026672, 'Saltfish', 'Saltfish', 'species', 'common name', 'Gadus Morhua', 'Animalia ', 'FishBase'),
(2026673, 'Saltfisk', 'Saltfisk', 'species', 'common name', 'Gadus Morhua', 'Animalia ', 'FishBase'),
(2026674, 'Salzfisch', 'Salzfisch', 'species', 'common name', 'Gadus Morhua', 'Animalia ', 'FishBase'),
(2026675, 'Saraudlik', 'Saraudlik', 'species', 'common name', 'Gadus Morhua', 'Animalia ', 'FishBase'),
(2026676, 'Saraudlirksoak', 'Saraudlirksoak', 'species', 'common name', 'Gadus Morhua', 'Animalia ', 'FishBase'),
(2026677, 'Sârugdligaraq', 'Sârugdligaraq', 'species', 'common name', 'Gadus Morhua', 'Animalia ', 'FishBase'),
(2026678, 'Sârugdlik', 'Sârugdlik', 'species', 'common name', 'Gadus Morhua', 'Animalia ', 'FishBase'),
(2026679, 'Sâugdlik', 'Sâugdlik', 'species', 'common name', 'Gadus Morhua', 'Animalia ', 'FishBase'),
(2026680, 'Schrod', 'Schrod', 'species', 'common name', 'Gadus Morhua', 'Animalia ', 'FishBase'),
(2026681, 'Scrad', 'Scrad', 'species', 'common name', 'Gadus Morhua', 'Animalia ', 'FishBase'),
(2026682, 'Scraud', 'Scraud', 'species', 'common name', 'Gadus Morhua', 'Animalia ', 'FishBase'),
(2026683, 'Scrawd', 'Scrawd', 'species', 'common name', 'Gadus Morhua', 'Animalia ', 'FishBase'),
(2026684, 'Screwed fish', 'Screwed', 'species', 'common name', 'Gadus Morhua', 'Animalia ', 'FishBase');
INSERT INTO `temp_search_table` (`id`, `name_element`, `name`, `rank`, `name_status`, `name_status_suffix`, `group`, `source_database`) VALUES
(2026684, 'Screwed fish', 'fish', 'species', 'common name', 'Gadus Morhua', 'Animalia ', 'FishBase'),
(2026685, 'Scrod', 'Scrod', 'species', 'common name', 'Gadus Morhua', 'Animalia ', 'FishBase'),
(2026686, 'Seal-head cod', 'Seal-head', 'species', 'common name', 'Gadus Morhua', 'Animalia ', 'FishBase'),
(2026686, 'Seal-head cod', 'cod', 'species', 'common name', 'Gadus Morhua', 'Animalia ', 'FishBase'),
(2026687, 'Semi-dry', 'Semi-dry', 'species', 'common name', 'Gadus Morhua', 'Animalia ', 'FishBase'),
(2026688, 'Shoal cod', 'Shoal', 'species', 'common name', 'Gadus Morhua', 'Animalia ', 'FishBase'),
(2026688, 'Shoal cod', 'cod', 'species', 'common name', 'Gadus Morhua', 'Animalia ', 'FishBase'),
(2026689, 'Shoal fish', 'Shoal', 'species', 'common name', 'Gadus Morhua', 'Animalia ', 'FishBase'),
(2026689, 'Shoal fish', 'fish', 'species', 'common name', 'Gadus Morhua', 'Animalia ', 'FishBase'),
(2026690, 'Shore cod', 'Shore', 'species', 'common name', 'Gadus Morhua', 'Animalia ', 'FishBase'),
(2026690, 'Shore cod', 'cod', 'species', 'common name', 'Gadus Morhua', 'Animalia ', 'FishBase'),
(2026691, 'Shore fish', 'Shore', 'species', 'common name', 'Gadus Morhua', 'Animalia ', 'FishBase'),
(2026691, 'Shore fish', 'fish', 'species', 'common name', 'Gadus Morhua', 'Animalia ', 'FishBase'),
(2026692, 'Shore labrador', 'Shore', 'species', 'common name', 'Gadus Morhua', 'Animalia ', 'FishBase'),
(2026692, 'Shore labrador', 'labrador', 'species', 'common name', 'Gadus Morhua', 'Animalia ', 'FishBase'),
(2026693, 'Sildafiskur', 'Sildafiskur', 'species', 'common name', 'Gadus Morhua', 'Animalia ', 'FishBase'),
(2026694, 'Skránur', 'Skránur', 'species', 'common name', 'Gadus Morhua', 'Animalia ', 'FishBase'),
(2026695, 'Skrei', 'Skrei', 'species', 'common name', 'Gadus Morhua', 'Animalia ', 'FishBase'),
(2026696, 'Slánur', 'Slánur', 'species', 'common name', 'Gadus Morhua', 'Animalia ', 'FishBase'),
(2026697, 'Slop', 'Slop', 'species', 'common name', 'Gadus Morhua', 'Animalia ', 'FishBase'),
(2026698, 'Smáfiskur', 'Smáfiskur', 'species', 'common name', 'Gadus Morhua', 'Animalia ', 'FishBase'),
(2026699, 'Snig', 'Snig', 'species', 'common name', 'Gadus Morhua', 'Animalia ', 'FishBase'),
(2026700, 'Snub', 'Snub', 'species', 'common name', 'Gadus Morhua', 'Animalia ', 'FishBase'),
(2026701, 'Snubby', 'Snubby', 'species', 'common name', 'Gadus Morhua', 'Animalia ', 'FishBase'),
(2026702, 'Soaker', 'Soaker', 'species', 'common name', 'Gadus Morhua', 'Animalia ', 'FishBase'),
(2026703, 'Soft cure', 'Soft', 'species', 'common name', 'Gadus Morhua', 'Animalia ', 'FishBase'),
(2026703, 'Soft cure', 'cure', 'species', 'common name', 'Gadus Morhua', 'Animalia ', 'FishBase'),
(2026704, 'Soft cured', 'Soft', 'species', 'common name', 'Gadus Morhua', 'Animalia ', 'FishBase'),
(2026704, 'Soft cured', 'cured', 'species', 'common name', 'Gadus Morhua', 'Animalia ', 'FishBase'),
(2026705, 'Spanish fish', 'Spanish', 'species', 'common name', 'Gadus Morhua', 'Animalia ', 'FishBase'),
(2026705, 'Spanish fish', 'fish', 'species', 'common name', 'Gadus Morhua', 'Animalia ', 'FishBase'),
(2026706, 'Split', 'Split', 'species', 'common name', 'Gadus Morhua', 'Animalia ', 'FishBase'),
(2026707, 'Stoccafisso', 'Stoccafisso', 'species', 'common name', 'Gadus Morhua', 'Animalia ', 'FishBase'),
(2026708, 'Stockfisch', 'Stockfisch', 'species', 'common name', 'Gadus Morhua', 'Animalia ', 'FishBase'),
(2026709, 'Stockfish', 'Stockfish', 'species', 'common name', 'Gadus Morhua', 'Animalia ', 'FishBase'),
(2026710, 'Stokfisk', 'Stokfisk', 'species', 'common name', 'Gadus Morhua', 'Animalia ', 'FishBase'),
(2026711, 'Stokkfisk', 'Stokkfisk', 'species', 'common name', 'Gadus Morhua', 'Animalia ', 'FishBase'),
(2026712, 'Stokvis', 'Stokvis', 'species', 'common name', 'Gadus Morhua', 'Animalia ', 'FishBase'),
(2026713, 'Straits fish', 'Straits', 'species', 'common name', 'Gadus Morhua', 'Animalia ', 'FishBase'),
(2026713, 'Straits fish', 'fish', 'species', 'common name', 'Gadus Morhua', 'Animalia ', 'FishBase'),
(2026714, 'Strip', 'Strip', 'species', 'common name', 'Gadus Morhua', 'Animalia ', 'FishBase'),
(2026715, 'Stückenfisch', 'Stückenfisch', 'species', 'common name', 'Gadus Morhua', 'Animalia ', 'FishBase'),
(2026716, 'Stútingur', 'Stútingur', 'species', 'common name', 'Gadus Morhua', 'Animalia ', 'FishBase'),
(2026717, 'Summarfiskur', 'Summarfiskur', 'species', 'common name', 'Gadus Morhua', 'Animalia ', 'FishBase'),
(2026718, 'Summer cod-fish', 'Summer', 'species', 'common name', 'Gadus Morhua', 'Animalia ', 'FishBase'),
(2026718, 'Summer cod-fish', 'cod-fish', 'species', 'common name', 'Gadus Morhua', 'Animalia ', 'FishBase'),
(2026719, 'Summer fish', 'Summer', 'species', 'common name', 'Gadus Morhua', 'Animalia ', 'FishBase'),
(2026719, 'Summer fish', 'fish', 'species', 'common name', 'Gadus Morhua', 'Animalia ', 'FishBase'),
(2026720, 'Swallow', 'Swallow', 'species', 'common name', 'Gadus Morhua', 'Animalia ', 'FishBase'),
(2026721, 'Swallow tail', 'Swallow', 'species', 'common name', 'Gadus Morhua', 'Animalia ', 'FishBase'),
(2026721, 'Swallow tail', 'tail', 'species', 'common name', 'Gadus Morhua', 'Animalia ', 'FishBase'),
(2026722, 'Sweikis', 'Sweikis', 'species', 'common name', 'Gadus Morhua', 'Animalia ', 'FishBase'),
(2026723, 'Tally fish', 'Tally', 'species', 'common name', 'Gadus Morhua', 'Animalia ', 'FishBase'),
(2026723, 'Tally fish', 'fish', 'species', 'common name', 'Gadus Morhua', 'Animalia ', 'FishBase'),
(2026724, 'Tara', 'Tara', 'species', 'common name', 'Gadus Morhua', 'Animalia ', 'FishBase'),
(2026725, 'Tararunuk', 'Tararunuk', 'species', 'common name', 'Gadus Morhua', 'Animalia ', 'FishBase'),
(2026726, 'Tertlingur', 'Tertlingur', 'species', 'common name', 'Gadus Morhua', 'Animalia ', 'FishBase'),
(2026727, 'Thirds', 'Thirds', 'species', 'common name', 'Gadus Morhua', 'Animalia ', 'FishBase'),
(2026728, 'Þorskur', 'Þorskur', 'species', 'common name', 'Gadus Morhua', 'Animalia ', 'FishBase'),
(2026729, 'Tom-cod', 'Tom-cod', 'species', 'common name', 'Gadus Morhua', 'Animalia ', 'FishBase'),
(2026730, 'Torrafiskur', 'Torrafiskur', 'species', 'common name', 'Gadus Morhua', 'Animalia ', 'FishBase'),
(2026731, 'Torrfisk', 'Torrfisk', 'species', 'common name', 'Gadus Morhua', 'Animalia ', 'FishBase'),
(2026732, 'Torsk', 'Torsk', 'species', 'common name', 'Gadus Morhua', 'Animalia ', 'FishBase'),
(2026733, 'Torsk', 'Torsk', 'species', 'common name', 'Gadus Morhua', 'Animalia ', 'FishBase'),
(2026734, 'Torsk', 'Torsk', 'species', 'common name', 'Gadus Morhua', 'Animalia ', 'FishBase'),
(2026735, 'Toskur', 'Toskur', 'species', 'common name', 'Gadus Morhua', 'Animalia ', 'FishBase'),
(2026736, 'Trap cod', 'Trap', 'species', 'common name', 'Gadus Morhua', 'Animalia ', 'FishBase'),
(2026736, 'Trap cod', 'cod', 'species', 'common name', 'Gadus Morhua', 'Animalia ', 'FishBase'),
(2026737, 'Trap fish', 'Trap', 'species', 'common name', 'Gadus Morhua', 'Animalia ', 'FishBase'),
(2026737, 'Trap fish', 'fish', 'species', 'common name', 'Gadus Morhua', 'Animalia ', 'FishBase'),
(2026738, 'Treska', 'Treska', 'species', 'common name', 'Gadus Morhua', 'Animalia ', 'FishBase'),
(2026739, 'Turska', 'Turska', 'species', 'common name', 'Gadus Morhua', 'Animalia ', 'FishBase'),
(2026740, 'Tysklingur', 'Tysklingur', 'species', 'common name', 'Gadus Morhua', 'Animalia ', 'FishBase'),
(2026741, 'Ugak', 'Ugak', 'species', 'common name', 'Gadus Morhua', 'Animalia ', 'FishBase'),
(2026742, 'Ugotica', 'Ugotica', 'species', 'common name', 'Gadus Morhua', 'Animalia ', 'FishBase'),
(2026743, 'Uo-dango', 'Uo-dango', 'species', 'common name', 'Gadus Morhua', 'Animalia ', 'FishBase'),
(2026744, 'Uo-miso', 'Uo-miso', 'species', 'common name', 'Gadus Morhua', 'Animalia ', 'FishBase'),
(2026745, 'Uugak', 'Uugak', 'species', 'common name', 'Gadus Morhua', 'Animalia ', 'FishBase'),
(2026746, 'Várfiskur', 'Várfiskur', 'species', 'common name', 'Gadus Morhua', 'Animalia ', 'FishBase'),
(2026747, 'Visballen', 'Visballen', 'species', 'common name', 'Gadus Morhua', 'Animalia ', 'FishBase'),
(2026748, 'Visballetjes', 'Visballetjes', 'species', 'common name', 'Gadus Morhua', 'Animalia ', 'FishBase'),
(2026749, 'Vuotnaguolli', 'Vuotnaguolli', 'species', 'common name', 'Gadus Morhua', 'Animalia ', 'FishBase'),
(2026750, 'Watlusz', 'Watlusz', 'species', 'common name', 'Gadus Morhua', 'Animalia ', 'FishBase'),
(2026752, 'West india', 'West', 'species', 'common name', 'Gadus Morhua', 'Animalia ', 'FishBase'),
(2026752, 'West india', 'india', 'species', 'common name', 'Gadus Morhua', 'Animalia ', 'FishBase'),
(2026753, 'West indian', 'West', 'species', 'common name', 'Gadus Morhua', 'Animalia ', 'FishBase'),
(2026753, 'West indian', 'indian', 'species', 'common name', 'Gadus Morhua', 'Animalia ', 'FishBase'),
(2026754, 'Winter fish', 'Winter', 'species', 'common name', 'Gadus Morhua', 'Animalia ', 'FishBase'),
(2026754, 'Winter fish', 'fish', 'species', 'common name', 'Gadus Morhua', 'Animalia ', 'FishBase'),
(2026755, 'Zoutevis', 'Zoutevis', 'species', 'common name', 'Gadus Morhua', 'Animalia ', 'FishBase'),
(2080724, '肋斑魮', '肋斑魮', 'species', 'common name', 'Barbus pleurogramma', 'Animalia ', 'FishBase'),
(2080723, '肋斑魮', '肋斑魮', 'species', 'common name', 'Barbus pleurogramma', 'Animalia ', 'FishBase'),
(2080725, 'Parmicka unfranská', 'Parmicka', 'species', 'common name', 'Barbus pleurogramma', 'Animalia ', 'FishBase'),
(2080725, 'Parmicka unfranská', 'unfranská', 'species', 'common name', 'Barbus pleurogramma', 'Animalia ', 'FishBase');

-- --------------------------------------------------------

--
-- Table structure for table `temp_taxon_tree`
--

CREATE TABLE IF NOT EXISTS `temp_taxon_tree` (
  `taxon_id` int(10) NOT NULL,
  `name` varchar(255) NOT NULL,
  `rank` varchar(255) NOT NULL,
  `parent_id` int(10) NOT NULL,
  `lsid` varchar(255) NOT NULL,
  `number_of_children` int(10) NOT NULL
) ENGINE=InnoDB DEFAULT CHARSET=utf8;

--
-- Dumping data for table `temp_taxon_tree`
--

INSERT INTO `temp_taxon_tree` (`taxon_id`, `name`, `rank`, `parent_id`, `lsid`, `number_of_children`) VALUES
(1, 'Animalia ', 'kingdom', 0, '', 3),
(2, 'Bacteria ', 'kingdom', 0, '', 1),
(3, 'Plantae ', 'kingdom', 0, '', 2),
(4, 'Arthropoda ', 'phylum', 1, '', 1),
(5, 'Chordata ', 'phylum', 1, '', 1),
(6, 'Mollusca ', 'phylum', 1, '', 1),
(7, 'Cyanobacteria ', 'phylum', 2, '', 1),
(8, 'Chlorophyta ', 'phylum', 3, '', 1),
(9, 'Magnoliophyta ', 'phylum', 3, '', 1),
(10, 'Insecta ', 'class', 4, '', 4),
(11, 'Actinopterygii ', 'class', 5, '', 2),
(12, 'Bivalvia ', 'class', 6, '', 1),
(13, 'Not assigned ', 'class', 7, '', 1),
(14, 'Chlorophyceae ', 'class', 8, '', 1),
(15, 'Magnoliopsida ', 'class', 9, '', 1),
(16, 'Coleoptera ', 'order', 10, '', 1),
(17, 'Hemiptera ', 'order', 10, '', 1),
(18, 'Hymenoptera ', 'order', 10, '', 1),
(19, 'Lepidoptera ', 'order', 10, '', 1),
(20, 'Cypriniformes ', 'order', 11, '', 1),
(21, 'Gadiformes ', 'order', 11, '', 1),
(22, 'Unionoida ', 'order', 12, '', 1),
(23, 'Chroococcales ', 'order', 13, '', 1),
(24, 'Prasiolales ', 'order', 14, '', 1),
(25, 'Rosales ', 'order', 15, '', 1),
(26, 'Cerambycidae ', 'family', 16, '', 1),
(27, 'Coccoidea ', 'superfamily', 17, '', 1),
(28, 'Apoidea ', 'superfamily', 18, '', 1),
(29, 'Pyraloidea ', 'superfamily', 19, '', 1),
(30, 'Cyprinidae ', 'family', 20, '', 1),
(31, 'Gadidae ', 'family', 21, '', 1),
(32, 'Unionidae ', 'family', 22, '', 1),
(33, 'Microcystaceae ', 'family', 23, '', 1),
(34, 'Prasiolaceae ', 'family', 24, '', 1),
(35, 'Rosaceae ', 'family', 25, '', 2),
(36, 'Glaphyra', 'genus', 26, '', 1),
(37, 'Eriococcidae ', 'family', 27, '', 1),
(38, 'Megachilidae ', 'family', 28, '', 1),
(39, 'Crambidae ', 'family', 29, '', 1),
(40, 'Barbus', 'genus', 30, '', 1),
(41, 'Gadus', 'genus', 31, '', 1),
(42, 'Fusconaia', 'genus', 32, '', 1),
(43, 'Trochiscia', 'genus', 33, '', 1),
(44, 'Prasiola', 'genus', 34, '', 1),
(45, 'Polylepis', 'genus', 35, '', 4),
(46, 'Glaphyra shimai', 'species', 36, 'urn:lsid:catalogueoflife.org:taxon:d9bbe14a-29c1-102b-9a4a-00304854f820:ac2009', 0),
(47, 'Eriococcus', 'genus', 37, '', 1),
(48, 'Osmia', 'genus', 38, '', 1),
(49, 'Dichochroma', 'genus', 39, '', 1),
(50, 'Barbus pleurogramma', 'species', 40, 'urn:lsid:catalogueoflife.org:taxon:407aa16e-52c2-102c-b3cd-957176fb88b9:ac2009', 0),
(51, 'Gadus Morhua', 'species', 41, 'urn:lsid:catalogueoflife.org:taxon:40553829-52c2-102c-b3cd-957176fb88b9:ac2009', 0),
(52, 'Fusconaia cor', 'species', 42, 'urn:lsid:catalogueoflife.org:taxon:e225d1c4-29c1-102b-9a4a-00304854f820:ac2009', 0),
(53, 'Trochiscia granulata', 'species', 43, 'urn:lsid:catalogueoflife.org:taxon:ec1526d0-29c1-102b-9a4a-00304854f820:ac2009', 0),
(54, 'Prasiola crispa', 'species', 44, '', 1),
(55, 'Polylepis hieronymi', 'species', 45, 'urn:lsid:catalogueoflife.org:taxon:de8db3b0-29c1-102b-9a4a-00304854f820:ac2009', 0),
(56, 'Polylepis racemosa', 'species', 45, 'urn:lsid:catalogueoflife.org:taxon:de8dbe1e-29c1-102b-9a4a-00304854f820:ac2009', 2),
(57, 'Polylepis australis', 'species', 45, 'urn:lsid:catalogueoflife.org:taxon:de8db162-29c1-102b-9a4a-00304854f820:ac2009', 0),
(58, 'Polylepis besseri', 'species', 45, 'urn:lsid:catalogueoflife.org:taxon:de8db28e-29c1-102b-9a4a-00304854f820:ac2009', 0),
(59, 'Eriococcus granulatus', 'species', 47, 'urn:lsid:catalogueoflife.org:taxon:eafa0996-29c1-102b-9a4a-00304854f820:ac2009', 0),
(60, 'Osmia disjuncta', 'species', 48, 'urn:lsid:catalogueoflife.org:taxon:41cd03d6-52c2-102c-b3cd-957176fb88b9:ac2009', 0),
(61, 'Dichochroma muralis', 'species', 49, 'urn:lsid:catalogueoflife.org:taxon:db182d0a-29c1-102b-9a4a-00304854f820:ac2009', 0),
(62, 'Prasiola crispa muralis', 'form', 54, '', 0),
(63, 'Polylepis racemosa lanata', 'subspecies', 56, 'urn:lsid:catalogueoflife.org:taxon:f4e0bc0c-29c1-102b-9a4a-00304854f820:ac2009', 0),
(64, 'Rosa', 'genus', 35, '', 2),
(65, 'Rosa pomifera', 'species', 64, 'urn:lsid:catalogueoflife.org:taxon:dcce07f0-29c1-102b-9a4a-00304854f820:ac2009', 0),
(66, 'Rosa pimpinellifolia', 'species', 64, 'urn:lsid:catalogueoflife.org:taxon:e6088156-29c1-102b-9a4a-00304854f820:ac2009', 0);

-- --------------------------------------------------------

--
-- Table structure for table `uri`
--

CREATE TABLE IF NOT EXISTS `uri` (
  `id` int(10) unsigned NOT NULL AUTO_INCREMENT,
  `resource_identifier` text NOT NULL COMMENT 'Unique resource identifier (URI; including LSID)',
  `description` text COMMENT 'Short description of the URI',
  `uri_scheme_id` tinyint(2) unsigned NOT NULL,
  PRIMARY KEY (`id`),
  KEY `uri_scheme_id` (`uri_scheme_id`)
) ENGINE=InnoDB  DEFAULT CHARSET=utf8 COMMENT='Unique resource identifiers' AUTO_INCREMENT=41 ;

--
-- Dumping data for table `uri`
--

INSERT INTO `uri` (`id`, `resource_identifier`, `description`, `uri_scheme_id`) VALUES
(1, 'http://www.algaebase.org/', NULL, 6),
(2, 'http://www.fishbase.org', NULL, 6),
(3, 'http://www.iopi.org', NULL, 6),
(4, 'http://www.itis.gov', NULL, 6),
(5, 'http://www.cbif.gc.ca/pls/itisca/taxaget?p_ifx=cbif', 'http://www.cbif.gc.ca/itis (Canada)', 6),
(6, 'http://siit.conabio.gob.mx', 'http://siit.conabio.gob.mx (Mexico)', 6),
(7, 'http://www.nhm.ac.uk/entomology/lepindex', NULL, 6),
(8, 'http://www.sel.barc.usda.gov/scalenet/scalenet.htm', NULL, 6),
(9, 'http://www.sel.barc.usda.gov/sca', NULL, 6),
(10, 'https://www.orleans.ird.fr/titan/', NULL, 7),
(11, 'http://www.itis.gov/beechecklist.html', NULL, 6),
(12, 'http://www.itis.gov/servlet/SingleRpt/SingleRpt?search_topic=TSN&search_value=756888', NULL, 6),
(13, 'http://www.nhm.ac.uk/jdsml/research-curation/projects/lepindex/detail.dsml?TaxonNo=15032%2e0', NULL, 6),
(14, 'http://www.fishbase.org/Summary/SpeciesSummary.php?ID=11447', NULL, 6),
(15, 'http://www.fishbase.org/Summary/SpeciesSummary.php?ID=69', NULL, 6),
(16, 'http://www.itis.gov/servlet/SingleRpt/SingleRpt?search_topic=TSN&search_value=80044', NULL, 6),
(17, 'http://www.algaebase.org/SpeciesDetail.lasso?species_id=62720', NULL, 6),
(18, 'http://www.bgbm.org/IOPI/GPC/PTaxonDetail.asp?RIDentifier=570441', NULL, 6),
(19, 'http://www.bgbm.org/IOPI/GPC/PTaxonDetail.asp?RIDentifier=570448', NULL, 6),
(20, 'http://www.bgbm.org/IOPI/GPC/PTaxonDetail.asp?RIDentifier=570439', NULL, 6),
(21, 'http://www.bgbm.org/IOPI/GPC/PTaxonDetail.asp?RIDentifier=570440', NULL, 6),
(22, 'http://www.algaebase.org/SpeciesDetail.lasso?species_id=34821', NULL, 6),
(23, 'http://www.bgbm.org/IOPI/GPC/PTaxonDetail.asp?RIDentifier=608129', NULL, 6),
(24, 'http://www.bgbm.org/IOPI/GPC/PTaxonDetail.asp?RIDentifier=607963', NULL, 6),
(25, 'urn:lsid:catalogueoflife.org:taxon:40553829-52c2-102c-b3cd-957176fb88b9:ac2009', NULL, 9),
(26, 'urn:lsid:catalogueoflife.org:taxon:de8dbe1e-29c1-102b-9a4a-00304854f820:ac2009', NULL, 9),
(27, 'urn:lsid:catalogueoflife.org:taxon:de8db162-29c1-102b-9a4a-00304854f820:ac2009', NULL, 9),
(28, 'urn:lsid:catalogueoflife.org:taxon:de8db28e-29c1-102b-9a4a-00304854f820:ac2009', NULL, 9),
(29, 'urn:lsid:catalogueoflife.org:taxon:de8db3b0-29c1-102b-9a4a-00304854f820:ac2009', NULL, 9),
(30, 'urn:lsid:catalogueoflife.org:taxon:db182d0a-29c1-102b-9a4a-00304854f820:ac2009', NULL, 9),
(31, 'urn:lsid:catalogueoflife.org:taxon:f4e0bc0c-29c1-102b-9a4a-00304854f820:ac2009', NULL, 9),
(32, 'urn:lsid:catalogueoflife.org:taxon:d9bbe14a-29c1-102b-9a4a-00304854f820:ac2009', NULL, 9),
(33, 'urn:lsid:catalogueoflife.org:taxon:41cd03d6-52c2-102c-b3cd-957176fb88b9:ac2009', NULL, 9),
(34, 'urn:lsid:catalogueoflife.org:taxon:407aa16e-52c2-102c-b3cd-957176fb88b9:ac2009', NULL, 9),
(35, 'urn:lsid:catalogueoflife.org:taxon:ec1526d0-29c1-102b-9a4a-00304854f820:ac2009', NULL, 9),
(36, 'urn:lsid:catalogueoflife.org:taxon:eafa0996-29c1-102b-9a4a-00304854f820:ac2009', NULL, 9),
(37, 'urn:lsid:catalogueoflife.org:taxon:e225d1c4-29c1-102b-9a4a-00304854f820:ac2009', NULL, 9),
(38, 'urn:lsid:catalogueoflife.org:taxon:dcce07f0-29c1-102b-9a4a-00304854f820:ac2009', NULL, 9),
(39, 'urn:lsid:catalogueoflife.org:taxon:e6088156-29c1-102b-9a4a-00304854f820:ac2009', NULL, 9),
(40, 'urn:lsid:catalogueoflife.org:taxon:dcbfffde-29c1-102b-9a4a-00304854f820:ac2009', NULL, 9);

-- --------------------------------------------------------

--
-- Table structure for table `uri_scheme`
--

CREATE TABLE IF NOT EXISTS `uri_scheme` (
  `id` tinyint(2) unsigned NOT NULL AUTO_INCREMENT,
  `scheme` varchar(25) NOT NULL COMMENT 'Abbreviation of URI scheme',
  `name` varchar(255) NOT NULL COMMENT 'Full name of URI scheme',
  PRIMARY KEY (`id`),
  UNIQUE KEY `unique` (`scheme`,`name`),
  KEY `scheme` (`scheme`)
) ENGINE=InnoDB  DEFAULT CHARSET=utf8 COMMENT='Predetermined list of URI schemas' AUTO_INCREMENT=21 ;

--
-- Dumping data for table `uri_scheme`
--

INSERT INTO `uri_scheme` (`id`, `scheme`, `name`) VALUES
(1, 'dav', 'Distributed Authoring and Versioning'),
(2, 'dict', 'Dictionary Service Protocol'),
(3, 'dns', 'Domain Name System'),
(4, 'file', 'File'),
(5, 'ftp', 'File Transfer Protocol'),
(6, 'http', 'HyperText Transfer Protocol'),
(7, 'https', 'HyperText Transfer Protocol Secure'),
(8, 'im', 'Instant messagin protocol'),
(9, 'lsid', 'Life Science Identifier'),
(10, 'mailto', 'SMPT e-mail address and default content'),
(11, 'news', 'News groups and postings'),
(13, 'rdf', 'Resource Description Framework URI'),
(12, 'rss', 'Really Simple Syndication'),
(14, 'sip', 'Session Initiation Protocol'),
(15, 'sips', 'Session Initiation Protocol Secure'),
(16, 'tag', 'Tag URI'),
(17, 'tel', 'Telephone Number'),
(18, 'telnet', ' Teletype Network'),
(19, 'tv', 'TV Broadcast'),
(20, 'urn', 'Uniform Resource Identifier');

-- --------------------------------------------------------

--
-- Table structure for table `uri_to_source_database`
--

CREATE TABLE IF NOT EXISTS `uri_to_source_database` (
  `uri_id` int(10) unsigned NOT NULL,
  `source_database_id` int(10) unsigned NOT NULL,
  PRIMARY KEY (`uri_id`,`source_database_id`),
  KEY `source_database_id` (`source_database_id`)
) ENGINE=InnoDB DEFAULT CHARSET=utf8 COMMENT='Links URIs to source databases';

--
-- Dumping data for table `uri_to_source_database`
--

INSERT INTO `uri_to_source_database` (`uri_id`, `source_database_id`) VALUES
(1, 1),
(2, 10),
(3, 16),
(4, 17),
(5, 17),
(6, 17),
(7, 18),
(8, 26),
(9, 26),
(10, 32),
(11, 67);

-- --------------------------------------------------------

--
-- Table structure for table `uri_to_taxon`
--

CREATE TABLE IF NOT EXISTS `uri_to_taxon` (
  `uri_id` int(10) unsigned NOT NULL,
  `taxon_id` int(10) unsigned NOT NULL,
  PRIMARY KEY (`uri_id`,`taxon_id`),
  KEY `taxon_id` (`taxon_id`)
) ENGINE=InnoDB DEFAULT CHARSET=utf8 COMMENT='Links URI(s) (including LSID) to taxon';

--
-- Dumping data for table `uri_to_taxon`
--

INSERT INTO `uri_to_taxon` (`uri_id`, `taxon_id`) VALUES
(11, 46),
(32, 46),
(14, 50),
(34, 50),
(15, 51),
(25, 51),
(16, 52),
(37, 52),
(17, 53),
(35, 53),
(18, 55),
(29, 55),
(19, 56),
(26, 56),
(20, 57),
(27, 57),
(21, 58),
(28, 58),
(36, 59),
(12, 60),
(33, 60),
(13, 61),
(30, 61),
(22, 62),
(31, 63),
(23, 65),
(38, 65),
(24, 66),
(39, 66),
(40, 67);
